/*
Navicat MySQL Data Transfer

Source Server         : 192.168.0.113
Source Server Version : 50560
Source Host           : 192.168.0.113:3306
Source Database       : gim-backstage

Target Server Type    : MYSQL
Target Server Version : 50560
File Encoding         : 65001

Date: 2019-09-09 18:59:34
*/

SET FOREIGN_KEY_CHECKS=0;

-- ----------------------------
-- Table structure for gen_table
-- ----------------------------
DROP TABLE IF EXISTS `gen_table`;
CREATE TABLE `gen_table` (
  `table_id` bigint(20) NOT NULL AUTO_INCREMENT COMMENT '编号',
  `table_name` varchar(200) DEFAULT '' COMMENT '表名称',
  `table_comment` varchar(500) DEFAULT '' COMMENT '表描述',
  `class_name` varchar(100) DEFAULT '' COMMENT '实体类名称',
  `tpl_category` varchar(200) DEFAULT 'crud' COMMENT '使用的模板（crud单表操作 tree树表操作）',
  `package_name` varchar(100) DEFAULT NULL COMMENT '生成包路径',
  `module_name` varchar(30) DEFAULT NULL COMMENT '生成模块名',
  `business_name` varchar(30) DEFAULT NULL COMMENT '生成业务名',
  `function_name` varchar(50) DEFAULT NULL COMMENT '生成功能名',
  `function_author` varchar(50) DEFAULT NULL COMMENT '生成功能作者',
  `options` varchar(1000) DEFAULT NULL COMMENT '其它生成选项',
  `create_by` varchar(64) DEFAULT '' COMMENT '创建者',
  `create_time` datetime DEFAULT NULL COMMENT '创建时间',
  `update_by` varchar(64) DEFAULT '' COMMENT '更新者',
  `update_time` datetime DEFAULT NULL COMMENT '更新时间',
  `remark` varchar(500) DEFAULT NULL COMMENT '备注',
  PRIMARY KEY (`table_id`)
) ENGINE=InnoDB AUTO_INCREMENT=10 DEFAULT CHARSET=utf8 COMMENT='代码生成业务表';

-- ----------------------------
-- Records of gen_table
-- ----------------------------
INSERT INTO `gen_table` VALUES ('1', 'd_object', 'POI对象表', 'DObject', 'crud', 'com.backstage.gim.business', 'business', 'dobject', 'POI', 'jack.lin', '{\"treeName\":\"\",\"treeParentCode\":\"\",\"treeCode\":\"\"}', 'admin', '2019-09-05 11:25:51', '', '2019-09-05 14:13:20', '');
INSERT INTO `gen_table` VALUES ('2', 't_config', '基础配置', 'TConfig', 'tree', 'com.backstage.gim.basics', 'basics', 'config', '基础配置', 'jack.lin', '{\"treeName\":\"code\",\"treeParentCode\":\"pid\",\"treeCode\":\"id\"}', 'admin', '2019-09-06 09:45:09', '', '2019-09-06 09:52:07', '');
INSERT INTO `gen_table` VALUES ('3', 't_model', '模型', 'TModel', 'crud', 'com.backstage.gim.basics', 'basics', 'tmodel', '3DTiles模型', 'jack.lin', '{\"treeName\":\"\",\"treeParentCode\":\"\",\"treeCode\":\"\"}', 'admin', '2019-09-06 11:48:02', '', '2019-09-06 14:21:47', '');
INSERT INTO `gen_table` VALUES ('4', 't_coregistration', '模型街景配准', 'TCoregistration', 'crud', 'com.backstage.gim.basics', 'basics', 'tcoregistration', '模型街景配准', 'jack.lin', '{\"treeName\":\"\",\"treeParentCode\":\"\",\"treeCode\":\"\"}', 'admin', '2019-09-06 17:38:30', '', '2019-09-06 19:15:56', '');
INSERT INTO `gen_table` VALUES ('5', 't_parameter', '任务表', 'TParameter', 'crud', 'com.backstage.gim.basics', 'basics', 'tparameter', '任务表', 'jack.lin', '{\"treeName\":\"\",\"treeParentCode\":\"\",\"treeCode\":\"\"}', 'admin', '2019-09-06 17:38:30', '', '2019-09-06 18:48:05', '');
INSERT INTO `gen_table` VALUES ('6', 't_provider', '外部服务', 'TProvider', 'crud', 'com.backstage.gim.basics', 'basics', 'tprovider', '外部服务', 'jack.lin', '{\"treeName\":\"\",\"treeParentCode\":\"\",\"treeCode\":\"\"}', 'admin', '2019-09-06 17:38:30', '', '2019-09-06 17:48:02', '');
INSERT INTO `gen_table` VALUES ('7', 't_road', '路线', 'TRoad', 'crud', 'com.backstage.gim.basics', 'basics', 'troad', '路线', 'jack.lin', '{\"treeName\":\"\",\"treeParentCode\":\"\",\"treeCode\":\"\"}', 'admin', '2019-09-06 17:38:30', '', '2019-09-06 19:15:25', '');
INSERT INTO `gen_table` VALUES ('8', 't_road_pos', '路线POS', 'TRoadPos', 'crud', 'com.backstage.gim.basics', 'basics', 'troadpos', '路线POS', 'jack.lin', '{\"treeName\":\"\",\"treeParentCode\":\"\",\"treeCode\":\"\"}', 'admin', '2019-09-06 17:38:30', '', '2019-09-06 19:15:33', '');
INSERT INTO `gen_table` VALUES ('9', 't_street', '全景', 'TStreet', 'crud', 'com.backstage.gim.basics', 'basics', 'tstreet', '街景', 'jack.lin', '{\"treeName\":\"\",\"treeParentCode\":\"\",\"treeCode\":\"\"}', 'admin', '2019-09-06 17:38:30', '', '2019-09-06 18:34:45', '');

-- ----------------------------
-- Table structure for gen_table_column
-- ----------------------------
DROP TABLE IF EXISTS `gen_table_column`;
CREATE TABLE `gen_table_column` (
  `column_id` bigint(20) NOT NULL AUTO_INCREMENT COMMENT '编号',
  `table_id` varchar(64) DEFAULT NULL COMMENT '归属表编号',
  `column_name` varchar(200) DEFAULT NULL COMMENT '列名称',
  `column_comment` varchar(500) DEFAULT NULL COMMENT '列描述',
  `column_type` varchar(100) DEFAULT NULL COMMENT '列类型',
  `java_type` varchar(500) DEFAULT NULL COMMENT 'JAVA类型',
  `java_field` varchar(200) DEFAULT NULL COMMENT 'JAVA字段名',
  `is_pk` char(1) DEFAULT NULL COMMENT '是否主键（1是）',
  `is_increment` char(1) DEFAULT NULL COMMENT '是否自增（1是）',
  `is_required` char(1) DEFAULT NULL COMMENT '是否必填（1是）',
  `is_insert` char(1) DEFAULT NULL COMMENT '是否为插入字段（1是）',
  `is_edit` char(1) DEFAULT NULL COMMENT '是否编辑字段（1是）',
  `is_list` char(1) DEFAULT NULL COMMENT '是否列表字段（1是）',
  `is_query` char(1) DEFAULT NULL COMMENT '是否查询字段（1是）',
  `query_type` varchar(200) DEFAULT 'EQ' COMMENT '查询方式（等于、不等于、大于、小于、范围）',
  `html_type` varchar(200) DEFAULT NULL COMMENT '显示类型（文本框、文本域、下拉框、复选框、单选框、日期控件）',
  `dict_type` varchar(200) DEFAULT '' COMMENT '字典类型',
  `sort` int(11) DEFAULT NULL COMMENT '排序',
  `create_by` varchar(64) DEFAULT '' COMMENT '创建者',
  `create_time` datetime DEFAULT NULL COMMENT '创建时间',
  `update_by` varchar(64) DEFAULT '' COMMENT '更新者',
  `update_time` datetime DEFAULT NULL COMMENT '更新时间',
  PRIMARY KEY (`column_id`)
) ENGINE=InnoDB AUTO_INCREMENT=91 DEFAULT CHARSET=utf8 COMMENT='代码生成业务表字段';

-- ----------------------------
-- Records of gen_table_column
-- ----------------------------
INSERT INTO `gen_table_column` VALUES ('1', '1', 'id', '编号', 'varchar(32)', 'String', 'id', '1', '0', null, null, '1', null, '1', 'EQ', 'input', '', '1', 'admin', '2019-09-05 11:25:51', null, '2019-09-05 14:13:20');
INSERT INTO `gen_table_column` VALUES ('2', '1', 'type', 'POI类型', 'int(2)', 'Integer', 'type', '0', '0', null, '1', '1', '1', '1', 'EQ', 'select', 'business_poi_type', '2', 'admin', '2019-09-05 11:25:51', null, '2019-09-05 14:13:20');
INSERT INTO `gen_table_column` VALUES ('3', '1', 'lon', '经度', 'double(18,11)', 'Double', 'lon', '0', '0', null, '1', '1', '1', '1', 'LIKE', 'input', '', '3', 'admin', '2019-09-05 11:25:51', null, '2019-09-05 14:13:20');
INSERT INTO `gen_table_column` VALUES ('4', '1', 'lat', '纬度', 'double(18,11)', 'Double', 'lat', '0', '0', null, '1', '1', '1', '1', 'LIKE', 'input', '', '4', 'admin', '2019-09-05 11:25:51', null, '2019-09-05 14:13:20');
INSERT INTO `gen_table_column` VALUES ('5', '1', 'alt', '海拔', 'double(18,11)', 'Double', 'alt', '0', '0', null, '1', '1', '1', '1', 'LIKE', 'input', '', '5', 'admin', '2019-09-05 11:25:51', null, '2019-09-05 14:13:20');
INSERT INTO `gen_table_column` VALUES ('6', '1', 'attr', '属性', 'longtext', 'String', 'attr', '0', '0', null, '1', '1', null, null, 'EQ', 'textarea', '', '6', 'admin', '2019-09-05 11:25:51', null, '2019-09-05 14:13:20');
INSERT INTO `gen_table_column` VALUES ('7', '1', 'is_valid', '是否有效', 'tinyint(2)', 'Integer', 'isValid', '0', '0', null, '1', '1', '1', '1', 'EQ', 'input', 'gim_valid_status', '7', 'admin', '2019-09-05 11:25:51', null, '2019-09-05 14:13:20');
INSERT INTO `gen_table_column` VALUES ('8', '2', 'id', '编号', 'varchar(16)', 'String', 'id', '1', '0', null, '1', null, '1', null, 'EQ', 'input', '', '1', 'admin', '2019-09-06 09:45:09', null, '2019-09-06 09:52:07');
INSERT INTO `gen_table_column` VALUES ('9', '2', 'pid', '父级', 'varchar(16)', 'String', 'pid', '0', '0', null, '1', '1', '1', '1', 'EQ', 'select', '', '2', 'admin', '2019-09-06 09:45:09', null, '2019-09-06 09:52:07');
INSERT INTO `gen_table_column` VALUES ('10', '2', 'code', '编码', 'varchar(32)', 'String', 'code', '0', '0', null, '1', '1', '1', '1', 'EQ', 'input', '', '3', 'admin', '2019-09-06 09:45:09', null, '2019-09-06 09:52:07');
INSERT INTO `gen_table_column` VALUES ('11', '2', 'type', '值类型', 'varchar(16)', 'String', 'type', '0', '0', null, '1', '1', '1', '1', 'EQ', 'input', '', '4', 'admin', '2019-09-06 09:45:09', null, '2019-09-06 09:52:07');
INSERT INTO `gen_table_column` VALUES ('12', '2', 'value', '值', 'varchar(200)', 'String', 'value', '0', '0', null, '1', '1', '1', '1', 'LIKE', 'input', '', '5', 'admin', '2019-09-06 09:45:09', null, '2019-09-06 09:52:07');
INSERT INTO `gen_table_column` VALUES ('13', '2', 'sort', '顺序', 'int(11)', 'Long', 'sort', '0', '0', null, '1', '1', '1', '1', 'EQ', 'input', '', '6', 'admin', '2019-09-06 09:45:09', null, '2019-09-06 09:52:07');
INSERT INTO `gen_table_column` VALUES ('14', '2', 'isuse', '是否使用：0否，1是', 'tinyint(4)', 'Integer', 'isuse', '0', '0', null, '1', '1', '1', '1', 'EQ', 'radio', '', '7', 'admin', '2019-09-06 09:45:09', null, '2019-09-06 09:52:07');
INSERT INTO `gen_table_column` VALUES ('15', '2', 'desc', '说明', 'varchar(32)', 'String', 'desc', '0', '0', null, '1', '1', '1', '1', 'EQ', 'textarea', '', '8', 'admin', '2019-09-06 09:45:09', null, '2019-09-06 09:52:07');
INSERT INTO `gen_table_column` VALUES ('16', '3', 'id', '编号', 'varchar(32)', 'String', 'id', '1', '0', '1', '1', null, null, null, 'EQ', 'input', '', '1', 'admin', '2019-09-06 11:48:02', null, '2019-09-06 14:21:47');
INSERT INTO `gen_table_column` VALUES ('17', '3', 'model_type', '模型类型', 'varchar(16)', 'String', 'modelType', '0', '0', '1', '1', '1', '1', '1', 'EQ', 'select', 'gim_model_type', '2', 'admin', '2019-09-06 11:48:02', null, '2019-09-06 14:21:47');
INSERT INTO `gen_table_column` VALUES ('18', '3', 'batch_id', '批次号', 'varchar(32)', 'String', 'batchId', '0', '0', '1', '1', '1', '1', '1', 'LIKE', 'input', '', '3', 'admin', '2019-09-06 11:48:02', null, '2019-09-06 14:21:47');
INSERT INTO `gen_table_column` VALUES ('19', '3', 'name', '模型名称', 'varchar(32)', 'String', 'name', '0', '0', '1', '1', '1', '1', '1', 'LIKE', 'input', '', '4', 'admin', '2019-09-06 11:48:02', null, '2019-09-06 14:21:47');
INSERT INTO `gen_table_column` VALUES ('20', '3', 'lon', '经度', 'double(18,11)', 'Double', 'lon', '0', '0', '1', '1', '1', '1', '1', 'EQ', 'input', '', '5', 'admin', '2019-09-06 11:48:02', null, '2019-09-06 14:21:47');
INSERT INTO `gen_table_column` VALUES ('21', '3', 'lat', '纬度', 'double(18,11)', 'Double', 'lat', '0', '0', null, '1', '1', '1', '1', 'EQ', 'input', '', '6', 'admin', '2019-09-06 11:48:02', null, '2019-09-06 14:21:47');
INSERT INTO `gen_table_column` VALUES ('22', '3', 'lower_lon', '下角经度', 'double(18,11)', 'Double', 'lowerLon', '0', '0', null, '1', '1', '1', '1', 'EQ', 'input', '', '7', 'admin', '2019-09-06 11:48:02', null, '2019-09-06 14:21:47');
INSERT INTO `gen_table_column` VALUES ('23', '3', 'lower_lat', '下角纬度', 'double(18,11)', 'Double', 'lowerLat', '0', '0', null, '1', '1', '1', '1', 'EQ', 'input', '', '8', 'admin', '2019-09-06 11:48:02', null, '2019-09-06 14:21:47');
INSERT INTO `gen_table_column` VALUES ('24', '3', 'upper_lon', '上角经度', 'double(18,11)', 'Double', 'upperLon', '0', '0', null, '1', '1', '1', '1', 'EQ', 'input', '', '9', 'admin', '2019-09-06 11:48:02', null, '2019-09-06 14:21:47');
INSERT INTO `gen_table_column` VALUES ('25', '3', 'upper_lat', '上角纬度', 'double(18,11)', 'Double', 'upperLat', '0', '0', null, '1', '1', '1', '1', 'EQ', 'input', '', '10', 'admin', '2019-09-06 11:48:02', null, '2019-09-06 14:21:47');
INSERT INTO `gen_table_column` VALUES ('26', '3', 'path', '模型根路径（根目录或根文件）', 'varchar(255)', 'String', 'path', '0', '0', null, '1', '1', '1', '1', 'LIKE', 'input', '', '11', 'admin', '2019-09-06 11:48:02', null, '2019-09-06 14:21:47');
INSERT INTO `gen_table_column` VALUES ('27', '3', 'shift_X', '位移X', 'double(18,11)', 'Double', 'shiftX', '0', '0', null, '1', '1', '1', '1', 'EQ', 'input', '', '12', 'admin', '2019-09-06 11:48:02', null, '2019-09-06 14:21:47');
INSERT INTO `gen_table_column` VALUES ('28', '3', 'shift_Y', '位移Y', 'double(18,11)', 'Double', 'shiftY', '0', '0', null, '1', '1', '1', '1', 'EQ', 'input', '', '13', 'admin', '2019-09-06 11:48:02', null, '2019-09-06 14:21:47');
INSERT INTO `gen_table_column` VALUES ('29', '3', 'shift_Z', '位移Z', 'double(18,11)', 'Double', 'shiftZ', '0', '0', null, '1', '1', '1', '1', 'EQ', 'input', '', '14', 'admin', '2019-09-06 11:48:02', null, '2019-09-06 14:21:47');
INSERT INTO `gen_table_column` VALUES ('30', '3', 'rotation_X', '旋转X', 'double(18,11)', 'Double', 'rotationX', '0', '0', null, '1', '1', '1', '1', 'EQ', 'input', '', '15', 'admin', '2019-09-06 11:48:02', null, '2019-09-06 14:21:47');
INSERT INTO `gen_table_column` VALUES ('31', '3', 'rotation_Y', '旋转Y', 'double(18,11)', 'Double', 'rotationY', '0', '0', null, '1', '1', '1', '1', 'EQ', 'input', '', '16', 'admin', '2019-09-06 11:48:02', null, '2019-09-06 14:21:47');
INSERT INTO `gen_table_column` VALUES ('32', '3', 'rotation_Z', '旋转Z', 'double(18,11)', 'Double', 'rotationZ', '0', '0', null, '1', '1', '1', '1', 'EQ', 'input', '', '17', 'admin', '2019-09-06 11:48:02', null, '2019-09-06 14:21:47');
INSERT INTO `gen_table_column` VALUES ('33', '3', 'scale_X', '缩放X', 'double(18,11)', 'Double', 'scaleX', '0', '0', null, '1', '1', '1', '1', 'EQ', 'input', '', '18', 'admin', '2019-09-06 11:48:02', null, '2019-09-06 14:21:47');
INSERT INTO `gen_table_column` VALUES ('34', '3', 'scale_Y', '缩放Y', 'double(18,11)', 'Double', 'scaleY', '0', '0', null, '1', '1', '1', '1', 'EQ', 'input', '', '19', 'admin', '2019-09-06 11:48:02', null, '2019-09-06 14:21:47');
INSERT INTO `gen_table_column` VALUES ('35', '3', 'scale_Z', '缩放Z', 'double(18,11)', 'Double', 'scaleZ', '0', '0', null, '1', '1', '1', '1', 'EQ', 'input', '', '20', 'admin', '2019-09-06 11:48:02', null, '2019-09-06 14:21:47');
INSERT INTO `gen_table_column` VALUES ('36', '3', 'is_valid', '是否有效', 'tinyint(2)', 'Integer', 'isValid', '0', '0', null, '1', '1', '1', '1', 'EQ', 'input', 'gim_valid_status', '21', 'admin', '2019-09-06 11:48:02', null, '2019-09-06 14:21:47');
INSERT INTO `gen_table_column` VALUES ('37', '4', 'id', '配准编号', 'varchar(32)', 'String', 'id', '1', '0', null, '1', null, null, null, 'EQ', 'input', '', '1', 'admin', '2019-09-06 17:38:30', null, '2019-09-06 19:15:56');
INSERT INTO `gen_table_column` VALUES ('38', '4', 'batch_id', '批次号', 'varchar(32)', 'String', 'batchId', '0', '0', null, '1', '1', '1', '1', 'EQ', 'input', '', '2', 'admin', '2019-09-06 17:38:30', null, '2019-09-06 19:15:56');
INSERT INTO `gen_table_column` VALUES ('39', '4', 'model_id', '模型编号', 'varchar(32)', 'String', 'modelId', '0', '0', null, '1', '1', '1', '1', 'EQ', 'input', '', '3', 'admin', '2019-09-06 17:38:30', null, '2019-09-06 19:15:56');
INSERT INTO `gen_table_column` VALUES ('40', '4', 'pano_id', '全景编号', 'varchar(32)', 'String', 'panoId', '0', '0', null, '1', '1', '1', '1', 'EQ', 'input', '', '4', 'admin', '2019-09-06 17:38:30', null, '2019-09-06 19:15:56');
INSERT INTO `gen_table_column` VALUES ('41', '4', 'calib_L', '全景经度', 'double(18,11)', 'Double', 'calibL', '0', '0', null, '1', '1', null, null, 'EQ', 'input', '', '5', 'admin', '2019-09-06 17:38:30', null, '2019-09-06 19:15:56');
INSERT INTO `gen_table_column` VALUES ('42', '4', 'calib_B', '全景纬度', 'double(18,11)', 'Double', 'calibB', '0', '0', null, '1', '1', null, null, 'EQ', 'input', '', '6', 'admin', '2019-09-06 17:38:30', null, '2019-09-06 19:15:56');
INSERT INTO `gen_table_column` VALUES ('43', '4', 'calib_H', '全景高度', 'double(18,11)', 'Double', 'calibH', '0', '0', null, '1', '1', null, null, 'EQ', 'input', '', '7', 'admin', '2019-09-06 17:38:30', null, '2019-09-06 19:15:56');
INSERT INTO `gen_table_column` VALUES ('44', '4', 'model_Y', '全景Y', 'double(18,11)', 'Double', 'modelY', '0', '0', null, '1', '1', null, null, 'EQ', 'input', '', '8', 'admin', '2019-09-06 17:38:30', null, '2019-09-06 19:15:56');
INSERT INTO `gen_table_column` VALUES ('45', '4', 'model_P', '全景P', 'double(18,11)', 'Double', 'modelP', '0', '0', null, '1', '1', null, null, 'EQ', 'input', '', '9', 'admin', '2019-09-06 17:38:30', null, '2019-09-06 19:15:56');
INSERT INTO `gen_table_column` VALUES ('46', '4', 'model_R', '全景R', 'double(18,11)', 'Double', 'modelR', '0', '0', null, '1', '1', null, null, 'EQ', 'input', '', '10', 'admin', '2019-09-06 17:38:30', null, '2019-09-06 19:15:56');
INSERT INTO `gen_table_column` VALUES ('47', '4', 'pano_depth', '深度图', 'varchar(64)', 'String', 'panoDepth', '0', '0', null, '1', '1', null, null, 'EQ', 'input', '', '11', 'admin', '2019-09-06 17:38:30', null, '2019-09-06 19:15:56');
INSERT INTO `gen_table_column` VALUES ('48', '4', 'score', '配准评分', 'double(18,11)', 'Double', 'score', '0', '0', null, '1', '1', '1', null, 'GTE', 'input', '', '12', 'admin', '2019-09-06 17:38:30', null, '2019-09-06 19:15:56');
INSERT INTO `gen_table_column` VALUES ('49', '4', 'is_valid', '是否有效', 'tinyint(2)', 'Integer', 'isValid', '0', '0', null, '1', '1', '1', '1', 'EQ', 'select', 'gim_valid_status', '13', 'admin', '2019-09-06 17:38:30', null, '2019-09-06 19:15:56');
INSERT INTO `gen_table_column` VALUES ('50', '5', 'id', '编号', 'int(11)', 'Long', 'id', '1', '1', null, '1', null, null, null, 'EQ', 'input', '', '1', 'admin', '2019-09-06 17:38:30', null, '2019-09-06 18:48:05');
INSERT INTO `gen_table_column` VALUES ('51', '5', 'root_id', '根编号', 'varchar(32)', 'String', 'rootId', '0', '0', null, '1', '1', '1', '1', 'EQ', 'input', '', '2', 'admin', '2019-09-06 17:38:30', null, '2019-09-06 18:48:05');
INSERT INTO `gen_table_column` VALUES ('52', '5', 'batch_id', '批次号', 'varchar(32)', 'String', 'batchId', '0', '0', null, '1', '1', '1', '1', 'EQ', 'input', '', '3', 'admin', '2019-09-06 17:38:30', null, '2019-09-06 18:48:05');
INSERT INTO `gen_table_column` VALUES ('53', '5', 'data_type', '数据类型', 'varchar(32)', 'String', 'dataType', '0', '0', null, '1', '1', '1', '1', 'EQ', 'select', 'gim_data_type', '4', 'admin', '2019-09-06 17:38:30', null, '2019-09-06 18:48:05');
INSERT INTO `gen_table_column` VALUES ('54', '5', 'unit', '单位/部门', 'varchar(32)', 'String', 'unit', '0', '0', null, '1', '1', '1', '1', 'EQ', 'input', '', '5', 'admin', '2019-09-06 17:38:30', null, '2019-09-06 18:48:05');
INSERT INTO `gen_table_column` VALUES ('55', '5', 'operater', '作业人', 'varchar(32)', 'String', 'operater', '0', '0', null, '1', '1', '1', '1', 'EQ', 'input', '', '6', 'admin', '2019-09-06 17:38:30', null, '2019-09-06 18:48:05');
INSERT INTO `gen_table_column` VALUES ('56', '5', 'optime', '作业时间', 'varchar(32)', 'String', 'optime', '0', '0', null, '1', '1', '1', null, 'EQ', 'input', '', '7', 'admin', '2019-09-06 17:38:30', null, '2019-09-06 18:48:05');
INSERT INTO `gen_table_column` VALUES ('57', '5', 'root', '数据根路径', 'varchar(32)', 'String', 'root', '0', '0', null, '1', '1', null, null, 'EQ', 'input', '', '8', 'admin', '2019-09-06 17:38:30', null, '2019-09-06 18:48:05');
INSERT INTO `gen_table_column` VALUES ('58', '5', 'metadata', '元数据路径', 'varchar(32)', 'String', 'metadata', '0', '0', null, '1', '1', null, null, 'EQ', 'input', '', '9', 'admin', '2019-09-06 17:38:30', null, '2019-09-06 18:48:05');
INSERT INTO `gen_table_column` VALUES ('59', '5', 'metadata_encry', '元数据加密方式', 'varchar(32)', 'String', 'metadataEncry', '0', '0', null, '1', '1', null, null, 'EQ', 'input', '', '10', 'admin', '2019-09-06 17:38:30', null, '2019-09-06 18:48:05');
INSERT INTO `gen_table_column` VALUES ('60', '5', 'version', '文件版本号', 'varchar(32)', 'String', 'version', '0', '0', null, '1', '1', '1', null, 'EQ', 'input', '', '11', 'admin', '2019-09-06 17:38:30', null, '2019-09-06 18:48:05');
INSERT INTO `gen_table_column` VALUES ('61', '6', 'id', 'ID', 'varchar(32)', 'String', 'id', '1', '0', null, '1', null, null, null, 'EQ', 'input', '', '1', 'admin', '2019-09-06 17:38:30', null, '2019-09-06 17:48:03');
INSERT INTO `gen_table_column` VALUES ('62', '6', 'type', '类型', 'varchar(32)', 'String', 'type', '0', '0', null, '1', '1', '1', '1', 'EQ', 'select', 'gim_provider_type', '2', 'admin', '2019-09-06 17:38:30', null, '2019-09-06 17:48:03');
INSERT INTO `gen_table_column` VALUES ('63', '6', 'name', '名称', 'varchar(32)', 'String', 'name', '0', '0', null, '1', '1', '1', '1', 'LIKE', 'input', '', '3', 'admin', '2019-09-06 17:38:30', null, '2019-09-06 17:48:03');
INSERT INTO `gen_table_column` VALUES ('64', '6', 'url', '服务地址', 'varchar(255)', 'String', 'url', '0', '0', null, '1', '1', '1', '1', 'LIKE', 'input', '', '4', 'admin', '2019-09-06 17:38:30', null, '2019-09-06 17:48:03');
INSERT INTO `gen_table_column` VALUES ('65', '6', 'field', '属性', 'varchar(255)', 'String', 'field', '0', '0', null, '1', '1', '1', null, 'EQ', 'input', '', '5', 'admin', '2019-09-06 17:38:30', null, '2019-09-06 17:48:03');
INSERT INTO `gen_table_column` VALUES ('66', '6', 'is_valid', '是否有效', 'tinyint(2)', 'Integer', 'isValid', '0', '0', null, '1', '1', '1', '1', 'EQ', 'select', 'gim_valid_status', '6', 'admin', '2019-09-06 17:38:30', null, '2019-09-06 17:48:03');
INSERT INTO `gen_table_column` VALUES ('67', '7', 'id', '编号', 'varchar(32)', 'String', 'id', '1', '0', null, '1', null, '1', '1', 'EQ', 'input', '', '1', 'admin', '2019-09-06 17:38:30', null, '2019-09-06 19:15:25');
INSERT INTO `gen_table_column` VALUES ('68', '7', 'name', '名称', 'varchar(32)', 'String', 'name', '0', '0', null, '1', '1', '1', '1', 'LIKE', 'input', '', '2', 'admin', '2019-09-06 17:38:30', null, '2019-09-06 19:15:25');
INSERT INTO `gen_table_column` VALUES ('69', '7', 'width', '路宽', 'double(18,2)', 'Double', 'width', '0', '0', null, '1', '1', '1', '1', 'EQ', 'input', '', '3', 'admin', '2019-09-06 17:38:30', null, '2019-09-06 19:15:25');
INSERT INTO `gen_table_column` VALUES ('70', '7', 'is_valid', '是否有效', 'tinyint(2)', 'Integer', 'isValid', '0', '0', null, '1', '1', '1', '1', 'EQ', 'select', 'gim_valid_status', '4', 'admin', '2019-09-06 17:38:30', null, '2019-09-06 19:15:25');
INSERT INTO `gen_table_column` VALUES ('71', '8', 'id', '编号', 'int(11)', 'Long', 'id', '1', '1', null, '1', null, '1', null, 'EQ', 'input', '', '1', 'admin', '2019-09-06 17:38:30', null, '2019-09-06 19:15:33');
INSERT INTO `gen_table_column` VALUES ('72', '8', 'road_id', '路线编号', 'varchar(32)', 'String', 'roadId', '0', '0', null, '1', '1', '1', '1', 'EQ', 'input', '', '2', 'admin', '2019-09-06 17:38:30', null, '2019-09-06 19:15:33');
INSERT INTO `gen_table_column` VALUES ('73', '8', 'lon', '经度', 'double(18,11)', 'Double', 'lon', '0', '0', null, '1', '1', '1', null, 'EQ', 'input', '', '3', 'admin', '2019-09-06 17:38:30', null, '2019-09-06 19:15:33');
INSERT INTO `gen_table_column` VALUES ('74', '8', 'lat', '纬度', 'double(18,11)', 'Double', 'lat', '0', '0', null, '1', '1', '1', null, 'EQ', 'input', '', '4', 'admin', '2019-09-06 17:38:30', null, '2019-09-06 19:15:33');
INSERT INTO `gen_table_column` VALUES ('75', '8', 'alt', '海拔', 'double(18,11)', 'Double', 'alt', '0', '0', null, '1', '1', '1', null, 'EQ', 'input', '', '5', 'admin', '2019-09-06 17:38:30', null, '2019-09-06 19:15:33');
INSERT INTO `gen_table_column` VALUES ('76', '8', 'sort', '顺序', 'tinyint(6)', 'Integer', 'sort', '0', '0', null, '1', '1', '1', null, 'EQ', 'input', '', '6', 'admin', '2019-09-06 17:38:30', null, '2019-09-06 19:15:33');
INSERT INTO `gen_table_column` VALUES ('77', '9', 'id', '编号', 'varchar(32)', 'String', 'id', '1', '0', null, '1', null, '1', '1', 'LIKE', 'input', '', '1', 'admin', '2019-09-06 17:38:30', null, '2019-09-06 18:34:45');
INSERT INTO `gen_table_column` VALUES ('78', '9', 'batch_id', '批次号', 'varchar(32)', 'String', 'batchId', '0', '0', null, '1', '1', '1', '1', 'LIKE', 'input', '', '2', 'admin', '2019-09-06 17:38:30', null, '2019-09-06 18:34:45');
INSERT INTO `gen_table_column` VALUES ('79', '9', 'task_id', '任务编号', 'varchar(32)', 'String', 'taskId', '0', '0', null, '1', '1', '1', '1', 'LIKE', 'input', '', '3', 'admin', '2019-09-06 17:38:30', null, '2019-09-06 18:34:45');
INSERT INTO `gen_table_column` VALUES ('80', '9', 'split_level', '分块级别', 'tinyint(2)', 'Integer', 'splitLevel', '0', '0', null, '1', '1', '1', null, 'EQ', 'select', 'gim_split_level', '4', 'admin', '2019-09-06 17:38:30', null, '2019-09-06 18:34:45');
INSERT INTO `gen_table_column` VALUES ('81', '9', 'scene_type', '场景类型', 'tinyint(2)', 'Integer', 'sceneType', '0', '0', null, '1', '1', '1', '1', 'EQ', 'select', 'gim_scene_type', '5', 'admin', '2019-09-06 17:38:30', null, '2019-09-06 18:34:45');
INSERT INTO `gen_table_column` VALUES ('82', '9', 'pano_type', '街景类型', 'tinyint(2)', 'Integer', 'panoType', '0', '0', null, '1', '1', '1', '1', 'EQ', 'select', 'gim_pano_type', '6', 'admin', '2019-09-06 17:38:30', null, '2019-09-06 18:34:45');
INSERT INTO `gen_table_column` VALUES ('83', '9', 'lon', '经度', 'double(18,11)', 'Double', 'lon', '0', '0', null, '1', '1', null, null, 'EQ', 'input', '', '7', 'admin', '2019-09-06 17:38:30', null, '2019-09-06 18:34:45');
INSERT INTO `gen_table_column` VALUES ('84', '9', 'lat', '纬度', 'double(18,11)', 'Double', 'lat', '0', '0', null, '1', '1', null, null, 'EQ', 'input', '', '8', 'admin', '2019-09-06 17:38:30', null, '2019-09-06 18:34:45');
INSERT INTO `gen_table_column` VALUES ('85', '9', 'alt', '海拔', 'double(18,11)', 'Double', 'alt', '0', '0', null, '1', '1', null, null, 'EQ', 'input', '', '9', 'admin', '2019-09-06 17:38:30', null, '2019-09-06 18:34:45');
INSERT INTO `gen_table_column` VALUES ('86', '9', 'pitch', '俯仰角', 'double(18,11)', 'Double', 'pitch', '0', '0', null, '1', '1', null, null, 'EQ', 'input', '', '10', 'admin', '2019-09-06 17:38:30', null, '2019-09-06 18:34:45');
INSERT INTO `gen_table_column` VALUES ('87', '9', 'roll', '横滚角', 'double(18,11)', 'Double', 'roll', '0', '0', null, '1', '1', null, null, 'EQ', 'input', '', '11', 'admin', '2019-09-06 17:38:30', null, '2019-09-06 18:34:45');
INSERT INTO `gen_table_column` VALUES ('88', '9', 'yaw', '偏航角', 'double(18,11)', 'Double', 'yaw', '0', '0', null, '1', '1', null, null, 'EQ', 'input', '', '12', 'admin', '2019-09-06 17:38:30', null, '2019-09-06 18:34:45');
INSERT INTO `gen_table_column` VALUES ('89', '9', 'time', '采集时间', 'varchar(32)', 'String', 'time', '0', '0', null, '1', '1', '1', null, 'EQ', 'input', '', '13', 'admin', '2019-09-06 17:38:30', null, '2019-09-06 18:34:45');
INSERT INTO `gen_table_column` VALUES ('90', '9', 'is_valid', '是否有效', 'tinyint(2)', 'Integer', 'isValid', '0', '0', null, '1', '1', '1', '1', 'EQ', 'select', 'gim_valid_status', '14', 'admin', '2019-09-06 17:38:30', null, '2019-09-06 18:34:45');

-- ----------------------------
-- Table structure for QRTZ_BLOB_TRIGGERS
-- ----------------------------
DROP TABLE IF EXISTS `QRTZ_BLOB_TRIGGERS`;
CREATE TABLE `QRTZ_BLOB_TRIGGERS` (
  `sched_name` varchar(120) NOT NULL,
  `trigger_name` varchar(200) NOT NULL,
  `trigger_group` varchar(200) NOT NULL,
  `blob_data` blob,
  PRIMARY KEY (`sched_name`,`trigger_name`,`trigger_group`),
  CONSTRAINT `QRTZ_BLOB_TRIGGERS_ibfk_1` FOREIGN KEY (`sched_name`, `trigger_name`, `trigger_group`) REFERENCES `QRTZ_TRIGGERS` (`sched_name`, `trigger_name`, `trigger_group`)
) ENGINE=InnoDB DEFAULT CHARSET=utf8;

-- ----------------------------
-- Records of QRTZ_BLOB_TRIGGERS
-- ----------------------------

-- ----------------------------
-- Table structure for QRTZ_CALENDARS
-- ----------------------------
DROP TABLE IF EXISTS `QRTZ_CALENDARS`;
CREATE TABLE `QRTZ_CALENDARS` (
  `sched_name` varchar(120) NOT NULL,
  `calendar_name` varchar(200) NOT NULL,
  `calendar` blob NOT NULL,
  PRIMARY KEY (`sched_name`,`calendar_name`)
) ENGINE=InnoDB DEFAULT CHARSET=utf8;

-- ----------------------------
-- Records of QRTZ_CALENDARS
-- ----------------------------

-- ----------------------------
-- Table structure for QRTZ_CRON_TRIGGERS
-- ----------------------------
DROP TABLE IF EXISTS `QRTZ_CRON_TRIGGERS`;
CREATE TABLE `QRTZ_CRON_TRIGGERS` (
  `sched_name` varchar(120) NOT NULL,
  `trigger_name` varchar(200) NOT NULL,
  `trigger_group` varchar(200) NOT NULL,
  `cron_expression` varchar(200) NOT NULL,
  `time_zone_id` varchar(80) DEFAULT NULL,
  PRIMARY KEY (`sched_name`,`trigger_name`,`trigger_group`),
  CONSTRAINT `QRTZ_CRON_TRIGGERS_ibfk_1` FOREIGN KEY (`sched_name`, `trigger_name`, `trigger_group`) REFERENCES `QRTZ_TRIGGERS` (`sched_name`, `trigger_name`, `trigger_group`)
) ENGINE=InnoDB DEFAULT CHARSET=utf8;

-- ----------------------------
-- Records of QRTZ_CRON_TRIGGERS
-- ----------------------------
INSERT INTO `QRTZ_CRON_TRIGGERS` VALUES ('BackstageScheduler', 'TASK_CLASS_NAME1', 'DEFAULT', '0/10 * * * * ?', 'Asia/Shanghai');
INSERT INTO `QRTZ_CRON_TRIGGERS` VALUES ('BackstageScheduler', 'TASK_CLASS_NAME2', 'DEFAULT', '0/15 * * * * ?', 'Asia/Shanghai');
INSERT INTO `QRTZ_CRON_TRIGGERS` VALUES ('BackstageScheduler', 'TASK_CLASS_NAME3', 'DEFAULT', '0/20 * * * * ?', 'Asia/Shanghai');

-- ----------------------------
-- Table structure for QRTZ_FIRED_TRIGGERS
-- ----------------------------
DROP TABLE IF EXISTS `QRTZ_FIRED_TRIGGERS`;
CREATE TABLE `QRTZ_FIRED_TRIGGERS` (
  `sched_name` varchar(120) NOT NULL,
  `entry_id` varchar(95) NOT NULL,
  `trigger_name` varchar(200) NOT NULL,
  `trigger_group` varchar(200) NOT NULL,
  `instance_name` varchar(200) NOT NULL,
  `fired_time` bigint(13) NOT NULL,
  `sched_time` bigint(13) NOT NULL,
  `priority` int(11) NOT NULL,
  `state` varchar(16) NOT NULL,
  `job_name` varchar(200) DEFAULT NULL,
  `job_group` varchar(200) DEFAULT NULL,
  `is_nonconcurrent` varchar(1) DEFAULT NULL,
  `requests_recovery` varchar(1) DEFAULT NULL,
  PRIMARY KEY (`sched_name`,`entry_id`)
) ENGINE=InnoDB DEFAULT CHARSET=utf8;

-- ----------------------------
-- Records of QRTZ_FIRED_TRIGGERS
-- ----------------------------

-- ----------------------------
-- Table structure for QRTZ_JOB_DETAILS
-- ----------------------------
DROP TABLE IF EXISTS `QRTZ_JOB_DETAILS`;
CREATE TABLE `QRTZ_JOB_DETAILS` (
  `sched_name` varchar(120) NOT NULL,
  `job_name` varchar(200) NOT NULL,
  `job_group` varchar(200) NOT NULL,
  `description` varchar(250) DEFAULT NULL,
  `job_class_name` varchar(250) NOT NULL,
  `is_durable` varchar(1) NOT NULL,
  `is_nonconcurrent` varchar(1) NOT NULL,
  `is_update_data` varchar(1) NOT NULL,
  `requests_recovery` varchar(1) NOT NULL,
  `job_data` blob,
  PRIMARY KEY (`sched_name`,`job_name`,`job_group`)
) ENGINE=InnoDB DEFAULT CHARSET=utf8;

-- ----------------------------
-- Records of QRTZ_JOB_DETAILS
-- ----------------------------
INSERT INTO `QRTZ_JOB_DETAILS` VALUES ('BackstageScheduler', 'TASK_CLASS_NAME1', 'DEFAULT', null, 'com.backstage.quartz.util.QuartzDisallowConcurrentExecution', '0', '1', '0', '0', 0xACED0005737200156F72672E71756172747A2E4A6F62446174614D61709FB083E8BFA9B0CB020000787200266F72672E71756172747A2E7574696C732E537472696E674B65794469727479466C61674D61708208E8C3FBC55D280200015A0013616C6C6F77735472616E7369656E74446174617872001D6F72672E71756172747A2E7574696C732E4469727479466C61674D617013E62EAD28760ACE0200025A000564697274794C00036D617074000F4C6A6176612F7574696C2F4D61703B787001737200116A6176612E7574696C2E486173684D61700507DAC1C31660D103000246000A6C6F6164466163746F724900097468726573686F6C6478703F4000000000000C7708000000100000000174000F5441534B5F50524F5045525449455373720022636F6D2E6261636B73746167652E71756172747A2E646F6D61696E2E5379734A6F6200000000000000010200084C000A636F6E63757272656E747400124C6A6176612F6C616E672F537472696E673B4C000E63726F6E45787072657373696F6E71007E00094C000C696E766F6B6554617267657471007E00094C00086A6F6247726F757071007E00094C00056A6F6249647400104C6A6176612F6C616E672F4C6F6E673B4C00076A6F624E616D6571007E00094C000D6D697366697265506F6C69637971007E00094C000673746174757371007E00097872002B636F6D2E6261636B73746167652E636F6D6D6F6E2E636F72652E646F6D61696E2E42617365456E7469747900000000000000010200074C0008637265617465427971007E00094C000A63726561746554696D657400104C6A6176612F7574696C2F446174653B4C0006706172616D7371007E00034C000672656D61726B71007E00094C000B73656172636856616C756571007E00094C0008757064617465427971007E00094C000A75706461746554696D6571007E000C787074000561646D696E7372000E6A6176612E7574696C2E44617465686A81014B59741903000078707708000001622CDE29E078707400007070707400013174000E302F3130202A202A202A202A203F74001172795461736B2E72794E6F506172616D7374000744454641554C547372000E6A6176612E6C616E672E4C6F6E673B8BE490CC8F23DF0200014A000576616C7565787200106A6176612E6C616E672E4E756D62657286AC951D0B94E08B02000078700000000000000001740018E7B3BBE7BB9FE9BB98E8AEA4EFBC88E697A0E58F82EFBC8974000133740001317800);
INSERT INTO `QRTZ_JOB_DETAILS` VALUES ('BackstageScheduler', 'TASK_CLASS_NAME2', 'DEFAULT', null, 'com.backstage.quartz.util.QuartzDisallowConcurrentExecution', '0', '1', '0', '0', 0xACED0005737200156F72672E71756172747A2E4A6F62446174614D61709FB083E8BFA9B0CB020000787200266F72672E71756172747A2E7574696C732E537472696E674B65794469727479466C61674D61708208E8C3FBC55D280200015A0013616C6C6F77735472616E7369656E74446174617872001D6F72672E71756172747A2E7574696C732E4469727479466C61674D617013E62EAD28760ACE0200025A000564697274794C00036D617074000F4C6A6176612F7574696C2F4D61703B787001737200116A6176612E7574696C2E486173684D61700507DAC1C31660D103000246000A6C6F6164466163746F724900097468726573686F6C6478703F4000000000000C7708000000100000000174000F5441534B5F50524F5045525449455373720022636F6D2E6261636B73746167652E71756172747A2E646F6D61696E2E5379734A6F6200000000000000010200084C000A636F6E63757272656E747400124C6A6176612F6C616E672F537472696E673B4C000E63726F6E45787072657373696F6E71007E00094C000C696E766F6B6554617267657471007E00094C00086A6F6247726F757071007E00094C00056A6F6249647400104C6A6176612F6C616E672F4C6F6E673B4C00076A6F624E616D6571007E00094C000D6D697366697265506F6C69637971007E00094C000673746174757371007E00097872002B636F6D2E6261636B73746167652E636F6D6D6F6E2E636F72652E646F6D61696E2E42617365456E7469747900000000000000010200074C0008637265617465427971007E00094C000A63726561746554696D657400104C6A6176612F7574696C2F446174653B4C0006706172616D7371007E00034C000672656D61726B71007E00094C000B73656172636856616C756571007E00094C0008757064617465427971007E00094C000A75706461746554696D6571007E000C787074000561646D696E7372000E6A6176612E7574696C2E44617465686A81014B59741903000078707708000001622CDE29E078707400007070707400013174000E302F3135202A202A202A202A203F74001572795461736B2E7279506172616D7328277279272974000744454641554C547372000E6A6176612E6C616E672E4C6F6E673B8BE490CC8F23DF0200014A000576616C7565787200106A6176612E6C616E672E4E756D62657286AC951D0B94E08B02000078700000000000000002740018E7B3BBE7BB9FE9BB98E8AEA4EFBC88E69C89E58F82EFBC8974000133740001317800);
INSERT INTO `QRTZ_JOB_DETAILS` VALUES ('BackstageScheduler', 'TASK_CLASS_NAME3', 'DEFAULT', null, 'com.backstage.quartz.util.QuartzDisallowConcurrentExecution', '0', '1', '0', '0', 0xACED0005737200156F72672E71756172747A2E4A6F62446174614D61709FB083E8BFA9B0CB020000787200266F72672E71756172747A2E7574696C732E537472696E674B65794469727479466C61674D61708208E8C3FBC55D280200015A0013616C6C6F77735472616E7369656E74446174617872001D6F72672E71756172747A2E7574696C732E4469727479466C61674D617013E62EAD28760ACE0200025A000564697274794C00036D617074000F4C6A6176612F7574696C2F4D61703B787001737200116A6176612E7574696C2E486173684D61700507DAC1C31660D103000246000A6C6F6164466163746F724900097468726573686F6C6478703F4000000000000C7708000000100000000174000F5441534B5F50524F5045525449455373720022636F6D2E6261636B73746167652E71756172747A2E646F6D61696E2E5379734A6F6200000000000000010200084C000A636F6E63757272656E747400124C6A6176612F6C616E672F537472696E673B4C000E63726F6E45787072657373696F6E71007E00094C000C696E766F6B6554617267657471007E00094C00086A6F6247726F757071007E00094C00056A6F6249647400104C6A6176612F6C616E672F4C6F6E673B4C00076A6F624E616D6571007E00094C000D6D697366697265506F6C69637971007E00094C000673746174757371007E00097872002B636F6D2E6261636B73746167652E636F6D6D6F6E2E636F72652E646F6D61696E2E42617365456E7469747900000000000000010200074C0008637265617465427971007E00094C000A63726561746554696D657400104C6A6176612F7574696C2F446174653B4C0006706172616D7371007E00034C000672656D61726B71007E00094C000B73656172636856616C756571007E00094C0008757064617465427971007E00094C000A75706461746554696D6571007E000C787074000561646D696E7372000E6A6176612E7574696C2E44617465686A81014B59741903000078707708000001622CDE29E078707400007070707400013174000E302F3230202A202A202A202A203F74003872795461736B2E72794D756C7469706C65506172616D7328277279272C20747275652C20323030304C2C203331362E3530442C203130302974000744454641554C547372000E6A6176612E6C616E672E4C6F6E673B8BE490CC8F23DF0200014A000576616C7565787200106A6176612E6C616E672E4E756D62657286AC951D0B94E08B02000078700000000000000003740018E7B3BBE7BB9FE9BB98E8AEA4EFBC88E5A49AE58F82EFBC8974000133740001317800);

-- ----------------------------
-- Table structure for QRTZ_LOCKS
-- ----------------------------
DROP TABLE IF EXISTS `QRTZ_LOCKS`;
CREATE TABLE `QRTZ_LOCKS` (
  `sched_name` varchar(120) NOT NULL,
  `lock_name` varchar(40) NOT NULL,
  PRIMARY KEY (`sched_name`,`lock_name`)
) ENGINE=InnoDB DEFAULT CHARSET=utf8;

-- ----------------------------
-- Records of QRTZ_LOCKS
-- ----------------------------
INSERT INTO `QRTZ_LOCKS` VALUES ('BackstageScheduler', 'STATE_ACCESS');
INSERT INTO `QRTZ_LOCKS` VALUES ('BackstageScheduler', 'TRIGGER_ACCESS');

-- ----------------------------
-- Table structure for QRTZ_PAUSED_TRIGGER_GRPS
-- ----------------------------
DROP TABLE IF EXISTS `QRTZ_PAUSED_TRIGGER_GRPS`;
CREATE TABLE `QRTZ_PAUSED_TRIGGER_GRPS` (
  `sched_name` varchar(120) NOT NULL,
  `trigger_group` varchar(200) NOT NULL,
  PRIMARY KEY (`sched_name`,`trigger_group`)
) ENGINE=InnoDB DEFAULT CHARSET=utf8;

-- ----------------------------
-- Records of QRTZ_PAUSED_TRIGGER_GRPS
-- ----------------------------

-- ----------------------------
-- Table structure for QRTZ_SCHEDULER_STATE
-- ----------------------------
DROP TABLE IF EXISTS `QRTZ_SCHEDULER_STATE`;
CREATE TABLE `QRTZ_SCHEDULER_STATE` (
  `sched_name` varchar(120) NOT NULL,
  `instance_name` varchar(200) NOT NULL,
  `last_checkin_time` bigint(13) NOT NULL,
  `checkin_interval` bigint(13) NOT NULL,
  PRIMARY KEY (`sched_name`,`instance_name`)
) ENGINE=InnoDB DEFAULT CHARSET=utf8;

-- ----------------------------
-- Records of QRTZ_SCHEDULER_STATE
-- ----------------------------
INSERT INTO `QRTZ_SCHEDULER_STATE` VALUES ('BackstageScheduler', 'JACK1568025700847', '1568026768784', '15000');
INSERT INTO `QRTZ_SCHEDULER_STATE` VALUES ('BackstageScheduler', 'v11568025834374', '1568026785314', '15000');

-- ----------------------------
-- Table structure for QRTZ_SIMPLE_TRIGGERS
-- ----------------------------
DROP TABLE IF EXISTS `QRTZ_SIMPLE_TRIGGERS`;
CREATE TABLE `QRTZ_SIMPLE_TRIGGERS` (
  `sched_name` varchar(120) NOT NULL,
  `trigger_name` varchar(200) NOT NULL,
  `trigger_group` varchar(200) NOT NULL,
  `repeat_count` bigint(7) NOT NULL,
  `repeat_interval` bigint(12) NOT NULL,
  `times_triggered` bigint(10) NOT NULL,
  PRIMARY KEY (`sched_name`,`trigger_name`,`trigger_group`),
  CONSTRAINT `QRTZ_SIMPLE_TRIGGERS_ibfk_1` FOREIGN KEY (`sched_name`, `trigger_name`, `trigger_group`) REFERENCES `QRTZ_TRIGGERS` (`sched_name`, `trigger_name`, `trigger_group`)
) ENGINE=InnoDB DEFAULT CHARSET=utf8;

-- ----------------------------
-- Records of QRTZ_SIMPLE_TRIGGERS
-- ----------------------------

-- ----------------------------
-- Table structure for QRTZ_SIMPROP_TRIGGERS
-- ----------------------------
DROP TABLE IF EXISTS `QRTZ_SIMPROP_TRIGGERS`;
CREATE TABLE `QRTZ_SIMPROP_TRIGGERS` (
  `sched_name` varchar(120) NOT NULL,
  `trigger_name` varchar(200) NOT NULL,
  `trigger_group` varchar(200) NOT NULL,
  `str_prop_1` varchar(512) DEFAULT NULL,
  `str_prop_2` varchar(512) DEFAULT NULL,
  `str_prop_3` varchar(512) DEFAULT NULL,
  `int_prop_1` int(11) DEFAULT NULL,
  `int_prop_2` int(11) DEFAULT NULL,
  `long_prop_1` bigint(20) DEFAULT NULL,
  `long_prop_2` bigint(20) DEFAULT NULL,
  `dec_prop_1` decimal(13,4) DEFAULT NULL,
  `dec_prop_2` decimal(13,4) DEFAULT NULL,
  `bool_prop_1` varchar(1) DEFAULT NULL,
  `bool_prop_2` varchar(1) DEFAULT NULL,
  PRIMARY KEY (`sched_name`,`trigger_name`,`trigger_group`),
  CONSTRAINT `QRTZ_SIMPROP_TRIGGERS_ibfk_1` FOREIGN KEY (`sched_name`, `trigger_name`, `trigger_group`) REFERENCES `QRTZ_TRIGGERS` (`sched_name`, `trigger_name`, `trigger_group`)
) ENGINE=InnoDB DEFAULT CHARSET=utf8;

-- ----------------------------
-- Records of QRTZ_SIMPROP_TRIGGERS
-- ----------------------------

-- ----------------------------
-- Table structure for QRTZ_TRIGGERS
-- ----------------------------
DROP TABLE IF EXISTS `QRTZ_TRIGGERS`;
CREATE TABLE `QRTZ_TRIGGERS` (
  `sched_name` varchar(120) NOT NULL,
  `trigger_name` varchar(200) NOT NULL,
  `trigger_group` varchar(200) NOT NULL,
  `job_name` varchar(200) NOT NULL,
  `job_group` varchar(200) NOT NULL,
  `description` varchar(250) DEFAULT NULL,
  `next_fire_time` bigint(13) DEFAULT NULL,
  `prev_fire_time` bigint(13) DEFAULT NULL,
  `priority` int(11) DEFAULT NULL,
  `trigger_state` varchar(16) NOT NULL,
  `trigger_type` varchar(8) NOT NULL,
  `start_time` bigint(13) NOT NULL,
  `end_time` bigint(13) DEFAULT NULL,
  `calendar_name` varchar(200) DEFAULT NULL,
  `misfire_instr` smallint(2) DEFAULT NULL,
  `job_data` blob,
  PRIMARY KEY (`sched_name`,`trigger_name`,`trigger_group`),
  KEY `sched_name` (`sched_name`,`job_name`,`job_group`),
  CONSTRAINT `QRTZ_TRIGGERS_ibfk_1` FOREIGN KEY (`sched_name`, `job_name`, `job_group`) REFERENCES `QRTZ_JOB_DETAILS` (`sched_name`, `job_name`, `job_group`)
) ENGINE=InnoDB DEFAULT CHARSET=utf8;

-- ----------------------------
-- Records of QRTZ_TRIGGERS
-- ----------------------------
INSERT INTO `QRTZ_TRIGGERS` VALUES ('BackstageScheduler', 'TASK_CLASS_NAME1', 'DEFAULT', 'TASK_CLASS_NAME1', 'DEFAULT', null, '1568025840000', '-1', '5', 'PAUSED', 'CRON', '1568025835000', '0', null, '2', '');
INSERT INTO `QRTZ_TRIGGERS` VALUES ('BackstageScheduler', 'TASK_CLASS_NAME2', 'DEFAULT', 'TASK_CLASS_NAME2', 'DEFAULT', null, '1568025840000', '-1', '5', 'PAUSED', 'CRON', '1568025835000', '0', null, '2', '');
INSERT INTO `QRTZ_TRIGGERS` VALUES ('BackstageScheduler', 'TASK_CLASS_NAME3', 'DEFAULT', 'TASK_CLASS_NAME3', 'DEFAULT', null, '1568025840000', '-1', '5', 'PAUSED', 'CRON', '1568025835000', '0', null, '2', '');

-- ----------------------------
-- Table structure for sys_config
-- ----------------------------
DROP TABLE IF EXISTS `sys_config`;
CREATE TABLE `sys_config` (
  `config_id` int(5) NOT NULL AUTO_INCREMENT COMMENT '参数主键',
  `config_name` varchar(100) DEFAULT '' COMMENT '参数名称',
  `config_key` varchar(100) DEFAULT '' COMMENT '参数键名',
  `config_value` varchar(500) DEFAULT '' COMMENT '参数键值',
  `config_type` char(1) DEFAULT 'N' COMMENT '系统内置（Y是 N否）',
  `create_by` varchar(64) DEFAULT '' COMMENT '创建者',
  `create_time` datetime DEFAULT NULL COMMENT '创建时间',
  `update_by` varchar(64) DEFAULT '' COMMENT '更新者',
  `update_time` datetime DEFAULT NULL COMMENT '更新时间',
  `remark` varchar(500) DEFAULT NULL COMMENT '备注',
  PRIMARY KEY (`config_id`)
) ENGINE=InnoDB AUTO_INCREMENT=100 DEFAULT CHARSET=utf8 COMMENT='参数配置表';

-- ----------------------------
-- Records of sys_config
-- ----------------------------
INSERT INTO `sys_config` VALUES ('1', '主框架页-默认皮肤样式名称', 'sys.index.skinName', 'skin-blue', 'Y', 'admin', '2018-03-16 11:33:00', 'ry', '2018-03-16 11:33:00', '蓝色 skin-blue、绿色 skin-green、紫色 skin-purple、红色 skin-red、黄色 skin-yellow');
INSERT INTO `sys_config` VALUES ('2', '用户管理-账号初始密码', 'sys.user.initPassword', '123456', 'Y', 'admin', '2018-03-16 11:33:00', 'ry', '2018-03-16 11:33:00', '初始化密码 123456');
INSERT INTO `sys_config` VALUES ('3', '主框架页-侧边栏主题', 'sys.index.sideTheme', 'theme-dark', 'Y', 'admin', '2018-03-16 11:33:00', 'ry', '2018-03-16 11:33:00', '深色主题theme-dark，浅色主题theme-light');

-- ----------------------------
-- Table structure for sys_dept
-- ----------------------------
DROP TABLE IF EXISTS `sys_dept`;
CREATE TABLE `sys_dept` (
  `dept_id` bigint(20) NOT NULL AUTO_INCREMENT COMMENT '部门id',
  `parent_id` bigint(20) DEFAULT '0' COMMENT '父部门id',
  `ancestors` varchar(50) DEFAULT '' COMMENT '祖级列表',
  `dept_name` varchar(30) DEFAULT '' COMMENT '部门名称',
  `order_num` int(4) DEFAULT '0' COMMENT '显示顺序',
  `leader` varchar(20) DEFAULT NULL COMMENT '负责人',
  `phone` varchar(11) DEFAULT NULL COMMENT '联系电话',
  `email` varchar(50) DEFAULT NULL COMMENT '邮箱',
  `status` char(1) DEFAULT '0' COMMENT '部门状态（0正常 1停用）',
  `del_flag` char(1) DEFAULT '0' COMMENT '删除标志（0代表存在 2代表删除）',
  `create_by` varchar(64) DEFAULT '' COMMENT '创建者',
  `create_time` datetime DEFAULT NULL COMMENT '创建时间',
  `update_by` varchar(64) DEFAULT '' COMMENT '更新者',
  `update_time` datetime DEFAULT NULL COMMENT '更新时间',
  PRIMARY KEY (`dept_id`)
) ENGINE=InnoDB AUTO_INCREMENT=200 DEFAULT CHARSET=utf8 COMMENT='部门表';

-- ----------------------------
-- Records of sys_dept
-- ----------------------------
INSERT INTO `sys_dept` VALUES ('100', '0', '0', 'Backstage科技', '0', 'Jack.Lin', '15888888888', 'ry@qq.com', '0', '0', 'admin', '2018-03-16 11:33:00', 'admin', '2019-09-04 15:28:34');
INSERT INTO `sys_dept` VALUES ('101', '100', '0,100', '深圳总公司', '1', 'Jack.Lin', '15888888888', 'ry@qq.com', '0', '0', 'admin', '2018-03-16 11:33:00', 'ry', '2018-03-16 11:33:00');
INSERT INTO `sys_dept` VALUES ('102', '100', '0,100', '长沙分公司', '2', 'Jack.Lin', '15888888888', 'ry@qq.com', '0', '0', 'admin', '2018-03-16 11:33:00', 'ry', '2018-03-16 11:33:00');
INSERT INTO `sys_dept` VALUES ('103', '101', '0,100,101', '研发部门', '1', 'Jack.Lin', '15888888888', 'ry@qq.com', '0', '0', 'admin', '2018-03-16 11:33:00', 'ry', '2018-03-16 11:33:00');
INSERT INTO `sys_dept` VALUES ('104', '101', '0,100,101', '市场部门', '2', 'Jack.Lin', '15888888888', 'ry@qq.com', '0', '0', 'admin', '2018-03-16 11:33:00', 'ry', '2018-03-16 11:33:00');
INSERT INTO `sys_dept` VALUES ('105', '101', '0,100,101', '测试部门', '3', 'Jack.Lin', '15888888888', 'ry@qq.com', '0', '0', 'admin', '2018-03-16 11:33:00', 'ry', '2018-03-16 11:33:00');
INSERT INTO `sys_dept` VALUES ('106', '101', '0,100,101', '财务部门', '4', 'Jack.Lin', '15888888888', 'ry@qq.com', '0', '0', 'admin', '2018-03-16 11:33:00', 'ry', '2018-03-16 11:33:00');
INSERT INTO `sys_dept` VALUES ('107', '101', '0,100,101', '运维部门', '5', 'Jack.Lin', '15888888888', 'ry@qq.com', '0', '0', 'admin', '2018-03-16 11:33:00', 'ry', '2018-03-16 11:33:00');
INSERT INTO `sys_dept` VALUES ('108', '102', '0,100,102', '市场部门', '1', 'Jack.Lin', '15888888888', 'ry@qq.com', '0', '0', 'admin', '2018-03-16 11:33:00', 'ry', '2018-03-16 11:33:00');
INSERT INTO `sys_dept` VALUES ('109', '102', '0,100,102', '财务部门', '2', 'Jack.Lin', '15888888888', 'ry@qq.com', '0', '0', 'admin', '2018-03-16 11:33:00', 'ry', '2018-03-16 11:33:00');

-- ----------------------------
-- Table structure for sys_dict_data
-- ----------------------------
DROP TABLE IF EXISTS `sys_dict_data`;
CREATE TABLE `sys_dict_data` (
  `dict_code` bigint(20) NOT NULL AUTO_INCREMENT COMMENT '字典编码',
  `dict_sort` int(4) DEFAULT '0' COMMENT '字典排序',
  `dict_label` varchar(100) DEFAULT '' COMMENT '字典标签',
  `dict_value` varchar(100) DEFAULT '' COMMENT '字典键值',
  `dict_type` varchar(100) DEFAULT '' COMMENT '字典类型',
  `css_class` varchar(100) DEFAULT NULL COMMENT '样式属性（其他样式扩展）',
  `list_class` varchar(100) DEFAULT NULL COMMENT '表格回显样式',
  `is_default` char(1) DEFAULT 'N' COMMENT '是否默认（Y是 N否）',
  `status` char(1) DEFAULT '0' COMMENT '状态（0正常 1停用）',
  `create_by` varchar(64) DEFAULT '' COMMENT '创建者',
  `create_time` datetime DEFAULT NULL COMMENT '创建时间',
  `update_by` varchar(64) DEFAULT '' COMMENT '更新者',
  `update_time` datetime DEFAULT NULL COMMENT '更新时间',
  `remark` varchar(500) DEFAULT NULL COMMENT '备注',
  PRIMARY KEY (`dict_code`)
) ENGINE=InnoDB AUTO_INCREMENT=141 DEFAULT CHARSET=utf8 COMMENT='字典数据表';

-- ----------------------------
-- Records of sys_dict_data
-- ----------------------------
INSERT INTO `sys_dict_data` VALUES ('1', '1', '男', '0', 'sys_user_sex', '', '', 'Y', '0', 'admin', '2018-03-16 11:33:00', 'ry', '2018-03-16 11:33:00', '性别男');
INSERT INTO `sys_dict_data` VALUES ('2', '2', '女', '1', 'sys_user_sex', '', '', 'N', '0', 'admin', '2018-03-16 11:33:00', 'ry', '2018-03-16 11:33:00', '性别女');
INSERT INTO `sys_dict_data` VALUES ('3', '3', '未知', '2', 'sys_user_sex', '', '', 'N', '0', 'admin', '2018-03-16 11:33:00', 'ry', '2018-03-16 11:33:00', '性别未知');
INSERT INTO `sys_dict_data` VALUES ('4', '1', '显示', '0', 'sys_show_hide', '', 'primary', 'Y', '0', 'admin', '2018-03-16 11:33:00', 'ry', '2018-03-16 11:33:00', '显示菜单');
INSERT INTO `sys_dict_data` VALUES ('5', '2', '隐藏', '1', 'sys_show_hide', '', 'danger', 'N', '0', 'admin', '2018-03-16 11:33:00', 'ry', '2018-03-16 11:33:00', '隐藏菜单');
INSERT INTO `sys_dict_data` VALUES ('6', '1', '正常', '0', 'sys_normal_disable', '', 'primary', 'Y', '0', 'admin', '2018-03-16 11:33:00', 'ry', '2018-03-16 11:33:00', '正常状态');
INSERT INTO `sys_dict_data` VALUES ('7', '2', '停用', '1', 'sys_normal_disable', '', 'danger', 'N', '0', 'admin', '2018-03-16 11:33:00', 'ry', '2018-03-16 11:33:00', '停用状态');
INSERT INTO `sys_dict_data` VALUES ('8', '1', '正常', '0', 'sys_job_status', '', 'primary', 'Y', '0', 'admin', '2018-03-16 11:33:00', 'ry', '2018-03-16 11:33:00', '正常状态');
INSERT INTO `sys_dict_data` VALUES ('9', '2', '暂停', '1', 'sys_job_status', '', 'danger', 'N', '0', 'admin', '2018-03-16 11:33:00', 'ry', '2018-03-16 11:33:00', '停用状态');
INSERT INTO `sys_dict_data` VALUES ('10', '1', '默认', 'DEFAULT', 'sys_job_group', '', '', 'Y', '0', 'admin', '2018-03-16 11:33:00', 'ry', '2018-03-16 11:33:00', '默认分组');
INSERT INTO `sys_dict_data` VALUES ('11', '2', '系统', 'SYSTEM', 'sys_job_group', '', '', 'N', '0', 'admin', '2018-03-16 11:33:00', 'ry', '2018-03-16 11:33:00', '系统分组');
INSERT INTO `sys_dict_data` VALUES ('12', '1', '是', 'Y', 'sys_yes_no', '', 'primary', 'Y', '0', 'admin', '2018-03-16 11:33:00', 'ry', '2018-03-16 11:33:00', '系统默认是');
INSERT INTO `sys_dict_data` VALUES ('13', '2', '否', 'N', 'sys_yes_no', '', 'danger', 'N', '0', 'admin', '2018-03-16 11:33:00', 'ry', '2018-03-16 11:33:00', '系统默认否');
INSERT INTO `sys_dict_data` VALUES ('14', '1', '通知', '1', 'sys_notice_type', '', 'warning', 'Y', '0', 'admin', '2018-03-16 11:33:00', 'ry', '2018-03-16 11:33:00', '通知');
INSERT INTO `sys_dict_data` VALUES ('15', '2', '公告', '2', 'sys_notice_type', '', 'success', 'N', '0', 'admin', '2018-03-16 11:33:00', 'ry', '2018-03-16 11:33:00', '公告');
INSERT INTO `sys_dict_data` VALUES ('16', '1', '正常', '0', 'sys_notice_status', '', 'primary', 'Y', '0', 'admin', '2018-03-16 11:33:00', 'ry', '2018-03-16 11:33:00', '正常状态');
INSERT INTO `sys_dict_data` VALUES ('17', '2', '关闭', '1', 'sys_notice_status', '', 'danger', 'N', '0', 'admin', '2018-03-16 11:33:00', 'ry', '2018-03-16 11:33:00', '关闭状态');
INSERT INTO `sys_dict_data` VALUES ('18', '1', '新增', '1', 'sys_oper_type', '', 'info', 'N', '0', 'admin', '2018-03-16 11:33:00', 'ry', '2018-03-16 11:33:00', '新增操作');
INSERT INTO `sys_dict_data` VALUES ('19', '2', '修改', '2', 'sys_oper_type', '', 'info', 'N', '0', 'admin', '2018-03-16 11:33:00', 'ry', '2018-03-16 11:33:00', '修改操作');
INSERT INTO `sys_dict_data` VALUES ('20', '3', '删除', '3', 'sys_oper_type', '', 'danger', 'N', '0', 'admin', '2018-03-16 11:33:00', 'ry', '2018-03-16 11:33:00', '删除操作');
INSERT INTO `sys_dict_data` VALUES ('21', '4', '授权', '4', 'sys_oper_type', '', 'primary', 'N', '0', 'admin', '2018-03-16 11:33:00', 'ry', '2018-03-16 11:33:00', '授权操作');
INSERT INTO `sys_dict_data` VALUES ('22', '5', '导出', '5', 'sys_oper_type', '', 'warning', 'N', '0', 'admin', '2018-03-16 11:33:00', 'ry', '2018-03-16 11:33:00', '导出操作');
INSERT INTO `sys_dict_data` VALUES ('23', '6', '导入', '6', 'sys_oper_type', '', 'warning', 'N', '0', 'admin', '2018-03-16 11:33:00', 'ry', '2018-03-16 11:33:00', '导入操作');
INSERT INTO `sys_dict_data` VALUES ('24', '7', '强退', '7', 'sys_oper_type', '', 'danger', 'N', '0', 'admin', '2018-03-16 11:33:00', 'ry', '2018-03-16 11:33:00', '强退操作');
INSERT INTO `sys_dict_data` VALUES ('25', '8', '生成代码', '8', 'sys_oper_type', '', 'warning', 'N', '0', 'admin', '2018-03-16 11:33:00', 'ry', '2018-03-16 11:33:00', '生成操作');
INSERT INTO `sys_dict_data` VALUES ('26', '9', '清空数据', '9', 'sys_oper_type', '', 'danger', 'N', '0', 'admin', '2018-03-16 11:33:00', 'ry', '2018-03-16 11:33:00', '清空操作');
INSERT INTO `sys_dict_data` VALUES ('27', '1', '成功', '0', 'sys_common_status', '', 'primary', 'N', '0', 'admin', '2018-03-16 11:33:00', 'ry', '2018-03-16 11:33:00', '正常状态');
INSERT INTO `sys_dict_data` VALUES ('28', '2', '失败', '1', 'sys_common_status', '', 'danger', 'N', '0', 'admin', '2018-03-16 11:33:00', 'ry', '2018-03-16 11:33:00', '停用状态');
INSERT INTO `sys_dict_data` VALUES ('100', '1', '点', '1', 'business_poi_type', null, null, 'Y', '0', 'admin', '2019-09-05 13:38:27', '', null, null);
INSERT INTO `sys_dict_data` VALUES ('101', '2', '线', '2', 'business_poi_type', null, null, 'Y', '0', 'admin', '2019-09-05 13:38:38', '', null, null);
INSERT INTO `sys_dict_data` VALUES ('102', '3', '面', '3', 'business_poi_type', null, null, 'Y', '0', 'admin', '2019-09-05 13:38:57', '', null, null);
INSERT INTO `sys_dict_data` VALUES ('103', '4', '体', '4', 'business_poi_type', null, null, 'Y', '0', 'admin', '2019-09-05 13:39:12', '', null, null);
INSERT INTO `sys_dict_data` VALUES ('104', '5', '标注', '5', 'business_poi_type', null, null, 'Y', '0', 'admin', '2019-09-05 13:39:42', '', null, null);
INSERT INTO `sys_dict_data` VALUES ('105', '7', '单体模型', '7', 'business_poi_type', null, null, 'Y', '0', 'admin', '2019-09-05 13:39:54', '', null, null);
INSERT INTO `sys_dict_data` VALUES ('106', '1', '有效', '1', 'gim_valid_status', '', 'primary', 'Y', '0', 'admin', '2019-09-05 13:57:06', 'admin', '2019-09-06 15:21:18', '');
INSERT INTO `sys_dict_data` VALUES ('107', '2', '停用', '2', 'gim_valid_status', '', 'warning', 'Y', '0', 'admin', '2019-09-05 13:57:16', 'admin', '2019-09-06 15:21:09', '');
INSERT INTO `sys_dict_data` VALUES ('108', '1', '单体模型', 'mono', 'gim_model_type', '', 'primary', 'Y', '0', 'admin', '2019-09-06 11:51:53', 'admin', '2019-09-06 15:29:07', '单体模型');
INSERT INTO `sys_dict_data` VALUES ('109', '2', '航模', 'oap', 'gim_model_type', '', 'primary', 'Y', '0', 'admin', '2019-09-06 11:52:21', 'admin', '2019-09-06 15:29:03', '航模');
INSERT INTO `sys_dict_data` VALUES ('110', '3', '白模', 'white', 'gim_model_type', '', 'info', 'Y', '0', 'admin', '2019-09-06 11:52:34', 'admin', '2019-09-06 15:28:59', '白模');
INSERT INTO `sys_dict_data` VALUES ('111', '1', '无', '-', 'gim_struct_type', '', '', 'Y', '0', 'admin', '2019-09-06 14:53:16', 'admin', '2019-09-06 14:58:28', '无');
INSERT INTO `sys_dict_data` VALUES ('112', '2', '字符串', 'string', 'gim_struct_type', '', '', 'Y', '0', 'admin', '2019-09-06 14:53:35', 'admin', '2019-09-06 14:58:24', '字符串');
INSERT INTO `sys_dict_data` VALUES ('113', '3', '数值整型', 'int', 'gim_struct_type', '', '', 'Y', '0', 'admin', '2019-09-06 14:56:07', 'admin', '2019-09-06 14:58:19', '数值整型');
INSERT INTO `sys_dict_data` VALUES ('114', '4', '布尔值', 'boolean', 'gim_struct_type', '', '', 'Y', '0', 'admin', '2019-09-06 14:56:53', 'admin', '2019-09-06 14:58:14', '布尔值');
INSERT INTO `sys_dict_data` VALUES ('115', '5', 'JSON数组', 'array', 'gim_struct_type', '', '', 'Y', '0', 'admin', '2019-09-06 14:57:31', 'admin', '2019-09-06 15:14:49', 'JSON数值');
INSERT INTO `sys_dict_data` VALUES ('116', '6', 'JSON对象', 'json', 'gim_struct_type', '', '', 'Y', '0', 'admin', '2019-09-06 14:57:54', 'admin', '2019-09-06 14:58:04', 'JSON对象');
INSERT INTO `sys_dict_data` VALUES ('117', '7', '数值小数', 'double', 'gim_struct_type', '', '', 'Y', '0', 'admin', '2019-09-06 14:59:33', 'admin', '2019-09-06 14:59:41', '数值小数');
INSERT INTO `sys_dict_data` VALUES ('118', '1', '默认GIS', 'OpenStreepMap', 'gim_provider_type', '', '', 'Y', '0', 'admin', '2019-09-06 17:42:43', 'admin', '2019-09-06 17:43:15', '');
INSERT INTO `sys_dict_data` VALUES ('119', '2', '烽火GIS', 'FHGis', 'gim_provider_type', null, null, 'Y', '0', 'admin', '2019-09-06 17:43:07', '', null, null);
INSERT INTO `sys_dict_data` VALUES ('120', '3', 'Arcgis WMTS服务', 'ArcgisWMTS', 'gim_provider_type', '', '', 'Y', '0', 'admin', '2019-09-06 17:43:56', 'admin', '2019-09-06 17:44:46', '');
INSERT INTO `sys_dict_data` VALUES ('121', '4', 'Arcgis路网服务', 'ArcgisRroad', 'gim_provider_type', null, null, 'Y', '0', 'admin', '2019-09-06 17:44:37', '', null, null);
INSERT INTO `sys_dict_data` VALUES ('122', '1', '街景', '1', 'gim_scene_type', '', '', 'Y', '0', 'admin', '2019-09-06 18:15:06', 'admin', '2019-09-06 18:15:41', '街景');
INSERT INTO `sys_dict_data` VALUES ('123', '2', '内景', '2', 'gim_scene_type', '', '', 'Y', '0', 'admin', '2019-09-06 18:15:16', 'admin', '2019-09-06 18:15:48', '内景');
INSERT INTO `sys_dict_data` VALUES ('124', '3', '海景', '3', 'gim_scene_type', '', '', 'Y', '0', 'admin', '2019-09-06 18:15:26', 'admin', '2019-09-06 18:15:54', '海景');
INSERT INTO `sys_dict_data` VALUES ('125', '4', '空景', '4', 'gim_scene_type', '', '', 'Y', '0', 'admin', '2019-09-06 18:15:35', 'admin', '2019-09-06 18:16:01', '空景');
INSERT INTO `sys_dict_data` VALUES ('126', '1', '1级', '1', 'gim_split_level', null, null, 'Y', '0', 'admin', '2019-09-06 18:17:05', '', null, '1级');
INSERT INTO `sys_dict_data` VALUES ('127', '2', '2级', '2', 'gim_split_level', null, null, 'Y', '0', 'admin', '2019-09-06 18:17:16', '', null, '2级');
INSERT INTO `sys_dict_data` VALUES ('128', '3', '3级', '3', 'gim_split_level', null, null, 'Y', '0', 'admin', '2019-09-06 18:17:31', '', null, '3级');
INSERT INTO `sys_dict_data` VALUES ('129', '4', '4级', '4', 'gim_split_level', '', '', 'Y', '0', 'admin', '2019-09-06 18:17:38', 'admin', '2019-09-06 18:18:16', '4级');
INSERT INTO `sys_dict_data` VALUES ('130', '5', '5级', '5', 'gim_split_level', '', '', 'Y', '0', 'admin', '2019-09-06 18:17:48', 'admin', '2019-09-06 18:18:13', '5级');
INSERT INTO `sys_dict_data` VALUES ('131', '6', '6级', '6', 'gim_split_level', null, null, 'Y', '0', 'admin', '2019-09-06 18:18:09', '', null, '6级');
INSERT INTO `sys_dict_data` VALUES ('132', '1', '球', '0', 'gim_pano_type', null, null, 'Y', '0', 'admin', '2019-09-06 18:21:10', '', null, '球');
INSERT INTO `sys_dict_data` VALUES ('133', '2', '立方体', '1', 'gim_pano_type', null, null, 'Y', '0', 'admin', '2019-09-06 18:21:26', '', null, '立方体');
INSERT INTO `sys_dict_data` VALUES ('134', '1', '街景成果', 'StreetRes', 'gim_data_type', null, null, 'Y', '0', 'admin', '2019-09-06 18:45:55', '', null, '街景成果');
INSERT INTO `sys_dict_data` VALUES ('135', '2', '倾斜摄影成果', 'OAPModelRes', 'gim_data_type', null, null, 'Y', '0', 'admin', '2019-09-06 18:46:14', '', null, '倾斜摄影成果');
INSERT INTO `sys_dict_data` VALUES ('136', '3', '单体模型成果', 'MonoModelRes', 'gim_data_type', '', '', 'Y', '0', 'admin', '2019-09-06 18:46:28', 'admin', '2019-09-06 18:47:51', '单体模型成果');
INSERT INTO `sys_dict_data` VALUES ('137', '4', '白模成果', 'WhiteModelRes', 'gim_data_type', null, null, 'Y', '0', 'admin', '2019-09-06 18:46:43', '', null, '白模成果');
INSERT INTO `sys_dict_data` VALUES ('138', '5', '配准成果', 'CoregistrationRes', 'gim_data_type', null, null, 'Y', '0', 'admin', '2019-09-06 18:46:59', '', null, '配准成果');
INSERT INTO `sys_dict_data` VALUES ('139', '6', '街景纠偏成果', 'RectifyStreetRes', 'gim_data_type', null, null, 'Y', '0', 'admin', '2019-09-06 18:47:19', '', null, '街景纠偏成果');
INSERT INTO `sys_dict_data` VALUES ('140', '7', '模型纠偏成果', 'RectifyOAPModelRes', 'gim_data_type', null, null, 'Y', '0', 'admin', '2019-09-06 18:47:42', '', null, '模型纠偏成果');

-- ----------------------------
-- Table structure for sys_dict_type
-- ----------------------------
DROP TABLE IF EXISTS `sys_dict_type`;
CREATE TABLE `sys_dict_type` (
  `dict_id` bigint(20) NOT NULL AUTO_INCREMENT COMMENT '字典主键',
  `dict_name` varchar(100) DEFAULT '' COMMENT '字典名称',
  `dict_type` varchar(100) DEFAULT '' COMMENT '字典类型',
  `status` char(1) DEFAULT '0' COMMENT '状态（0正常 1停用）',
  `create_by` varchar(64) DEFAULT '' COMMENT '创建者',
  `create_time` datetime DEFAULT NULL COMMENT '创建时间',
  `update_by` varchar(64) DEFAULT '' COMMENT '更新者',
  `update_time` datetime DEFAULT NULL COMMENT '更新时间',
  `remark` varchar(500) DEFAULT NULL COMMENT '备注',
  PRIMARY KEY (`dict_id`),
  UNIQUE KEY `dict_type` (`dict_type`)
) ENGINE=InnoDB AUTO_INCREMENT=109 DEFAULT CHARSET=utf8 COMMENT='字典类型表';

-- ----------------------------
-- Records of sys_dict_type
-- ----------------------------
INSERT INTO `sys_dict_type` VALUES ('1', '用户性别', 'sys_user_sex', '0', 'admin', '2018-03-16 11:33:00', 'ry', '2018-03-16 11:33:00', '用户性别列表');
INSERT INTO `sys_dict_type` VALUES ('2', '菜单状态', 'sys_show_hide', '0', 'admin', '2018-03-16 11:33:00', 'ry', '2018-03-16 11:33:00', '菜单状态列表');
INSERT INTO `sys_dict_type` VALUES ('3', '系统开关', 'sys_normal_disable', '0', 'admin', '2018-03-16 11:33:00', 'ry', '2018-03-16 11:33:00', '系统开关列表');
INSERT INTO `sys_dict_type` VALUES ('4', '任务状态', 'sys_job_status', '0', 'admin', '2018-03-16 11:33:00', 'ry', '2018-03-16 11:33:00', '任务状态列表');
INSERT INTO `sys_dict_type` VALUES ('5', '任务分组', 'sys_job_group', '0', 'admin', '2018-03-16 11:33:00', 'ry', '2018-03-16 11:33:00', '任务分组列表');
INSERT INTO `sys_dict_type` VALUES ('6', '系统是否', 'sys_yes_no', '0', 'admin', '2018-03-16 11:33:00', 'ry', '2018-03-16 11:33:00', '系统是否列表');
INSERT INTO `sys_dict_type` VALUES ('7', '通知类型', 'sys_notice_type', '0', 'admin', '2018-03-16 11:33:00', 'ry', '2018-03-16 11:33:00', '通知类型列表');
INSERT INTO `sys_dict_type` VALUES ('8', '通知状态', 'sys_notice_status', '0', 'admin', '2018-03-16 11:33:00', 'ry', '2018-03-16 11:33:00', '通知状态列表');
INSERT INTO `sys_dict_type` VALUES ('9', '操作类型', 'sys_oper_type', '0', 'admin', '2018-03-16 11:33:00', 'ry', '2018-03-16 11:33:00', '操作类型列表');
INSERT INTO `sys_dict_type` VALUES ('10', '系统状态', 'sys_common_status', '0', 'admin', '2018-03-16 11:33:00', 'ry', '2018-03-16 11:33:00', '登录状态列表');
INSERT INTO `sys_dict_type` VALUES ('100', 'POI类型', 'business_poi_type', '0', 'admin', '2019-09-05 13:37:39', '', null, 'POI类型');
INSERT INTO `sys_dict_type` VALUES ('101', 'GiM有效状态', 'gim_valid_status', '0', 'admin', '2019-09-05 13:56:05', 'admin', '2019-09-05 13:56:53', 'GiM有效状态');
INSERT INTO `sys_dict_type` VALUES ('102', 'GiM模型类型', 'gim_model_type', '0', 'admin', '2019-09-06 11:51:18', '', null, 'GiM模型类型');
INSERT INTO `sys_dict_type` VALUES ('103', 'GiM数据结构类型', 'gim_struct_type', '0', 'admin', '2019-09-06 14:52:22', '', null, 'GiM数据结构类型');
INSERT INTO `sys_dict_type` VALUES ('104', 'GiM外部服务数类型', 'gim_provider_type', '0', 'admin', '2019-09-06 17:41:58', 'admin', '2019-09-06 17:42:12', 'GiM外部服务数类型');
INSERT INTO `sys_dict_type` VALUES ('105', 'GiM街景场景类型', 'gim_scene_type', '0', 'admin', '2019-09-06 18:14:42', 'admin', '2019-09-06 18:20:36', 'GiM街景场景类型');
INSERT INTO `sys_dict_type` VALUES ('106', 'GiM街景分块级别', 'gim_split_level', '0', 'admin', '2019-09-06 18:16:49', 'admin', '2019-09-06 18:16:52', 'GiM街景分块级别');
INSERT INTO `sys_dict_type` VALUES ('107', 'GiM街景类型', 'gim_pano_type', '0', 'admin', '2019-09-06 18:19:20', 'admin', '2019-09-06 18:20:31', 'GiM街景类型');
INSERT INTO `sys_dict_type` VALUES ('108', 'GiM数据类型', 'gim_data_type', '0', 'admin', '2019-09-06 18:45:34', '', null, 'GiM数据类型');

-- ----------------------------
-- Table structure for sys_job
-- ----------------------------
DROP TABLE IF EXISTS `sys_job`;
CREATE TABLE `sys_job` (
  `job_id` bigint(20) NOT NULL AUTO_INCREMENT COMMENT '任务ID',
  `job_name` varchar(64) NOT NULL DEFAULT '' COMMENT '任务名称',
  `job_group` varchar(64) NOT NULL DEFAULT 'DEFAULT' COMMENT '任务组名',
  `invoke_target` varchar(500) NOT NULL COMMENT '调用目标字符串',
  `cron_expression` varchar(255) DEFAULT '' COMMENT 'cron执行表达式',
  `misfire_policy` varchar(20) DEFAULT '3' COMMENT '计划执行错误策略（1立即执行 2执行一次 3放弃执行）',
  `concurrent` char(1) DEFAULT '1' COMMENT '是否并发执行（0允许 1禁止）',
  `status` char(1) DEFAULT '0' COMMENT '状态（0正常 1暂停）',
  `create_by` varchar(64) DEFAULT '' COMMENT '创建者',
  `create_time` datetime DEFAULT NULL COMMENT '创建时间',
  `update_by` varchar(64) DEFAULT '' COMMENT '更新者',
  `update_time` datetime DEFAULT NULL COMMENT '更新时间',
  `remark` varchar(500) DEFAULT '' COMMENT '备注信息',
  PRIMARY KEY (`job_id`,`job_name`,`job_group`)
) ENGINE=InnoDB AUTO_INCREMENT=100 DEFAULT CHARSET=utf8 COMMENT='定时任务调度表';

-- ----------------------------
-- Records of sys_job
-- ----------------------------
INSERT INTO `sys_job` VALUES ('1', '系统默认（无参）', 'DEFAULT', 'ryTask.ryNoParams', '0/10 * * * * ?', '3', '1', '1', 'admin', '2018-03-16 11:33:00', 'ry', '2018-03-16 11:33:00', '');
INSERT INTO `sys_job` VALUES ('2', '系统默认（有参）', 'DEFAULT', 'ryTask.ryParams(\'ry\')', '0/15 * * * * ?', '3', '1', '1', 'admin', '2018-03-16 11:33:00', 'ry', '2018-03-16 11:33:00', '');
INSERT INTO `sys_job` VALUES ('3', '系统默认（多参）', 'DEFAULT', 'ryTask.ryMultipleParams(\'ry\', true, 2000L, 316.50D, 100)', '0/20 * * * * ?', '3', '1', '1', 'admin', '2018-03-16 11:33:00', 'ry', '2018-03-16 11:33:00', '');

-- ----------------------------
-- Table structure for sys_job_log
-- ----------------------------
DROP TABLE IF EXISTS `sys_job_log`;
CREATE TABLE `sys_job_log` (
  `job_log_id` bigint(20) NOT NULL AUTO_INCREMENT COMMENT '任务日志ID',
  `job_name` varchar(64) NOT NULL COMMENT '任务名称',
  `job_group` varchar(64) NOT NULL COMMENT '任务组名',
  `invoke_target` varchar(500) NOT NULL COMMENT '调用目标字符串',
  `job_message` varchar(500) DEFAULT NULL COMMENT '日志信息',
  `status` char(1) DEFAULT '0' COMMENT '执行状态（0正常 1失败）',
  `exception_info` varchar(2000) DEFAULT '' COMMENT '异常信息',
  `create_time` datetime DEFAULT NULL COMMENT '创建时间',
  PRIMARY KEY (`job_log_id`)
) ENGINE=InnoDB AUTO_INCREMENT=2 DEFAULT CHARSET=utf8 COMMENT='定时任务调度日志表';

-- ----------------------------
-- Records of sys_job_log
-- ----------------------------
INSERT INTO `sys_job_log` VALUES ('1', '系统默认（有参）', 'DEFAULT', 'ryTask.ryParams(\'ry\')', '系统默认（有参） 总共耗时：43毫秒', '0', '', '2019-09-04 15:29:37');

-- ----------------------------
-- Table structure for sys_logininfor
-- ----------------------------
DROP TABLE IF EXISTS `sys_logininfor`;
CREATE TABLE `sys_logininfor` (
  `info_id` bigint(20) NOT NULL AUTO_INCREMENT COMMENT '访问ID',
  `login_name` varchar(50) DEFAULT '' COMMENT '登录账号',
  `ipaddr` varchar(50) DEFAULT '' COMMENT '登录IP地址',
  `login_location` varchar(255) DEFAULT '' COMMENT '登录地点',
  `browser` varchar(50) DEFAULT '' COMMENT '浏览器类型',
  `os` varchar(50) DEFAULT '' COMMENT '操作系统',
  `status` char(1) DEFAULT '0' COMMENT '登录状态（0成功 1失败）',
  `msg` varchar(255) DEFAULT '' COMMENT '提示消息',
  `login_time` datetime DEFAULT NULL COMMENT '访问时间',
  PRIMARY KEY (`info_id`)
) ENGINE=InnoDB AUTO_INCREMENT=234 DEFAULT CHARSET=utf8 COMMENT='系统访问记录';

-- ----------------------------
-- Records of sys_logininfor
-- ----------------------------
INSERT INTO `sys_logininfor` VALUES ('100', 'admin', '127.0.0.1', '内网IP', 'Chrome', 'Windows 10', '0', '登录成功', '2019-09-04 14:09:02');
INSERT INTO `sys_logininfor` VALUES ('101', 'admin', '127.0.0.1', '内网IP', 'Chrome', 'Windows 10', '0', '登录成功', '2019-09-04 14:46:57');
INSERT INTO `sys_logininfor` VALUES ('102', 'admin', '127.0.0.1', '内网IP', 'Chrome', 'Windows 10', '0', '登录成功', '2019-09-04 14:57:09');
INSERT INTO `sys_logininfor` VALUES ('103', 'admin', '127.0.0.1', '内网IP', 'Chrome', 'Windows 10', '0', '退出成功', '2019-09-04 14:57:27');
INSERT INTO `sys_logininfor` VALUES ('104', 'admin', '127.0.0.1', '内网IP', 'Chrome', 'Windows 10', '0', '登录成功', '2019-09-04 14:57:29');
INSERT INTO `sys_logininfor` VALUES ('105', 'admin', '127.0.0.1', '内网IP', 'Chrome', 'Windows 10', '0', '退出成功', '2019-09-04 15:00:07');
INSERT INTO `sys_logininfor` VALUES ('106', 'admin', '127.0.0.1', '内网IP', 'Chrome', 'Windows 10', '0', '登录成功', '2019-09-04 15:02:15');
INSERT INTO `sys_logininfor` VALUES ('107', 'admin', '127.0.0.1', '内网IP', 'Chrome', 'Windows 10', '0', '登录成功', '2019-09-04 15:11:21');
INSERT INTO `sys_logininfor` VALUES ('108', 'admin', '127.0.0.1', '内网IP', 'Chrome', 'Windows 10', '0', '退出成功', '2019-09-04 15:15:01');
INSERT INTO `sys_logininfor` VALUES ('109', 'admin', '127.0.0.1', '内网IP', 'Chrome', 'Windows 10', '0', '登录成功', '2019-09-04 15:15:02');
INSERT INTO `sys_logininfor` VALUES ('110', 'admin', '127.0.0.1', '内网IP', 'Chrome', 'Windows 10', '0', '登录成功', '2019-09-04 15:26:55');
INSERT INTO `sys_logininfor` VALUES ('111', 'admin', '127.0.0.1', '内网IP', 'Chrome', 'Windows 10', '0', '登录成功', '2019-09-04 15:35:15');
INSERT INTO `sys_logininfor` VALUES ('112', 'admin', '127.0.0.1', '内网IP', 'Chrome', 'Windows 10', '0', '退出成功', '2019-09-04 15:42:39');
INSERT INTO `sys_logininfor` VALUES ('113', 'admin', '127.0.0.1', '内网IP', 'Chrome', 'Windows 10', '0', '登录成功', '2019-09-04 15:43:27');
INSERT INTO `sys_logininfor` VALUES ('114', 'admin', '127.0.0.1', '内网IP', 'Chrome', 'Windows 10', '0', '退出成功', '2019-09-04 15:47:23');
INSERT INTO `sys_logininfor` VALUES ('115', 'admin', '127.0.0.1', '内网IP', 'Chrome', 'Windows 10', '0', '登录成功', '2019-09-04 15:47:24');
INSERT INTO `sys_logininfor` VALUES ('116', 'admin', '127.0.0.1', '内网IP', 'Chrome', 'Windows 10', '0', '登录成功', '2019-09-04 16:53:50');
INSERT INTO `sys_logininfor` VALUES ('117', 'admin', '127.0.0.1', '内网IP', 'Chrome', 'Windows 10', '0', '登录成功', '2019-09-04 17:15:04');
INSERT INTO `sys_logininfor` VALUES ('118', 'admin', '127.0.0.1', '内网IP', 'Chrome', 'Windows 10', '0', '登录成功', '2019-09-04 17:25:40');
INSERT INTO `sys_logininfor` VALUES ('119', 'admin', '127.0.0.1', '内网IP', 'Chrome', 'Windows 10', '0', '登录成功', '2019-09-04 17:57:58');
INSERT INTO `sys_logininfor` VALUES ('120', 'admin', '127.0.0.1', '内网IP', 'Chrome', 'Windows 10', '0', '登录成功', '2019-09-04 18:16:28');
INSERT INTO `sys_logininfor` VALUES ('121', 'admin', '127.0.0.1', '内网IP', 'Chrome', 'Windows 10', '0', '退出成功', '2019-09-04 18:17:17');
INSERT INTO `sys_logininfor` VALUES ('122', 'admin', '127.0.0.1', '内网IP', 'Chrome', 'Windows 10', '0', '登录成功', '2019-09-04 18:17:18');
INSERT INTO `sys_logininfor` VALUES ('123', 'admin', '127.0.0.1', '内网IP', 'Chrome', 'Windows 10', '0', '登录成功', '2019-09-04 18:37:52');
INSERT INTO `sys_logininfor` VALUES ('124', 'admin', '127.0.0.1', '内网IP', 'Chrome', 'Windows 10', '0', '登录成功', '2019-09-04 18:53:42');
INSERT INTO `sys_logininfor` VALUES ('125', 'admin', '127.0.0.1', '内网IP', 'Chrome', 'Windows 10', '0', '登录成功', '2019-09-04 18:55:56');
INSERT INTO `sys_logininfor` VALUES ('126', 'admin', '127.0.0.1', '内网IP', 'Chrome', 'Windows 10', '0', '登录成功', '2019-09-04 19:00:29');
INSERT INTO `sys_logininfor` VALUES ('127', 'admin', '127.0.0.1', '内网IP', 'Chrome', 'Windows 10', '0', '登录成功', '2019-09-04 19:01:41');
INSERT INTO `sys_logininfor` VALUES ('128', 'admin', '127.0.0.1', '内网IP', 'Chrome', 'Windows 10', '0', '登录成功', '2019-09-05 09:24:31');
INSERT INTO `sys_logininfor` VALUES ('129', 'admin', '127.0.0.1', '内网IP', 'Chrome', 'Windows 10', '0', '退出成功', '2019-09-05 09:55:00');
INSERT INTO `sys_logininfor` VALUES ('130', 'admin', '127.0.0.1', '内网IP', 'Chrome', 'Windows 10', '0', '登录成功', '2019-09-05 09:55:01');
INSERT INTO `sys_logininfor` VALUES ('131', 'admin', '127.0.0.1', '内网IP', 'Chrome', 'Windows 10', '0', '登录成功', '2019-09-05 10:18:10');
INSERT INTO `sys_logininfor` VALUES ('132', 'admin', '127.0.0.1', '内网IP', 'Chrome', 'Windows 10', '0', '登录成功', '2019-09-05 10:50:40');
INSERT INTO `sys_logininfor` VALUES ('133', 'admin', '127.0.0.1', '内网IP', 'Chrome', 'Windows 10', '0', '登录成功', '2019-09-05 11:03:42');
INSERT INTO `sys_logininfor` VALUES ('134', 'admin', '127.0.0.1', '内网IP', 'Chrome', 'Windows 10', '0', '登录成功', '2019-09-05 11:49:09');
INSERT INTO `sys_logininfor` VALUES ('135', 'admin', '127.0.0.1', '内网IP', 'Chrome', 'Windows 10', '0', '登录成功', '2019-09-05 11:52:29');
INSERT INTO `sys_logininfor` VALUES ('136', 'admin', '127.0.0.1', '内网IP', 'Chrome', 'Windows 10', '0', '登录成功', '2019-09-05 13:19:46');
INSERT INTO `sys_logininfor` VALUES ('137', 'admin', '127.0.0.1', '内网IP', 'Chrome', 'Windows 10', '0', '登录成功', '2019-09-05 13:22:12');
INSERT INTO `sys_logininfor` VALUES ('138', 'admin', '127.0.0.1', '内网IP', 'Chrome', 'Windows 10', '0', '登录成功', '2019-09-05 13:42:27');
INSERT INTO `sys_logininfor` VALUES ('139', 'admin', '127.0.0.1', '内网IP', 'Chrome', 'Windows 10', '0', '登录成功', '2019-09-05 13:54:39');
INSERT INTO `sys_logininfor` VALUES ('140', 'admin', '127.0.0.1', '内网IP', 'Chrome', 'Windows 10', '0', '退出成功', '2019-09-05 13:58:01');
INSERT INTO `sys_logininfor` VALUES ('141', 'admin', '127.0.0.1', '内网IP', 'Chrome', 'Windows 10', '0', '登录成功', '2019-09-05 13:58:02');
INSERT INTO `sys_logininfor` VALUES ('142', 'admin', '127.0.0.1', '内网IP', 'Chrome', 'Windows 10', '0', '登录成功', '2019-09-05 14:27:47');
INSERT INTO `sys_logininfor` VALUES ('143', 'admin', '127.0.0.1', '内网IP', 'Chrome', 'Windows 10', '0', '登录成功', '2019-09-05 14:38:58');
INSERT INTO `sys_logininfor` VALUES ('144', 'admin', '127.0.0.1', '内网IP', 'Chrome', 'Windows 10', '0', '登录成功', '2019-09-05 16:17:23');
INSERT INTO `sys_logininfor` VALUES ('145', 'admin', '127.0.0.1', '内网IP', 'Chrome', 'Windows 10', '0', '登录成功', '2019-09-05 17:06:35');
INSERT INTO `sys_logininfor` VALUES ('146', 'admin', '127.0.0.1', '内网IP', 'Chrome', 'Windows 10', '0', '登录成功', '2019-09-05 17:29:28');
INSERT INTO `sys_logininfor` VALUES ('147', 'admin', '127.0.0.1', '内网IP', 'Chrome', 'Windows 10', '0', '登录成功', '2019-09-05 18:29:57');
INSERT INTO `sys_logininfor` VALUES ('148', 'admin', '127.0.0.1', '内网IP', 'Chrome', 'Windows 10', '0', '登录成功', '2019-09-05 18:52:06');
INSERT INTO `sys_logininfor` VALUES ('149', 'admin', '127.0.0.1', '内网IP', 'Chrome', 'Windows 10', '0', '登录成功', '2019-09-05 18:52:09');
INSERT INTO `sys_logininfor` VALUES ('150', 'admin', '127.0.0.1', '内网IP', 'Chrome', 'Windows 10', '0', '登录成功', '2019-09-06 09:18:49');
INSERT INTO `sys_logininfor` VALUES ('151', 'admin', '127.0.0.1', '内网IP', 'Chrome', 'Windows 10', '0', '登录成功', '2019-09-06 10:02:18');
INSERT INTO `sys_logininfor` VALUES ('152', 'admin', '127.0.0.1', '内网IP', 'Chrome', 'Windows 10', '0', '登录成功', '2019-09-06 11:37:48');
INSERT INTO `sys_logininfor` VALUES ('153', 'admin', '127.0.0.1', '内网IP', 'Chrome', 'Windows 10', '0', '登录成功', '2019-09-06 11:44:46');
INSERT INTO `sys_logininfor` VALUES ('154', 'admin', '127.0.0.1', '内网IP', 'Chrome', 'Windows 10', '0', '登录成功', '2019-09-06 13:04:48');
INSERT INTO `sys_logininfor` VALUES ('155', 'admin', '127.0.0.1', '内网IP', 'Chrome', 'Windows 10', '0', '登录成功', '2019-09-06 16:56:03');
INSERT INTO `sys_logininfor` VALUES ('156', 'admin', '127.0.0.1', '内网IP', 'Chrome', 'Windows 10', '0', '登录成功', '2019-09-06 17:19:53');
INSERT INTO `sys_logininfor` VALUES ('157', 'admin', '127.0.0.1', '内网IP', 'Chrome', 'Windows 10', '0', '登录成功', '2019-09-06 17:29:19');
INSERT INTO `sys_logininfor` VALUES ('158', 'admin', '127.0.0.1', '内网IP', 'Chrome', 'Windows 10', '0', '登录成功', '2019-09-06 17:31:09');
INSERT INTO `sys_logininfor` VALUES ('159', 'admin', '127.0.0.1', '内网IP', 'Chrome', 'Windows 10', '0', '登录成功', '2019-09-06 18:28:39');
INSERT INTO `sys_logininfor` VALUES ('160', 'admin', '127.0.0.1', '内网IP', 'Chrome', 'Windows 10', '0', '登录成功', '2019-09-09 10:54:43');
INSERT INTO `sys_logininfor` VALUES ('161', 'admin', '127.0.0.1', '内网IP', 'Chrome', 'Windows 10', '0', '登录成功', '2019-09-09 12:03:47');
INSERT INTO `sys_logininfor` VALUES ('162', 'admin', '127.0.0.1', '内网IP', 'Chrome', 'Windows 10', '0', '登录成功', '2019-09-09 12:07:21');
INSERT INTO `sys_logininfor` VALUES ('163', 'admin', '127.0.0.1', '内网IP', 'Chrome', 'Windows 10', '0', '登录成功', '2019-09-09 12:11:43');
INSERT INTO `sys_logininfor` VALUES ('164', 'admin', '192.168.0.148', '内网IP', 'Chrome', 'Windows 10', '0', '登录成功', '2019-09-09 12:16:39');
INSERT INTO `sys_logininfor` VALUES ('165', 'admin', '192.168.0.148', '内网IP', 'Chrome', 'Windows 10', '0', '登录成功', '2019-09-09 12:18:27');
INSERT INTO `sys_logininfor` VALUES ('166', 'admin', '192.168.0.148', '内网IP', 'Chrome', 'Windows 10', '0', '登录成功', '2019-09-09 13:25:06');
INSERT INTO `sys_logininfor` VALUES ('167', 'admin', '127.0.0.1', '内网IP', 'Chrome', 'Windows 10', '0', '登录成功', '2019-09-09 14:27:11');
INSERT INTO `sys_logininfor` VALUES ('168', 'admin', '127.0.0.1', '内网IP', 'Chrome', 'Windows 10', '0', '登录成功', '2019-09-09 14:38:00');
INSERT INTO `sys_logininfor` VALUES ('169', 'admin', '127.0.0.1', '内网IP', 'Chrome', 'Windows 10', '0', '登录成功', '2019-09-09 15:03:23');
INSERT INTO `sys_logininfor` VALUES ('170', 'admin', '127.0.0.1', '内网IP', 'Chrome', 'Windows 10', '0', '登录成功', '2019-09-09 15:21:06');
INSERT INTO `sys_logininfor` VALUES ('171', 'admin', '127.0.0.1', '内网IP', 'Chrome', 'Windows 10', '0', '登录成功', '2019-09-09 15:24:19');
INSERT INTO `sys_logininfor` VALUES ('172', 'admin', '127.0.0.1', '内网IP', 'Chrome', 'Windows 10', '0', '登录成功', '2019-09-09 15:36:55');
INSERT INTO `sys_logininfor` VALUES ('173', 'admin', '127.0.0.1', '内网IP', 'Chrome', 'Windows 10', '0', '登录成功', '2019-09-09 16:17:13');
INSERT INTO `sys_logininfor` VALUES ('174', 'admin', '127.0.0.1', '内网IP', 'Chrome', 'Windows 10', '0', '登录成功', '2019-09-09 16:25:32');
INSERT INTO `sys_logininfor` VALUES ('175', 'admin', '192.168.0.148', '内网IP', 'Chrome', 'Windows 10', '0', '登录成功', '2019-09-09 17:37:30');
INSERT INTO `sys_logininfor` VALUES ('176', 'admin', '192.168.0.153', '内网IP', 'Microsoft Edge', 'Windows 10', '0', '登录成功', '2019-09-09 17:41:55');
INSERT INTO `sys_logininfor` VALUES ('177', 'admin', '127.0.0.1', '内网IP', 'Chrome', 'Windows 10', '0', '登录成功', '2019-09-09 17:50:48');
INSERT INTO `sys_logininfor` VALUES ('178', 'admin', '127.0.0.1', '内网IP', 'Chrome', 'Windows 10', '0', '退出成功', '2019-09-09 17:50:59');
INSERT INTO `sys_logininfor` VALUES ('179', 'admin', '127.0.0.1', '内网IP', 'Chrome', 'Windows 10', '0', '登录成功', '2019-09-09 17:57:19');
INSERT INTO `sys_logininfor` VALUES ('180', 'admin', '127.0.0.1', '内网IP', 'Chrome', 'Windows 10', '0', '退出成功', '2019-09-09 18:06:59');
INSERT INTO `sys_logininfor` VALUES ('181', 'admin', '127.0.0.1', '内网IP', 'Chrome', 'Windows 10', '0', '登录成功', '2019-09-09 18:07:00');
INSERT INTO `sys_logininfor` VALUES ('182', 'admin', '127.0.0.1', '内网IP', 'Chrome', 'Windows 10', '0', '退出成功', '2019-09-09 18:07:11');
INSERT INTO `sys_logininfor` VALUES ('183', 'admin', '127.0.0.1', '内网IP', 'Chrome', 'Windows 10', '0', '登录成功', '2019-09-09 18:07:13');
INSERT INTO `sys_logininfor` VALUES ('184', 'admin', '127.0.0.1', '内网IP', 'Chrome', 'Windows 10', '0', '退出成功', '2019-09-09 18:07:14');
INSERT INTO `sys_logininfor` VALUES ('185', 'sadmin', '127.0.0.1', '内网IP', 'Chrome', 'Windows 10', '1', '密码输入错误1次', '2019-09-09 18:07:16');
INSERT INTO `sys_logininfor` VALUES ('186', 'sadmin', '127.0.0.1', '内网IP', 'Chrome', 'Windows 10', '1', '密码输入错误2次', '2019-09-09 18:07:17');
INSERT INTO `sys_logininfor` VALUES ('187', 'sadmin', '127.0.0.1', '内网IP', 'Chrome', 'Windows 10', '1', '密码输入错误3次', '2019-09-09 18:07:19');
INSERT INTO `sys_logininfor` VALUES ('188', 'sadmin', '127.0.0.1', '内网IP', 'Chrome', 'Windows 10', '1', '密码输入错误4次', '2019-09-09 18:07:19');
INSERT INTO `sys_logininfor` VALUES ('189', 'sadmin', '127.0.0.1', '内网IP', 'Chrome', 'Windows 10', '1', '密码输入错误5次', '2019-09-09 18:07:32');
INSERT INTO `sys_logininfor` VALUES ('190', 'sadmin', '127.0.0.1', '内网IP', 'Chrome', 'Windows 10', '1', '密码输入错误5次，帐户锁定10分钟', '2019-09-09 18:07:58');
INSERT INTO `sys_logininfor` VALUES ('191', 'jk', '127.0.0.1', '内网IP', 'Chrome', 'Windows 10', '1', '密码输入错误1次', '2019-09-09 18:08:09');
INSERT INTO `sys_logininfor` VALUES ('192', 'jk', '127.0.0.1', '内网IP', 'Chrome', 'Windows 10', '1', '密码输入错误2次', '2019-09-09 18:08:21');
INSERT INTO `sys_logininfor` VALUES ('193', 'admin', '127.0.0.1', '内网IP', 'Chrome', 'Windows 10', '0', '登录成功', '2019-09-09 18:08:27');
INSERT INTO `sys_logininfor` VALUES ('194', 'admin', '127.0.0.1', '内网IP', 'Chrome', 'Windows 10', '0', '退出成功', '2019-09-09 18:08:29');
INSERT INTO `sys_logininfor` VALUES ('195', 'admin', '127.0.0.1', '内网IP', 'Chrome', 'Windows 10', '0', '登录成功', '2019-09-09 18:08:38');
INSERT INTO `sys_logininfor` VALUES ('196', 'admin', '127.0.0.1', '内网IP', 'Chrome', 'Windows 10', '0', '退出成功', '2019-09-09 18:08:54');
INSERT INTO `sys_logininfor` VALUES ('197', 'jk', '127.0.0.1', '内网IP', 'Chrome', 'Windows 10', '1', '密码输入错误3次', '2019-09-09 18:08:56');
INSERT INTO `sys_logininfor` VALUES ('198', 'jk', '127.0.0.1', '内网IP', 'Chrome', 'Windows 10', '1', '密码输入错误4次', '2019-09-09 18:09:14');
INSERT INTO `sys_logininfor` VALUES ('199', 'jk', '127.0.0.1', '内网IP', 'Chrome', 'Windows 10', '1', '密码输入错误5次', '2019-09-09 18:09:33');
INSERT INTO `sys_logininfor` VALUES ('200', 'admin', '127.0.0.1', '内网IP', 'Chrome', 'Windows 10', '0', '登录成功', '2019-09-09 18:09:52');
INSERT INTO `sys_logininfor` VALUES ('201', 'admin', '127.0.0.1', '内网IP', 'Chrome', 'Windows 10', '0', '退出成功', '2019-09-09 18:13:38');
INSERT INTO `sys_logininfor` VALUES ('202', 'sadmin', '127.0.0.1', '内网IP', 'Chrome', 'Windows 10', '1', '密码输入错误5次，帐户锁定10分钟', '2019-09-09 18:13:41');
INSERT INTO `sys_logininfor` VALUES ('203', 'admin', '127.0.0.1', '内网IP', 'Chrome', 'Windows 10', '0', '登录成功', '2019-09-09 18:14:23');
INSERT INTO `sys_logininfor` VALUES ('204', 'admin', '127.0.0.1', '内网IP', 'Chrome', 'Windows 10', '0', '退出成功', '2019-09-09 18:16:23');
INSERT INTO `sys_logininfor` VALUES ('205', 'xadmin', '127.0.0.1', '内网IP', 'Chrome', 'Windows 10', '0', '登录成功', '2019-09-09 18:16:27');
INSERT INTO `sys_logininfor` VALUES ('206', 'sadmin', '127.0.0.1', '内网IP', 'Chrome', 'Windows 10', '1', '对不起，您的账号已被删除', '2019-09-09 18:19:14');
INSERT INTO `sys_logininfor` VALUES ('207', 'xadmin', '127.0.0.1', '内网IP', 'Chrome', 'Windows 10', '0', '退出成功', '2019-09-09 18:19:21');
INSERT INTO `sys_logininfor` VALUES ('208', 'sadmin', '127.0.0.1', '内网IP', 'Chrome', 'Windows 10', '1', '对不起，您的账号已被删除', '2019-09-09 18:19:23');
INSERT INTO `sys_logininfor` VALUES ('209', 'sadmin', '127.0.0.1', '内网IP', 'Chrome', 'Windows 10', '1', '对不起，您的账号已被删除', '2019-09-09 18:19:27');
INSERT INTO `sys_logininfor` VALUES ('210', 'sadmin', '127.0.0.1', '内网IP', 'Chrome', 'Windows 10', '1', '对不起，您的账号已被删除', '2019-09-09 18:19:28');
INSERT INTO `sys_logininfor` VALUES ('211', 'xadmin', '127.0.0.1', '内网IP', 'Chrome', 'Windows 10', '0', '登录成功', '2019-09-09 18:19:40');
INSERT INTO `sys_logininfor` VALUES ('212', 'xadmin', '127.0.0.1', '内网IP', 'Chrome', 'Windows 10', '0', '退出成功', '2019-09-09 18:19:42');
INSERT INTO `sys_logininfor` VALUES ('213', 'admin', '127.0.0.1', '内网IP', 'Chrome', 'Windows 10', '0', '登录成功', '2019-09-09 18:19:43');
INSERT INTO `sys_logininfor` VALUES ('214', 'admin', '127.0.0.1', '内网IP', 'Chrome', 'Windows 10', '0', '退出成功', '2019-09-09 18:21:16');
INSERT INTO `sys_logininfor` VALUES ('215', 'xadmin', '127.0.0.1', '内网IP', 'Chrome', 'Windows 10', '1', '密码输入错误1次', '2019-09-09 18:21:20');
INSERT INTO `sys_logininfor` VALUES ('216', 'xadmin', '127.0.0.1', '内网IP', 'Chrome', 'Windows 10', '0', '登录成功', '2019-09-09 18:21:23');
INSERT INTO `sys_logininfor` VALUES ('217', 'xadmin', '127.0.0.1', '内网IP', 'Chrome', 'Windows 10', '0', '退出成功', '2019-09-09 18:21:27');
INSERT INTO `sys_logininfor` VALUES ('218', 'admin', '127.0.0.1', '内网IP', 'Chrome', 'Windows 10', '0', '登录成功', '2019-09-09 18:21:28');
INSERT INTO `sys_logininfor` VALUES ('219', 'admin', '192.168.0.148', '内网IP', 'Chrome', 'Windows 10', '0', '退出成功', '2019-09-09 18:22:44');
INSERT INTO `sys_logininfor` VALUES ('220', 'xadmin', '192.168.0.148', '内网IP', 'Chrome', 'Windows 10', '0', '登录成功', '2019-09-09 18:22:51');
INSERT INTO `sys_logininfor` VALUES ('221', 'admin', '127.0.0.1', '内网IP', 'Chrome', 'Windows 10', '0', '退出成功', '2019-09-09 18:29:54');
INSERT INTO `sys_logininfor` VALUES ('222', 'admin', '127.0.0.1', '内网IP', 'Chrome', 'Windows 10', '0', '登录成功', '2019-09-09 18:29:56');
INSERT INTO `sys_logininfor` VALUES ('223', 'admin', '127.0.0.1', '内网IP', 'Chrome', 'Windows 10', '0', '退出成功', '2019-09-09 18:31:00');
INSERT INTO `sys_logininfor` VALUES ('224', 'admin', '127.0.0.1', '内网IP', 'Chrome', 'Windows 10', '0', '登录成功', '2019-09-09 18:31:24');
INSERT INTO `sys_logininfor` VALUES ('225', 'admin', '192.168.0.148', '内网IP', 'Chrome', 'Windows 10', '1', '密码输入错误1次', '2019-09-09 18:34:05');
INSERT INTO `sys_logininfor` VALUES ('226', 'xadmin', '192.168.0.148', '内网IP', 'Chrome', 'Windows 10', '0', '登录成功', '2019-09-09 18:34:15');
INSERT INTO `sys_logininfor` VALUES ('227', 'admin', '127.0.0.1', '内网IP', 'Chrome', 'Windows 10', '0', '退出成功', '2019-09-09 18:38:29');
INSERT INTO `sys_logininfor` VALUES ('228', 'admin', '127.0.0.1', '内网IP', 'Chrome', 'Windows 10', '0', '登录成功', '2019-09-09 18:38:40');
INSERT INTO `sys_logininfor` VALUES ('229', 'admin', '127.0.0.1', '内网IP', 'Chrome', 'Windows 10', '0', '退出成功', '2019-09-09 18:38:41');
INSERT INTO `sys_logininfor` VALUES ('230', 'admin', '127.0.0.1', '内网IP', 'Chrome', 'Windows 10', '0', '登录成功', '2019-09-09 18:38:49');
INSERT INTO `sys_logininfor` VALUES ('231', 'admin', '192.168.0.148', '内网IP', 'Chrome', 'Windows 10', '0', '登录成功', '2019-09-09 18:45:46');
INSERT INTO `sys_logininfor` VALUES ('232', 'admin', '192.168.0.103', '内网IP', 'Chrome', 'Windows 10', '0', '登录成功', '2019-09-09 18:49:09');
INSERT INTO `sys_logininfor` VALUES ('233', 'admin', '192.168.0.225', '内网IP', 'Chrome', 'Windows 10', '0', '登录成功', '2019-09-09 18:52:24');

-- ----------------------------
-- Table structure for sys_menu
-- ----------------------------
DROP TABLE IF EXISTS `sys_menu`;
CREATE TABLE `sys_menu` (
  `menu_id` bigint(20) NOT NULL AUTO_INCREMENT COMMENT '菜单ID',
  `menu_name` varchar(50) NOT NULL COMMENT '菜单名称',
  `parent_id` bigint(20) DEFAULT '0' COMMENT '父菜单ID',
  `order_num` int(4) DEFAULT '0' COMMENT '显示顺序',
  `url` varchar(200) DEFAULT '#' COMMENT '请求地址',
  `target` varchar(20) DEFAULT '' COMMENT '打开方式（menuItem页签 menuBlank新窗口）',
  `menu_type` char(1) DEFAULT '' COMMENT '菜单类型（M目录 C菜单 F按钮）',
  `visible` char(1) DEFAULT '0' COMMENT '菜单状态（0显示 1隐藏）',
  `perms` varchar(100) DEFAULT NULL COMMENT '权限标识',
  `icon` varchar(100) DEFAULT '#' COMMENT '菜单图标',
  `create_by` varchar(64) DEFAULT '' COMMENT '创建者',
  `create_time` datetime DEFAULT NULL COMMENT '创建时间',
  `update_by` varchar(64) DEFAULT '' COMMENT '更新者',
  `update_time` datetime DEFAULT NULL COMMENT '更新时间',
  `remark` varchar(500) DEFAULT '' COMMENT '备注',
  PRIMARY KEY (`menu_id`)
) ENGINE=InnoDB AUTO_INCREMENT=2068 DEFAULT CHARSET=utf8 COMMENT='菜单权限表';

-- ----------------------------
-- Records of sys_menu
-- ----------------------------
INSERT INTO `sys_menu` VALUES ('1', '系统管理', '0', '999', '#', 'menuItem', 'M', '0', '', 'fa fa-gear', 'admin', '2018-03-16 11:33:00', 'admin', '2019-09-09 18:02:42', '系统管理目录');
INSERT INTO `sys_menu` VALUES ('2', '系统监控', '0', '991', '#', 'menuItem', 'M', '0', '', 'fa fa-video-camera', 'admin', '2018-03-16 11:33:00', 'admin', '2019-09-05 09:32:00', '系统监控目录');
INSERT INTO `sys_menu` VALUES ('3', '系统工具', '0', '992', '#', 'menuItem', 'M', '0', '', 'fa fa-bars', 'admin', '2018-03-16 11:33:00', 'admin', '2019-09-05 09:32:06', '系统工具目录');
INSERT INTO `sys_menu` VALUES ('100', '用户管理', '1', '1', '/system/user', '', 'C', '0', 'system:user:view', '#', 'admin', '2018-03-16 11:33:00', 'ry', '2018-03-16 11:33:00', '用户管理菜单');
INSERT INTO `sys_menu` VALUES ('101', '角色管理', '1', '2', '/system/role', '', 'C', '0', 'system:role:view', '#', 'admin', '2018-03-16 11:33:00', 'ry', '2018-03-16 11:33:00', '角色管理菜单');
INSERT INTO `sys_menu` VALUES ('102', '菜单管理', '1', '3', '/system/menu', '', 'C', '0', 'system:menu:view', '#', 'admin', '2018-03-16 11:33:00', 'ry', '2018-03-16 11:33:00', '菜单管理菜单');
INSERT INTO `sys_menu` VALUES ('103', '部门管理', '1', '4', '/system/dept', '', 'C', '0', 'system:dept:view', '#', 'admin', '2018-03-16 11:33:00', 'ry', '2018-03-16 11:33:00', '部门管理菜单');
INSERT INTO `sys_menu` VALUES ('104', '岗位管理', '1', '5', '/system/post', '', 'C', '0', 'system:post:view', '#', 'admin', '2018-03-16 11:33:00', 'ry', '2018-03-16 11:33:00', '岗位管理菜单');
INSERT INTO `sys_menu` VALUES ('105', '字典管理', '1', '6', '/system/dict', '', 'C', '0', 'system:dict:view', '#', 'admin', '2018-03-16 11:33:00', 'ry', '2018-03-16 11:33:00', '字典管理菜单');
INSERT INTO `sys_menu` VALUES ('106', '参数设置', '1', '7', '/system/config', '', 'C', '0', 'system:config:view', '#', 'admin', '2018-03-16 11:33:00', 'ry', '2018-03-16 11:33:00', '参数设置菜单');
INSERT INTO `sys_menu` VALUES ('107', '通知公告', '1', '8', '/system/notice', '', 'C', '0', 'system:notice:view', '#', 'admin', '2018-03-16 11:33:00', 'ry', '2018-03-16 11:33:00', '通知公告菜单');
INSERT INTO `sys_menu` VALUES ('108', '日志管理', '1', '9', '#', '', 'M', '0', '', '#', 'admin', '2018-03-16 11:33:00', 'ry', '2018-03-16 11:33:00', '日志管理菜单');
INSERT INTO `sys_menu` VALUES ('109', '在线用户', '2', '1', '/monitor/online', '', 'C', '0', 'monitor:online:view', '#', 'admin', '2018-03-16 11:33:00', 'ry', '2018-03-16 11:33:00', '在线用户菜单');
INSERT INTO `sys_menu` VALUES ('110', '定时任务', '2', '2', '/monitor/job', '', 'C', '0', 'monitor:job:view', '#', 'admin', '2018-03-16 11:33:00', 'ry', '2018-03-16 11:33:00', '定时任务菜单');
INSERT INTO `sys_menu` VALUES ('111', '数据监控', '2', '3', '/monitor/data', '', 'C', '0', 'monitor:data:view', '#', 'admin', '2018-03-16 11:33:00', 'ry', '2018-03-16 11:33:00', '数据监控菜单');
INSERT INTO `sys_menu` VALUES ('112', '服务监控', '2', '3', '/monitor/server', '', 'C', '0', 'monitor:server:view', '#', 'admin', '2018-03-16 11:33:00', 'ry', '2018-03-16 11:33:00', '服务监控菜单');
INSERT INTO `sys_menu` VALUES ('113', '表单构建', '3', '1', '/tool/build', '', 'C', '0', 'tool:build:view', '#', 'admin', '2018-03-16 11:33:00', 'ry', '2018-03-16 11:33:00', '表单构建菜单');
INSERT INTO `sys_menu` VALUES ('114', '代码生成', '3', '2', '/tool/gen', '', 'C', '0', 'tool:gen:view', '#', 'admin', '2018-03-16 11:33:00', 'ry', '2018-03-16 11:33:00', '代码生成菜单');
INSERT INTO `sys_menu` VALUES ('115', '系统接口', '3', '3', '/tool/swagger', '', 'C', '0', 'tool:swagger:view', '#', 'admin', '2018-03-16 11:33:00', 'ry', '2018-03-16 11:33:00', '系统接口菜单');
INSERT INTO `sys_menu` VALUES ('500', '操作日志', '108', '1', '/monitor/operlog', '', 'C', '0', 'monitor:operlog:view', '#', 'admin', '2018-03-16 11:33:00', 'ry', '2018-03-16 11:33:00', '操作日志菜单');
INSERT INTO `sys_menu` VALUES ('501', '登录日志', '108', '2', '/monitor/logininfor', '', 'C', '0', 'monitor:logininfor:view', '#', 'admin', '2018-03-16 11:33:00', 'ry', '2018-03-16 11:33:00', '登录日志菜单');
INSERT INTO `sys_menu` VALUES ('1000', '用户查询', '100', '1', '#', '', 'F', '0', 'system:user:list', '#', 'admin', '2018-03-16 11:33:00', 'ry', '2018-03-16 11:33:00', '');
INSERT INTO `sys_menu` VALUES ('1001', '用户新增', '100', '2', '#', '', 'F', '0', 'system:user:add', '#', 'admin', '2018-03-16 11:33:00', 'ry', '2018-03-16 11:33:00', '');
INSERT INTO `sys_menu` VALUES ('1002', '用户修改', '100', '3', '#', '', 'F', '0', 'system:user:edit', '#', 'admin', '2018-03-16 11:33:00', 'ry', '2018-03-16 11:33:00', '');
INSERT INTO `sys_menu` VALUES ('1003', '用户删除', '100', '4', '#', '', 'F', '0', 'system:user:remove', '#', 'admin', '2018-03-16 11:33:00', 'ry', '2018-03-16 11:33:00', '');
INSERT INTO `sys_menu` VALUES ('1004', '用户导出', '100', '5', '#', '', 'F', '0', 'system:user:export', '#', 'admin', '2018-03-16 11:33:00', 'ry', '2018-03-16 11:33:00', '');
INSERT INTO `sys_menu` VALUES ('1005', '用户导入', '100', '6', '#', '', 'F', '0', 'system:user:import', '#', 'admin', '2018-03-16 11:33:00', 'ry', '2018-03-16 11:33:00', '');
INSERT INTO `sys_menu` VALUES ('1006', '重置密码', '100', '7', '#', '', 'F', '0', 'system:user:resetPwd', '#', 'admin', '2018-03-16 11:33:00', 'ry', '2018-03-16 11:33:00', '');
INSERT INTO `sys_menu` VALUES ('1007', '角色查询', '101', '1', '#', '', 'F', '0', 'system:role:list', '#', 'admin', '2018-03-16 11:33:00', 'ry', '2018-03-16 11:33:00', '');
INSERT INTO `sys_menu` VALUES ('1008', '角色新增', '101', '2', '#', '', 'F', '0', 'system:role:add', '#', 'admin', '2018-03-16 11:33:00', 'ry', '2018-03-16 11:33:00', '');
INSERT INTO `sys_menu` VALUES ('1009', '角色修改', '101', '3', '#', '', 'F', '0', 'system:role:edit', '#', 'admin', '2018-03-16 11:33:00', 'ry', '2018-03-16 11:33:00', '');
INSERT INTO `sys_menu` VALUES ('1010', '角色删除', '101', '4', '#', '', 'F', '0', 'system:role:remove', '#', 'admin', '2018-03-16 11:33:00', 'ry', '2018-03-16 11:33:00', '');
INSERT INTO `sys_menu` VALUES ('1011', '角色导出', '101', '5', '#', '', 'F', '0', 'system:role:export', '#', 'admin', '2018-03-16 11:33:00', 'ry', '2018-03-16 11:33:00', '');
INSERT INTO `sys_menu` VALUES ('1012', '菜单查询', '102', '1', '#', '', 'F', '0', 'system:menu:list', '#', 'admin', '2018-03-16 11:33:00', 'ry', '2018-03-16 11:33:00', '');
INSERT INTO `sys_menu` VALUES ('1013', '菜单新增', '102', '2', '#', '', 'F', '0', 'system:menu:add', '#', 'admin', '2018-03-16 11:33:00', 'ry', '2018-03-16 11:33:00', '');
INSERT INTO `sys_menu` VALUES ('1014', '菜单修改', '102', '3', '#', '', 'F', '0', 'system:menu:edit', '#', 'admin', '2018-03-16 11:33:00', 'ry', '2018-03-16 11:33:00', '');
INSERT INTO `sys_menu` VALUES ('1015', '菜单删除', '102', '4', '#', '', 'F', '0', 'system:menu:remove', '#', 'admin', '2018-03-16 11:33:00', 'ry', '2018-03-16 11:33:00', '');
INSERT INTO `sys_menu` VALUES ('1016', '部门查询', '103', '1', '#', '', 'F', '0', 'system:dept:list', '#', 'admin', '2018-03-16 11:33:00', 'ry', '2018-03-16 11:33:00', '');
INSERT INTO `sys_menu` VALUES ('1017', '部门新增', '103', '2', '#', '', 'F', '0', 'system:dept:add', '#', 'admin', '2018-03-16 11:33:00', 'ry', '2018-03-16 11:33:00', '');
INSERT INTO `sys_menu` VALUES ('1018', '部门修改', '103', '3', '#', '', 'F', '0', 'system:dept:edit', '#', 'admin', '2018-03-16 11:33:00', 'ry', '2018-03-16 11:33:00', '');
INSERT INTO `sys_menu` VALUES ('1019', '部门删除', '103', '4', '#', '', 'F', '0', 'system:dept:remove', '#', 'admin', '2018-03-16 11:33:00', 'ry', '2018-03-16 11:33:00', '');
INSERT INTO `sys_menu` VALUES ('1020', '岗位查询', '104', '1', '#', '', 'F', '0', 'system:post:list', '#', 'admin', '2018-03-16 11:33:00', 'ry', '2018-03-16 11:33:00', '');
INSERT INTO `sys_menu` VALUES ('1021', '岗位新增', '104', '2', '#', '', 'F', '0', 'system:post:add', '#', 'admin', '2018-03-16 11:33:00', 'ry', '2018-03-16 11:33:00', '');
INSERT INTO `sys_menu` VALUES ('1022', '岗位修改', '104', '3', '#', '', 'F', '0', 'system:post:edit', '#', 'admin', '2018-03-16 11:33:00', 'ry', '2018-03-16 11:33:00', '');
INSERT INTO `sys_menu` VALUES ('1023', '岗位删除', '104', '4', '#', '', 'F', '0', 'system:post:remove', '#', 'admin', '2018-03-16 11:33:00', 'ry', '2018-03-16 11:33:00', '');
INSERT INTO `sys_menu` VALUES ('1024', '岗位导出', '104', '5', '#', '', 'F', '0', 'system:post:export', '#', 'admin', '2018-03-16 11:33:00', 'ry', '2018-03-16 11:33:00', '');
INSERT INTO `sys_menu` VALUES ('1025', '字典查询', '105', '1', '#', '', 'F', '0', 'system:dict:list', '#', 'admin', '2018-03-16 11:33:00', 'ry', '2018-03-16 11:33:00', '');
INSERT INTO `sys_menu` VALUES ('1026', '字典新增', '105', '2', '#', '', 'F', '0', 'system:dict:add', '#', 'admin', '2018-03-16 11:33:00', 'ry', '2018-03-16 11:33:00', '');
INSERT INTO `sys_menu` VALUES ('1027', '字典修改', '105', '3', '#', '', 'F', '0', 'system:dict:edit', '#', 'admin', '2018-03-16 11:33:00', 'ry', '2018-03-16 11:33:00', '');
INSERT INTO `sys_menu` VALUES ('1028', '字典删除', '105', '4', '#', '', 'F', '0', 'system:dict:remove', '#', 'admin', '2018-03-16 11:33:00', 'ry', '2018-03-16 11:33:00', '');
INSERT INTO `sys_menu` VALUES ('1029', '字典导出', '105', '5', '#', '', 'F', '0', 'system:dict:export', '#', 'admin', '2018-03-16 11:33:00', 'ry', '2018-03-16 11:33:00', '');
INSERT INTO `sys_menu` VALUES ('1030', '参数查询', '106', '1', '#', '', 'F', '0', 'system:config:list', '#', 'admin', '2018-03-16 11:33:00', 'ry', '2018-03-16 11:33:00', '');
INSERT INTO `sys_menu` VALUES ('1031', '参数新增', '106', '2', '#', '', 'F', '0', 'system:config:add', '#', 'admin', '2018-03-16 11:33:00', 'ry', '2018-03-16 11:33:00', '');
INSERT INTO `sys_menu` VALUES ('1032', '参数修改', '106', '3', '#', '', 'F', '0', 'system:config:edit', '#', 'admin', '2018-03-16 11:33:00', 'ry', '2018-03-16 11:33:00', '');
INSERT INTO `sys_menu` VALUES ('1033', '参数删除', '106', '4', '#', '', 'F', '0', 'system:config:remove', '#', 'admin', '2018-03-16 11:33:00', 'ry', '2018-03-16 11:33:00', '');
INSERT INTO `sys_menu` VALUES ('1034', '参数导出', '106', '5', '#', '', 'F', '0', 'system:config:export', '#', 'admin', '2018-03-16 11:33:00', 'ry', '2018-03-16 11:33:00', '');
INSERT INTO `sys_menu` VALUES ('1035', '公告查询', '107', '1', '#', '', 'F', '0', 'system:notice:list', '#', 'admin', '2018-03-16 11:33:00', 'ry', '2018-03-16 11:33:00', '');
INSERT INTO `sys_menu` VALUES ('1036', '公告新增', '107', '2', '#', '', 'F', '0', 'system:notice:add', '#', 'admin', '2018-03-16 11:33:00', 'ry', '2018-03-16 11:33:00', '');
INSERT INTO `sys_menu` VALUES ('1037', '公告修改', '107', '3', '#', '', 'F', '0', 'system:notice:edit', '#', 'admin', '2018-03-16 11:33:00', 'ry', '2018-03-16 11:33:00', '');
INSERT INTO `sys_menu` VALUES ('1038', '公告删除', '107', '4', '#', '', 'F', '0', 'system:notice:remove', '#', 'admin', '2018-03-16 11:33:00', 'ry', '2018-03-16 11:33:00', '');
INSERT INTO `sys_menu` VALUES ('1039', '操作查询', '500', '1', '#', '', 'F', '0', 'monitor:operlog:list', '#', 'admin', '2018-03-16 11:33:00', 'ry', '2018-03-16 11:33:00', '');
INSERT INTO `sys_menu` VALUES ('1040', '操作删除', '500', '2', '#', '', 'F', '0', 'monitor:operlog:remove', '#', 'admin', '2018-03-16 11:33:00', 'ry', '2018-03-16 11:33:00', '');
INSERT INTO `sys_menu` VALUES ('1041', '详细信息', '500', '3', '#', '', 'F', '0', 'monitor:operlog:detail', '#', 'admin', '2018-03-16 11:33:00', 'ry', '2018-03-16 11:33:00', '');
INSERT INTO `sys_menu` VALUES ('1042', '日志导出', '500', '4', '#', '', 'F', '0', 'monitor:operlog:export', '#', 'admin', '2018-03-16 11:33:00', 'ry', '2018-03-16 11:33:00', '');
INSERT INTO `sys_menu` VALUES ('1043', '登录查询', '501', '1', '#', '', 'F', '0', 'monitor:logininfor:list', '#', 'admin', '2018-03-16 11:33:00', 'ry', '2018-03-16 11:33:00', '');
INSERT INTO `sys_menu` VALUES ('1044', '登录删除', '501', '2', '#', '', 'F', '0', 'monitor:logininfor:remove', '#', 'admin', '2018-03-16 11:33:00', 'ry', '2018-03-16 11:33:00', '');
INSERT INTO `sys_menu` VALUES ('1045', '日志导出', '501', '3', '#', '', 'F', '0', 'monitor:logininfor:export', '#', 'admin', '2018-03-16 11:33:00', 'ry', '2018-03-16 11:33:00', '');
INSERT INTO `sys_menu` VALUES ('1046', '在线查询', '109', '1', '#', '', 'F', '0', 'monitor:online:list', '#', 'admin', '2018-03-16 11:33:00', 'ry', '2018-03-16 11:33:00', '');
INSERT INTO `sys_menu` VALUES ('1047', '批量强退', '109', '2', '#', '', 'F', '0', 'monitor:online:batchForceLogout', '#', 'admin', '2018-03-16 11:33:00', 'ry', '2018-03-16 11:33:00', '');
INSERT INTO `sys_menu` VALUES ('1048', '单条强退', '109', '3', '#', '', 'F', '0', 'monitor:online:forceLogout', '#', 'admin', '2018-03-16 11:33:00', 'ry', '2018-03-16 11:33:00', '');
INSERT INTO `sys_menu` VALUES ('1049', '任务查询', '110', '1', '#', '', 'F', '0', 'monitor:job:list', '#', 'admin', '2018-03-16 11:33:00', 'ry', '2018-03-16 11:33:00', '');
INSERT INTO `sys_menu` VALUES ('1050', '任务新增', '110', '2', '#', '', 'F', '0', 'monitor:job:add', '#', 'admin', '2018-03-16 11:33:00', 'ry', '2018-03-16 11:33:00', '');
INSERT INTO `sys_menu` VALUES ('1051', '任务修改', '110', '3', '#', '', 'F', '0', 'monitor:job:edit', '#', 'admin', '2018-03-16 11:33:00', 'ry', '2018-03-16 11:33:00', '');
INSERT INTO `sys_menu` VALUES ('1052', '任务删除', '110', '4', '#', '', 'F', '0', 'monitor:job:remove', '#', 'admin', '2018-03-16 11:33:00', 'ry', '2018-03-16 11:33:00', '');
INSERT INTO `sys_menu` VALUES ('1053', '状态修改', '110', '5', '#', '', 'F', '0', 'monitor:job:changeStatus', '#', 'admin', '2018-03-16 11:33:00', 'ry', '2018-03-16 11:33:00', '');
INSERT INTO `sys_menu` VALUES ('1054', '任务详细', '110', '6', '#', '', 'F', '0', 'monitor:job:detail', '#', 'admin', '2018-03-16 11:33:00', 'ry', '2018-03-16 11:33:00', '');
INSERT INTO `sys_menu` VALUES ('1055', '任务导出', '110', '7', '#', '', 'F', '0', 'monitor:job:export', '#', 'admin', '2018-03-16 11:33:00', 'ry', '2018-03-16 11:33:00', '');
INSERT INTO `sys_menu` VALUES ('1056', '生成查询', '114', '1', '#', '', 'F', '0', 'tool:gen:list', '#', 'admin', '2018-03-16 11:33:00', 'ry', '2018-03-16 11:33:00', '');
INSERT INTO `sys_menu` VALUES ('1057', '生成修改', '114', '2', '#', '', 'F', '0', 'tool:gen:edit', '#', 'admin', '2018-03-16 11:33:00', 'ry', '2018-03-16 11:33:00', '');
INSERT INTO `sys_menu` VALUES ('1058', '生成删除', '114', '3', '#', '', 'F', '0', 'tool:gen:remove', '#', 'admin', '2018-03-16 11:33:00', 'ry', '2018-03-16 11:33:00', '');
INSERT INTO `sys_menu` VALUES ('1059', '预览代码', '114', '4', '#', '', 'F', '0', 'tool:gen:preview', '#', 'admin', '2018-03-16 11:33:00', 'ry', '2018-03-16 11:33:00', '');
INSERT INTO `sys_menu` VALUES ('1060', '生成代码', '114', '5', '#', '', 'F', '0', 'tool:gen:code', '#', 'admin', '2018-03-16 11:33:00', 'ry', '2018-03-16 11:33:00', '');
INSERT INTO `sys_menu` VALUES ('2000', '基础服务', '0', '100', '#', 'menuItem', 'M', '0', '', 'fa fa-tasks', 'admin', '2019-09-05 09:29:23', 'admin', '2019-09-05 09:44:12', '');
INSERT INTO `sys_menu` VALUES ('2001', '业务管理', '0', '200', '#', 'menuItem', 'M', '0', '', 'fa fa-map', 'admin', '2019-09-05 09:30:38', 'admin', '2019-09-05 09:32:19', '');
INSERT INTO `sys_menu` VALUES ('2004', '网关鉴权', '0', '300', '#', 'menuItem', 'C', '0', null, 'fa fa-database', 'admin', '2019-09-05 09:45:10', '', null, '');
INSERT INTO `sys_menu` VALUES ('2010', 'POI管理', '2001', '1', '/business/dobject', 'menuItem', 'C', '0', 'business:dobject:view', '#', 'admin', '2018-03-01 00:00:00', 'admin', '2019-09-05 14:28:33', 'POI菜单');
INSERT INTO `sys_menu` VALUES ('2011', 'POI查询', '2010', '1', '#', '', 'F', '0', 'business:dobject:list', '#', 'admin', '2018-03-01 00:00:00', 'ry', '2018-03-01 00:00:00', '');
INSERT INTO `sys_menu` VALUES ('2012', 'POI新增', '2010', '2', '#', '', 'F', '0', 'business:dobject:add', '#', 'admin', '2018-03-01 00:00:00', 'ry', '2018-03-01 00:00:00', '');
INSERT INTO `sys_menu` VALUES ('2013', 'POI修改', '2010', '3', '#', '', 'F', '0', 'business:dobject:edit', '#', 'admin', '2018-03-01 00:00:00', 'ry', '2018-03-01 00:00:00', '');
INSERT INTO `sys_menu` VALUES ('2014', 'POI删除', '2010', '4', '#', '', 'F', '0', 'business:dobject:remove', '#', 'admin', '2018-03-01 00:00:00', 'ry', '2018-03-01 00:00:00', '');
INSERT INTO `sys_menu` VALUES ('2015', 'POI导出', '2010', '5', '#', 'menuItem', 'F', '0', 'business:dobject:export', '#', 'admin', '2019-09-05 15:14:16', '', null, '');
INSERT INTO `sys_menu` VALUES ('2016', 'POI GeoJson导入', '2010', '6', '#', 'menuItem', 'F', '0', 'business:dobject:import', '#', 'admin', '2019-09-05 15:15:02', '', null, '');
INSERT INTO `sys_menu` VALUES ('2017', '基础配置', '2000', '2', '/basics/config', 'menuItem', 'C', '0', 'basics:config:view', '#', 'admin', '2018-03-01 00:00:00', 'admin', '2019-09-06 19:09:43', '基础配置菜单');
INSERT INTO `sys_menu` VALUES ('2018', '基础配置查询', '2017', '1', '#', '', 'F', '0', 'basics:config:list', '#', 'admin', '2018-03-01 00:00:00', 'ry', '2018-03-01 00:00:00', '');
INSERT INTO `sys_menu` VALUES ('2019', '基础配置新增', '2017', '2', '#', '', 'F', '0', 'basics:config:add', '#', 'admin', '2018-03-01 00:00:00', 'ry', '2018-03-01 00:00:00', '');
INSERT INTO `sys_menu` VALUES ('2020', '基础配置修改', '2017', '3', '#', '', 'F', '0', 'basics:config:edit', '#', 'admin', '2018-03-01 00:00:00', 'ry', '2018-03-01 00:00:00', '');
INSERT INTO `sys_menu` VALUES ('2021', '基础配置删除', '2017', '4', '#', '', 'F', '0', 'basics:config:remove', '#', 'admin', '2018-03-01 00:00:00', 'ry', '2018-03-01 00:00:00', '');
INSERT INTO `sys_menu` VALUES ('2022', '3DTiles模型', '2000', '3', '/basics/tmodel', 'menuItem', 'C', '0', 'basics:tmodel:view', '#', 'admin', '2018-03-01 00:00:00', 'admin', '2019-09-06 19:10:01', '3DTiles模型菜单');
INSERT INTO `sys_menu` VALUES ('2023', '3DTiles模型查询', '2022', '1', '#', '', 'F', '0', 'basics:tmodel:list', '#', 'admin', '2018-03-01 00:00:00', 'ry', '2018-03-01 00:00:00', '');
INSERT INTO `sys_menu` VALUES ('2024', '3DTiles模型新增', '2022', '2', '#', '', 'F', '0', 'basics:tmodel:add', '#', 'admin', '2018-03-01 00:00:00', 'ry', '2018-03-01 00:00:00', '');
INSERT INTO `sys_menu` VALUES ('2025', '3DTiles模型修改', '2022', '3', '#', '', 'F', '0', 'basics:tmodel:edit', '#', 'admin', '2018-03-01 00:00:00', 'ry', '2018-03-01 00:00:00', '');
INSERT INTO `sys_menu` VALUES ('2026', '3DTiles模型删除', '2022', '4', '#', '', 'F', '0', 'basics:tmodel:remove', '#', 'admin', '2018-03-01 00:00:00', 'ry', '2018-03-01 00:00:00', '');
INSERT INTO `sys_menu` VALUES ('2027', '外部服务', '2000', '6', '/basics/tprovider', 'menuItem', 'C', '0', 'basics:tprovider:view', '#', 'admin', '2018-03-01 00:00:00', 'admin', '2019-09-06 19:10:35', '外部服务菜单');
INSERT INTO `sys_menu` VALUES ('2028', '外部服务查询', '2027', '1', '#', '', 'F', '0', 'basics:tprovider:list', '#', 'admin', '2018-03-01 00:00:00', 'ry', '2018-03-01 00:00:00', '');
INSERT INTO `sys_menu` VALUES ('2029', '外部服务新增', '2027', '2', '#', '', 'F', '0', 'basics:tprovider:add', '#', 'admin', '2018-03-01 00:00:00', 'ry', '2018-03-01 00:00:00', '');
INSERT INTO `sys_menu` VALUES ('2030', '外部服务修改', '2027', '3', '#', '', 'F', '0', 'basics:tprovider:edit', '#', 'admin', '2018-03-01 00:00:00', 'ry', '2018-03-01 00:00:00', '');
INSERT INTO `sys_menu` VALUES ('2031', '外部服务删除', '2027', '4', '#', '', 'F', '0', 'basics:tprovider:remove', '#', 'admin', '2018-03-01 00:00:00', 'ry', '2018-03-01 00:00:00', '');
INSERT INTO `sys_menu` VALUES ('2032', '街景', '2000', '4', '/basics/tstreet', 'menuItem', 'C', '0', 'basics:tstreet:view', '#', 'admin', '2018-03-01 00:00:00', 'admin', '2019-09-06 19:10:16', '街景菜单');
INSERT INTO `sys_menu` VALUES ('2033', '街景查询', '2032', '1', '#', '', 'F', '0', 'basics:tstreet:list', '#', 'admin', '2018-03-01 00:00:00', 'ry', '2018-03-01 00:00:00', '');
INSERT INTO `sys_menu` VALUES ('2034', '街景新增', '2032', '2', '#', '', 'F', '0', 'basics:tstreet:add', '#', 'admin', '2018-03-01 00:00:00', 'ry', '2018-03-01 00:00:00', '');
INSERT INTO `sys_menu` VALUES ('2035', '街景修改', '2032', '3', '#', '', 'F', '0', 'basics:tstreet:edit', '#', 'admin', '2018-03-01 00:00:00', 'ry', '2018-03-01 00:00:00', '');
INSERT INTO `sys_menu` VALUES ('2036', '街景删除', '2032', '4', '#', '', 'F', '0', 'basics:tstreet:remove', '#', 'admin', '2018-03-01 00:00:00', 'ry', '2018-03-01 00:00:00', '');
INSERT INTO `sys_menu` VALUES ('2037', '任务表', '2000', '1', '/basics/tparameter', '', 'C', '0', 'basics:tparameter:view', '#', 'admin', '2018-03-01 00:00:00', 'ry', '2018-03-01 00:00:00', '任务表菜单');
INSERT INTO `sys_menu` VALUES ('2038', '任务表查询', '2037', '1', '#', '', 'F', '0', 'basics:tparameter:list', '#', 'admin', '2018-03-01 00:00:00', 'ry', '2018-03-01 00:00:00', '');
INSERT INTO `sys_menu` VALUES ('2039', '任务表新增', '2037', '2', '#', '', 'F', '0', 'basics:tparameter:add', '#', 'admin', '2018-03-01 00:00:00', 'ry', '2018-03-01 00:00:00', '');
INSERT INTO `sys_menu` VALUES ('2040', '任务表修改', '2037', '3', '#', '', 'F', '0', 'basics:tparameter:edit', '#', 'admin', '2018-03-01 00:00:00', 'ry', '2018-03-01 00:00:00', '');
INSERT INTO `sys_menu` VALUES ('2041', '任务表删除', '2037', '4', '#', '', 'F', '0', 'basics:tparameter:remove', '#', 'admin', '2018-03-01 00:00:00', 'ry', '2018-03-01 00:00:00', '');
INSERT INTO `sys_menu` VALUES ('2042', '模型街景配准', '2000', '5', '/basics/tcoregistration', 'menuItem', 'C', '0', 'basics:tcoregistration:view', '#', 'admin', '2018-03-01 00:00:00', 'admin', '2019-09-06 19:10:26', '模型街景配准菜单');
INSERT INTO `sys_menu` VALUES ('2043', '模型街景配准查询', '2042', '1', '#', '', 'F', '0', 'basics:tcoregistration:list', '#', 'admin', '2018-03-01 00:00:00', 'ry', '2018-03-01 00:00:00', '');
INSERT INTO `sys_menu` VALUES ('2044', '模型街景配准新增', '2042', '2', '#', '', 'F', '0', 'basics:tcoregistration:add', '#', 'admin', '2018-03-01 00:00:00', 'ry', '2018-03-01 00:00:00', '');
INSERT INTO `sys_menu` VALUES ('2045', '模型街景配准修改', '2042', '3', '#', '', 'F', '0', 'basics:tcoregistration:edit', '#', 'admin', '2018-03-01 00:00:00', 'ry', '2018-03-01 00:00:00', '');
INSERT INTO `sys_menu` VALUES ('2046', '模型街景配准删除', '2042', '4', '#', '', 'F', '0', 'basics:tcoregistration:remove', '#', 'admin', '2018-03-01 00:00:00', 'ry', '2018-03-01 00:00:00', '');
INSERT INTO `sys_menu` VALUES ('2047', '路线', '2000', '7', '/basics/troad', 'menuItem', 'C', '0', 'basics:troad:view', '#', 'admin', '2018-03-01 00:00:00', 'admin', '2019-09-06 19:10:44', '路线菜单');
INSERT INTO `sys_menu` VALUES ('2048', '路线查询', '2047', '1', '#', '', 'F', '0', 'basics:troad:list', '#', 'admin', '2018-03-01 00:00:00', 'ry', '2018-03-01 00:00:00', '');
INSERT INTO `sys_menu` VALUES ('2049', '路线新增', '2047', '2', '#', '', 'F', '0', 'basics:troad:add', '#', 'admin', '2018-03-01 00:00:00', 'ry', '2018-03-01 00:00:00', '');
INSERT INTO `sys_menu` VALUES ('2050', '路线修改', '2047', '3', '#', '', 'F', '0', 'basics:troad:edit', '#', 'admin', '2018-03-01 00:00:00', 'ry', '2018-03-01 00:00:00', '');
INSERT INTO `sys_menu` VALUES ('2051', '路线删除', '2047', '4', '#', '', 'F', '0', 'basics:troad:remove', '#', 'admin', '2018-03-01 00:00:00', 'ry', '2018-03-01 00:00:00', '');
INSERT INTO `sys_menu` VALUES ('2052', '路线POS', '2000', '8', '/basics/troadpos', 'menuItem', 'C', '0', 'basics:troadpos:view', '#', 'admin', '2018-03-01 00:00:00', 'admin', '2019-09-06 19:10:50', '路线POS菜单');
INSERT INTO `sys_menu` VALUES ('2053', '路线POS查询', '2052', '1', '#', '', 'F', '0', 'basics:troadpos:list', '#', 'admin', '2018-03-01 00:00:00', 'ry', '2018-03-01 00:00:00', '');
INSERT INTO `sys_menu` VALUES ('2054', '路线POS新增', '2052', '2', '#', '', 'F', '0', 'basics:troadpos:add', '#', 'admin', '2018-03-01 00:00:00', 'ry', '2018-03-01 00:00:00', '');
INSERT INTO `sys_menu` VALUES ('2055', '路线POS修改', '2052', '3', '#', '', 'F', '0', 'basics:troadpos:edit', '#', 'admin', '2018-03-01 00:00:00', 'ry', '2018-03-01 00:00:00', '');
INSERT INTO `sys_menu` VALUES ('2056', '路线POS删除', '2052', '4', '#', '', 'F', '0', 'basics:troadpos:remove', '#', 'admin', '2018-03-01 00:00:00', 'ry', '2018-03-01 00:00:00', '');
INSERT INTO `sys_menu` VALUES ('2057', '服务数据', '0', '993', '#', 'menuItem', 'M', '0', '', 'fa fa-cab', 'admin', '2019-09-07 11:11:36', 'admin', '2019-09-09 18:02:53', '');
INSERT INTO `sys_menu` VALUES ('2058', '本地仓库', '2057', '1', 'elfinder/index#elf_A_', 'menuItem', 'C', '0', 'elfinder:index:view', '#', 'admin', '2019-09-07 11:49:09', 'admin', '2019-09-09 00:03:46', '');
INSERT INTO `sys_menu` VALUES ('2060', '后台服务', '0', '1', '#', 'menuItem', 'M', '0', '', '#', 'admin', '2019-09-09 18:01:59', 'admin', '2019-09-09 18:02:06', '');
INSERT INTO `sys_menu` VALUES ('2061', '后台能力项', '0', '2', '#', 'menuItem', 'M', '0', null, '#', 'admin', '2019-09-09 18:03:12', '', null, '');
INSERT INTO `sys_menu` VALUES ('2062', '数据库', '0', '3', '#', 'menuItem', 'M', '0', null, '#', 'admin', '2019-09-09 18:03:28', '', null, '');
INSERT INTO `sys_menu` VALUES ('2063', '基础地理数据服务', '2060', '1', '/error', 'menuItem', 'C', '0', null, '#', 'admin', '2019-09-09 18:33:58', '', null, '');
INSERT INTO `sys_menu` VALUES ('2064', '业务数据服务', '2060', '2', '/error', 'menuItem', 'C', '0', '', '#', 'admin', '2019-09-09 18:36:07', 'admin', '2019-09-09 18:36:18', '');
INSERT INTO `sys_menu` VALUES ('2065', '网关鉴权服务', '2060', '3', '/error', 'menuItem', 'C', '0', null, '#', 'admin', '2019-09-09 18:36:42', '', null, '');
INSERT INTO `sys_menu` VALUES ('2066', '安全服务', '2060', '4', '/error', 'menuItem', 'C', '0', null, '#', 'admin', '2019-09-09 18:37:07', '', null, '');
INSERT INTO `sys_menu` VALUES ('2067', '日志服务', '2060', '5', '/error', 'menuItem', 'C', '0', null, '#', 'admin', '2019-09-09 18:41:14', '', null, '');

-- ----------------------------
-- Table structure for sys_notice
-- ----------------------------
DROP TABLE IF EXISTS `sys_notice`;
CREATE TABLE `sys_notice` (
  `notice_id` int(4) NOT NULL AUTO_INCREMENT COMMENT '公告ID',
  `notice_title` varchar(50) NOT NULL COMMENT '公告标题',
  `notice_type` char(1) NOT NULL COMMENT '公告类型（1通知 2公告）',
  `notice_content` varchar(2000) DEFAULT NULL COMMENT '公告内容',
  `status` char(1) DEFAULT '0' COMMENT '公告状态（0正常 1关闭）',
  `create_by` varchar(64) DEFAULT '' COMMENT '创建者',
  `create_time` datetime DEFAULT NULL COMMENT '创建时间',
  `update_by` varchar(64) DEFAULT '' COMMENT '更新者',
  `update_time` datetime DEFAULT NULL COMMENT '更新时间',
  `remark` varchar(255) DEFAULT NULL COMMENT '备注',
  PRIMARY KEY (`notice_id`)
) ENGINE=InnoDB AUTO_INCREMENT=10 DEFAULT CHARSET=utf8 COMMENT='通知公告表';

-- ----------------------------
-- Records of sys_notice
-- ----------------------------
INSERT INTO `sys_notice` VALUES ('1', '温馨提醒：2018-07-01 Backstage新版本发布啦', '2', '新版本内容', '0', 'admin', '2018-03-16 11:33:00', 'admin', '2019-09-04 15:29:05', '管理员');
INSERT INTO `sys_notice` VALUES ('2', '维护通知：2018-07-01 Backstage系统凌晨维护', '1', '维护内容', '0', 'admin', '2018-03-16 11:33:00', 'admin', '2019-09-04 15:29:13', '管理员');

-- ----------------------------
-- Table structure for sys_oper_log
-- ----------------------------
DROP TABLE IF EXISTS `sys_oper_log`;
CREATE TABLE `sys_oper_log` (
  `oper_id` bigint(20) NOT NULL AUTO_INCREMENT COMMENT '日志主键',
  `title` varchar(50) DEFAULT '' COMMENT '模块标题',
  `business_type` int(2) DEFAULT '0' COMMENT '业务类型（0其它 1新增 2修改 3删除）',
  `method` varchar(100) DEFAULT '' COMMENT '方法名称',
  `request_method` varchar(10) DEFAULT '' COMMENT '请求方式',
  `operator_type` int(1) DEFAULT '0' COMMENT '操作类别（0其它 1后台用户 2手机端用户）',
  `oper_name` varchar(50) DEFAULT '' COMMENT '操作人员',
  `dept_name` varchar(50) DEFAULT '' COMMENT '部门名称',
  `oper_url` varchar(255) DEFAULT '' COMMENT '请求URL',
  `oper_ip` varchar(50) DEFAULT '' COMMENT '主机地址',
  `oper_location` varchar(255) DEFAULT '' COMMENT '操作地点',
  `oper_param` varchar(2000) DEFAULT '' COMMENT '请求参数',
  `status` int(1) DEFAULT '0' COMMENT '操作状态（0正常 1异常）',
  `error_msg` varchar(2000) DEFAULT '' COMMENT '错误消息',
  `oper_time` datetime DEFAULT NULL COMMENT '操作时间',
  PRIMARY KEY (`oper_id`)
) ENGINE=InnoDB AUTO_INCREMENT=479 DEFAULT CHARSET=utf8 COMMENT='操作日志记录';

-- ----------------------------
-- Records of sys_oper_log
-- ----------------------------
INSERT INTO `sys_oper_log` VALUES ('100', '用户管理', '2', 'com.backstage.web.controller.system.SysUserController.editSave()', 'POST', '1', 'admin', '研发部门', '/system/user/edit', '127.0.0.1', '内网IP', '{\r\n  \"userId\" : [ \"1\" ],\r\n  \"deptId\" : [ \"103\" ],\r\n  \"userName\" : [ \"Jack.Lin\" ],\r\n  \"dept.deptName\" : [ \"研发部门\" ],\r\n  \"phonenumber\" : [ \"15888888888\" ],\r\n  \"email\" : [ \"jack.lin@163.com\" ],\r\n  \"loginName\" : [ \"admin\" ],\r\n  \"sex\" : [ \"1\" ],\r\n  \"role\" : [ \"1\" ],\r\n  \"remark\" : [ \"管理员\" ],\r\n  \"status\" : [ \"0\" ],\r\n  \"roleIds\" : [ \"1\" ],\r\n  \"postIds\" : [ \"1\" ]\r\n}', '0', null, '2019-09-04 14:11:59');
INSERT INTO `sys_oper_log` VALUES ('101', '用户管理', '2', 'com.backstage.web.controller.system.SysUserController.editSave()', 'POST', '1', 'admin', '研发部门', '/system/user/edit', '127.0.0.1', '内网IP', '{\r\n  \"userId\" : [ \"1\" ],\r\n  \"deptId\" : [ \"103\" ],\r\n  \"userName\" : [ \"Jack.Lin\" ],\r\n  \"dept.deptName\" : [ \"研发部门\" ],\r\n  \"phonenumber\" : [ \"15888888888\" ],\r\n  \"email\" : [ \"jack.lin@163.com\" ],\r\n  \"loginName\" : [ \"admin\" ],\r\n  \"sex\" : [ \"1\" ],\r\n  \"role\" : [ \"1\" ],\r\n  \"remark\" : [ \"管理员\" ],\r\n  \"status\" : [ \"0\" ],\r\n  \"roleIds\" : [ \"1\" ],\r\n  \"postIds\" : [ \"1\" ]\r\n}', '0', null, '2019-09-04 14:18:28');
INSERT INTO `sys_oper_log` VALUES ('102', '部门管理', '2', 'com.backstage.web.controller.system.SysDeptController.editSave()', 'POST', '1', 'admin', '研发部门', '/system/dept/edit', '127.0.0.1', '内网IP', '{\r\n  \"deptId\" : [ \"100\" ],\r\n  \"parentId\" : [ \"0\" ],\r\n  \"parentName\" : [ \"无\" ],\r\n  \"deptName\" : [ \"Backstage科技\" ],\r\n  \"orderNum\" : [ \"0\" ],\r\n  \"leader\" : [ \"Jack.Lin\" ],\r\n  \"phone\" : [ \"15888888888\" ],\r\n  \"email\" : [ \"ry@qq.com\" ],\r\n  \"status\" : [ \"0\" ]\r\n}', '0', null, '2019-09-04 15:28:35');
INSERT INTO `sys_oper_log` VALUES ('103', '通知公告', '2', 'com.backstage.web.controller.system.SysNoticeController.editSave()', 'POST', '1', 'admin', '研发部门', '/system/notice/edit', '127.0.0.1', '内网IP', '{\r\n  \"noticeId\" : [ \"1\" ],\r\n  \"noticeTitle\" : [ \"温馨提醒：2018-07-01 Backstage新版本发布啦\" ],\r\n  \"noticeType\" : [ \"2\" ],\r\n  \"noticeContent\" : [ \"新版本内容\" ],\r\n  \"status\" : [ \"0\" ]\r\n}', '0', null, '2019-09-04 15:29:05');
INSERT INTO `sys_oper_log` VALUES ('104', '通知公告', '2', 'com.backstage.web.controller.system.SysNoticeController.editSave()', 'POST', '1', 'admin', '研发部门', '/system/notice/edit', '127.0.0.1', '内网IP', '{\r\n  \"noticeId\" : [ \"2\" ],\r\n  \"noticeTitle\" : [ \"维护通知：2018-07-01 Backstage系统凌晨维护\" ],\r\n  \"noticeType\" : [ \"1\" ],\r\n  \"noticeContent\" : [ \"维护内容\" ],\r\n  \"status\" : [ \"0\" ]\r\n}', '0', null, '2019-09-04 15:29:13');
INSERT INTO `sys_oper_log` VALUES ('105', '定时任务', '2', 'com.backstage.quartz.controller.SysJobController.run()', 'POST', '1', 'admin', '研发部门', '/monitor/job/run', '127.0.0.1', '内网IP', '{\r\n  \"jobId\" : [ \"2\" ],\r\n  \"jobGroup\" : [ \"DEFAULT\" ]\r\n}', '0', null, '2019-09-04 15:29:37');
INSERT INTO `sys_oper_log` VALUES ('106', '菜单管理', '1', 'com.backstage.web.controller.system.SysMenuController.addSave()', 'POST', '1', 'admin', '研发部门', '/system/menu/add', '127.0.0.1', '内网IP', '{\r\n  \"parentId\" : [ \"0\" ],\r\n  \"menuType\" : [ \"M\" ],\r\n  \"menuName\" : [ \"基础平台\" ],\r\n  \"url\" : [ \"\" ],\r\n  \"target\" : [ \"menuItem\" ],\r\n  \"perms\" : [ \"\" ],\r\n  \"orderNum\" : [ \"10\" ],\r\n  \"icon\" : [ \"fa fa-tasks\" ],\r\n  \"visible\" : [ \"0\" ]\r\n}', '0', null, '2019-09-05 09:29:23');
INSERT INTO `sys_oper_log` VALUES ('107', '菜单管理', '2', 'com.backstage.web.controller.system.SysMenuController.editSave()', 'POST', '1', 'admin', '研发部门', '/system/menu/edit', '127.0.0.1', '内网IP', '{\r\n  \"menuId\" : [ \"1\" ],\r\n  \"parentId\" : [ \"0\" ],\r\n  \"menuType\" : [ \"M\" ],\r\n  \"menuName\" : [ \"系统管理\" ],\r\n  \"url\" : [ \"#\" ],\r\n  \"target\" : [ \"menuItem\" ],\r\n  \"perms\" : [ \"\" ],\r\n  \"orderNum\" : [ \"100\" ],\r\n  \"icon\" : [ \"fa fa-gear\" ],\r\n  \"visible\" : [ \"0\" ]\r\n}', '0', null, '2019-09-05 09:29:31');
INSERT INTO `sys_oper_log` VALUES ('108', '菜单管理', '2', 'com.backstage.web.controller.system.SysMenuController.editSave()', 'POST', '1', 'admin', '研发部门', '/system/menu/edit', '127.0.0.1', '内网IP', '{\r\n  \"menuId\" : [ \"2\" ],\r\n  \"parentId\" : [ \"0\" ],\r\n  \"menuType\" : [ \"M\" ],\r\n  \"menuName\" : [ \"系统监控\" ],\r\n  \"url\" : [ \"#\" ],\r\n  \"target\" : [ \"menuItem\" ],\r\n  \"perms\" : [ \"\" ],\r\n  \"orderNum\" : [ \"101\" ],\r\n  \"icon\" : [ \"fa fa-video-camera\" ],\r\n  \"visible\" : [ \"0\" ]\r\n}', '0', null, '2019-09-05 09:29:40');
INSERT INTO `sys_oper_log` VALUES ('109', '菜单管理', '2', 'com.backstage.web.controller.system.SysMenuController.editSave()', 'POST', '1', 'admin', '研发部门', '/system/menu/edit', '127.0.0.1', '内网IP', '{\r\n  \"menuId\" : [ \"3\" ],\r\n  \"parentId\" : [ \"0\" ],\r\n  \"menuType\" : [ \"M\" ],\r\n  \"menuName\" : [ \"系统工具\" ],\r\n  \"url\" : [ \"#\" ],\r\n  \"target\" : [ \"menuItem\" ],\r\n  \"perms\" : [ \"\" ],\r\n  \"orderNum\" : [ \"102\" ],\r\n  \"icon\" : [ \"fa fa-bars\" ],\r\n  \"visible\" : [ \"0\" ]\r\n}', '0', null, '2019-09-05 09:29:46');
INSERT INTO `sys_oper_log` VALUES ('110', '菜单管理', '1', 'com.backstage.web.controller.system.SysMenuController.addSave()', 'POST', '1', 'admin', '研发部门', '/system/menu/add', '127.0.0.1', '内网IP', '{\r\n  \"parentId\" : [ \"0\" ],\r\n  \"menuType\" : [ \"M\" ],\r\n  \"menuName\" : [ \"业务管理\" ],\r\n  \"url\" : [ \"\" ],\r\n  \"target\" : [ \"menuItem\" ],\r\n  \"perms\" : [ \"\" ],\r\n  \"orderNum\" : [ \"20\" ],\r\n  \"icon\" : [ \"\" ],\r\n  \"visible\" : [ \"0\" ]\r\n}', '0', null, '2019-09-05 09:30:38');
INSERT INTO `sys_oper_log` VALUES ('111', '菜单管理', '2', 'com.backstage.web.controller.system.SysMenuController.editSave()', 'POST', '1', 'admin', '研发部门', '/system/menu/edit', '127.0.0.1', '内网IP', '{\r\n  \"menuId\" : [ \"2001\" ],\r\n  \"parentId\" : [ \"0\" ],\r\n  \"menuType\" : [ \"M\" ],\r\n  \"menuName\" : [ \"业务管理\" ],\r\n  \"url\" : [ \"#\" ],\r\n  \"target\" : [ \"menuItem\" ],\r\n  \"perms\" : [ \"\" ],\r\n  \"orderNum\" : [ \"20\" ],\r\n  \"icon\" : [ \"fa fa-map\" ],\r\n  \"visible\" : [ \"0\" ]\r\n}', '0', null, '2019-09-05 09:31:37');
INSERT INTO `sys_oper_log` VALUES ('112', '菜单管理', '2', 'com.backstage.web.controller.system.SysMenuController.editSave()', 'POST', '1', 'admin', '研发部门', '/system/menu/edit', '127.0.0.1', '内网IP', '{\r\n  \"menuId\" : [ \"1\" ],\r\n  \"parentId\" : [ \"0\" ],\r\n  \"menuType\" : [ \"M\" ],\r\n  \"menuName\" : [ \"系统管理\" ],\r\n  \"url\" : [ \"#\" ],\r\n  \"target\" : [ \"menuItem\" ],\r\n  \"perms\" : [ \"\" ],\r\n  \"orderNum\" : [ \"990\" ],\r\n  \"icon\" : [ \"fa fa-gear\" ],\r\n  \"visible\" : [ \"0\" ]\r\n}', '0', null, '2019-09-05 09:31:53');
INSERT INTO `sys_oper_log` VALUES ('113', '菜单管理', '2', 'com.backstage.web.controller.system.SysMenuController.editSave()', 'POST', '1', 'admin', '研发部门', '/system/menu/edit', '127.0.0.1', '内网IP', '{\r\n  \"menuId\" : [ \"2\" ],\r\n  \"parentId\" : [ \"0\" ],\r\n  \"menuType\" : [ \"M\" ],\r\n  \"menuName\" : [ \"系统监控\" ],\r\n  \"url\" : [ \"#\" ],\r\n  \"target\" : [ \"menuItem\" ],\r\n  \"perms\" : [ \"\" ],\r\n  \"orderNum\" : [ \"991\" ],\r\n  \"icon\" : [ \"fa fa-video-camera\" ],\r\n  \"visible\" : [ \"0\" ]\r\n}', '0', null, '2019-09-05 09:32:00');
INSERT INTO `sys_oper_log` VALUES ('114', '菜单管理', '2', 'com.backstage.web.controller.system.SysMenuController.editSave()', 'POST', '1', 'admin', '研发部门', '/system/menu/edit', '127.0.0.1', '内网IP', '{\r\n  \"menuId\" : [ \"3\" ],\r\n  \"parentId\" : [ \"0\" ],\r\n  \"menuType\" : [ \"M\" ],\r\n  \"menuName\" : [ \"系统工具\" ],\r\n  \"url\" : [ \"#\" ],\r\n  \"target\" : [ \"menuItem\" ],\r\n  \"perms\" : [ \"\" ],\r\n  \"orderNum\" : [ \"992\" ],\r\n  \"icon\" : [ \"fa fa-bars\" ],\r\n  \"visible\" : [ \"0\" ]\r\n}', '0', null, '2019-09-05 09:32:06');
INSERT INTO `sys_oper_log` VALUES ('115', '菜单管理', '2', 'com.backstage.web.controller.system.SysMenuController.editSave()', 'POST', '1', 'admin', '研发部门', '/system/menu/edit', '127.0.0.1', '内网IP', '{\r\n  \"menuId\" : [ \"2000\" ],\r\n  \"parentId\" : [ \"0\" ],\r\n  \"menuType\" : [ \"M\" ],\r\n  \"menuName\" : [ \"基础平台\" ],\r\n  \"url\" : [ \"#\" ],\r\n  \"target\" : [ \"menuItem\" ],\r\n  \"perms\" : [ \"\" ],\r\n  \"orderNum\" : [ \"100\" ],\r\n  \"icon\" : [ \"fa fa-tasks\" ],\r\n  \"visible\" : [ \"0\" ]\r\n}', '0', null, '2019-09-05 09:32:13');
INSERT INTO `sys_oper_log` VALUES ('116', '菜单管理', '2', 'com.backstage.web.controller.system.SysMenuController.editSave()', 'POST', '1', 'admin', '研发部门', '/system/menu/edit', '127.0.0.1', '内网IP', '{\r\n  \"menuId\" : [ \"2001\" ],\r\n  \"parentId\" : [ \"0\" ],\r\n  \"menuType\" : [ \"M\" ],\r\n  \"menuName\" : [ \"业务管理\" ],\r\n  \"url\" : [ \"#\" ],\r\n  \"target\" : [ \"menuItem\" ],\r\n  \"perms\" : [ \"\" ],\r\n  \"orderNum\" : [ \"200\" ],\r\n  \"icon\" : [ \"fa fa-map\" ],\r\n  \"visible\" : [ \"0\" ]\r\n}', '0', null, '2019-09-05 09:32:19');
INSERT INTO `sys_oper_log` VALUES ('117', '菜单管理', '1', 'com.backstage.web.controller.system.SysMenuController.addSave()', 'POST', '1', 'admin', '研发部门', '/system/menu/add', '127.0.0.1', '内网IP', '{\r\n  \"parentId\" : [ \"2001\" ],\r\n  \"menuType\" : [ \"M\" ],\r\n  \"menuName\" : [ \"POI管理\" ],\r\n  \"url\" : [ \"\" ],\r\n  \"target\" : [ \"menuItem\" ],\r\n  \"perms\" : [ \"\" ],\r\n  \"orderNum\" : [ \"1\" ],\r\n  \"icon\" : [ \"fa fa-female\" ],\r\n  \"visible\" : [ \"0\" ]\r\n}', '0', null, '2019-09-05 09:39:00');
INSERT INTO `sys_oper_log` VALUES ('118', '菜单管理', '1', 'com.backstage.web.controller.system.SysMenuController.addSave()', 'POST', '1', 'admin', '研发部门', '/system/menu/add', '127.0.0.1', '内网IP', '{\r\n  \"parentId\" : [ \"2002\" ],\r\n  \"menuType\" : [ \"C\" ],\r\n  \"menuName\" : [ \"批量导入\" ],\r\n  \"url\" : [ \"\" ],\r\n  \"target\" : [ \"menuItem\" ],\r\n  \"perms\" : [ \"\" ],\r\n  \"orderNum\" : [ \"1\" ],\r\n  \"icon\" : [ \"fa fa-bars\" ],\r\n  \"visible\" : [ \"0\" ]\r\n}', '0', null, '2019-09-05 09:40:15');
INSERT INTO `sys_oper_log` VALUES ('119', '菜单管理', '2', 'com.backstage.web.controller.system.SysMenuController.editSave()', 'POST', '1', 'admin', '研发部门', '/system/menu/edit', '127.0.0.1', '内网IP', '{\r\n  \"menuId\" : [ \"2000\" ],\r\n  \"parentId\" : [ \"0\" ],\r\n  \"menuType\" : [ \"M\" ],\r\n  \"menuName\" : [ \"基础服务\" ],\r\n  \"url\" : [ \"#\" ],\r\n  \"target\" : [ \"menuItem\" ],\r\n  \"perms\" : [ \"\" ],\r\n  \"orderNum\" : [ \"100\" ],\r\n  \"icon\" : [ \"fa fa-tasks\" ],\r\n  \"visible\" : [ \"0\" ]\r\n}', '0', null, '2019-09-05 09:44:12');
INSERT INTO `sys_oper_log` VALUES ('120', '菜单管理', '1', 'com.backstage.web.controller.system.SysMenuController.addSave()', 'POST', '1', 'admin', '研发部门', '/system/menu/add', '127.0.0.1', '内网IP', '{\r\n  \"parentId\" : [ \"0\" ],\r\n  \"menuType\" : [ \"C\" ],\r\n  \"menuName\" : [ \"网关鉴权\" ],\r\n  \"url\" : [ \"\" ],\r\n  \"target\" : [ \"menuItem\" ],\r\n  \"perms\" : [ \"\" ],\r\n  \"orderNum\" : [ \"300\" ],\r\n  \"icon\" : [ \"fa fa-database\" ],\r\n  \"visible\" : [ \"0\" ]\r\n}', '0', null, '2019-09-05 09:45:10');
INSERT INTO `sys_oper_log` VALUES ('121', '角色管理', '2', 'com.backstage.web.controller.system.SysRoleController.editSave()', 'POST', '1', 'admin', '研发部门', '/system/role/edit', '127.0.0.1', '内网IP', '{\r\n  \"roleId\" : [ \"1\" ],\r\n  \"roleName\" : [ \"超级管理员\" ],\r\n  \"roleKey\" : [ \"admin\" ],\r\n  \"roleSort\" : [ \"1\" ],\r\n  \"status\" : [ \"0\" ],\r\n  \"remark\" : [ \"管理员\" ],\r\n  \"menuIds\" : [ \"\" ]\r\n}', '0', null, '2019-09-05 09:47:18');
INSERT INTO `sys_oper_log` VALUES ('122', '用户管理', '2', 'com.backstage.web.controller.system.SysUserController.editSave()', 'POST', '1', 'admin', '研发部门', '/system/user/edit', '127.0.0.1', '内网IP', '{\r\n  \"userId\" : [ \"1\" ],\r\n  \"deptId\" : [ \"103\" ],\r\n  \"userName\" : [ \"超级管理员\" ],\r\n  \"dept.deptName\" : [ \"研发部门\" ],\r\n  \"phonenumber\" : [ \"15888888888\" ],\r\n  \"email\" : [ \"jack.lin@163.com\" ],\r\n  \"loginName\" : [ \"admin\" ],\r\n  \"sex\" : [ \"1\" ],\r\n  \"role\" : [ \"1\" ],\r\n  \"remark\" : [ \"超级管理员\" ],\r\n  \"status\" : [ \"0\" ],\r\n  \"roleIds\" : [ \"1\" ],\r\n  \"postIds\" : [ \"1\" ]\r\n}', '0', null, '2019-09-05 09:54:27');
INSERT INTO `sys_oper_log` VALUES ('123', '菜单管理', '2', 'com.backstage.web.controller.system.SysMenuController.editSave()', 'POST', '1', 'admin', '研发部门', '/system/menu/edit', '127.0.0.1', '内网IP', '{\r\n  \"menuId\" : [ \"1\" ],\r\n  \"parentId\" : [ \"0\" ],\r\n  \"menuType\" : [ \"M\" ],\r\n  \"menuName\" : [ \"系统管理\" ],\r\n  \"url\" : [ \"#\" ],\r\n  \"target\" : [ \"menuItem\" ],\r\n  \"perms\" : [ \"\" ],\r\n  \"orderNum\" : [ \"0\" ],\r\n  \"icon\" : [ \"fa fa-gear\" ],\r\n  \"visible\" : [ \"0\" ]\r\n}', '0', null, '2019-09-05 09:57:23');
INSERT INTO `sys_oper_log` VALUES ('124', '代码生成', '6', 'com.backstage.generator.controller.GenController.importTableSave()', 'POST', '1', 'admin', '研发部门', '/tool/gen/importTable', '127.0.0.1', '内网IP', '{\r\n  \"tables\" : [ \"d_object\" ]\r\n}', '0', null, '2019-09-05 10:51:18');
INSERT INTO `sys_oper_log` VALUES ('125', '代码生成', '6', 'com.backstage.generator.controller.GenController.importTableSave()', 'POST', '1', 'admin', '研发部门', '/tool/gen/importTable', '127.0.0.1', '内网IP', '{\r\n  \"tables\" : [ \"d_object\" ]\r\n}', '0', null, '2019-09-05 10:51:41');
INSERT INTO `sys_oper_log` VALUES ('126', '代码生成', '6', 'com.backstage.generator.controller.GenController.importTableSave()', 'POST', '1', 'admin', '研发部门', '/tool/gen/importTable', '127.0.0.1', '内网IP', '{\r\n  \"tables\" : [ \"d_object\" ]\r\n}', '0', null, '2019-09-05 10:54:39');
INSERT INTO `sys_oper_log` VALUES ('127', '代码生成', '6', 'com.backstage.generator.controller.GenController.importTableSave()', 'POST', '1', 'admin', '研发部门', '/tool/gen/importTable', '127.0.0.1', '内网IP', '{\r\n  \"tables\" : [ \"d_object\" ]\r\n}', '0', null, '2019-09-05 11:00:35');
INSERT INTO `sys_oper_log` VALUES ('128', '代码生成', '6', 'com.backstage.generator.controller.GenController.importTableSave()', 'POST', '1', 'admin', '研发部门', '/tool/gen/importTable', '127.0.0.1', '内网IP', '{\r\n  \"tables\" : [ \"d_object\" ]\r\n}', '0', null, '2019-09-05 11:06:10');
INSERT INTO `sys_oper_log` VALUES ('129', '代码生成', '6', 'com.backstage.generator.controller.GenController.importTableSave()', 'POST', '1', 'admin', '研发部门', '/tool/gen/importTable', '127.0.0.1', '内网IP', '{\r\n  \"tables\" : [ \"d_object\" ]\r\n}', '0', null, '2019-09-05 11:08:20');
INSERT INTO `sys_oper_log` VALUES ('130', '代码生成', '6', 'com.backstage.generator.controller.GenController.importTableSave()', 'POST', '1', 'admin', null, '/tool/gen/importTable', '127.0.0.1', '内网IP', '{\r\n  \"tables\" : [ \"d_object\" ]\r\n}', '0', null, '2019-09-05 11:13:04');
INSERT INTO `sys_oper_log` VALUES ('131', '代码生成', '6', 'com.backstage.generator.controller.GenController.importTableSave()', 'POST', '1', 'admin', null, '/tool/gen/importTable', '127.0.0.1', '内网IP', '{\r\n  \"tables\" : [ \"d_object\" ]\r\n}', '0', null, '2019-09-05 11:19:29');
INSERT INTO `sys_oper_log` VALUES ('132', '代码生成', '6', 'com.backstage.generator.controller.GenController.importTableSave()', 'POST', '1', 'admin', null, '/tool/gen/importTable', '127.0.0.1', '内网IP', '{\r\n  \"tables\" : [ \"d_object\" ]\r\n}', '0', null, '2019-09-05 11:21:27');
INSERT INTO `sys_oper_log` VALUES ('133', '代码生成', '6', 'com.backstage.generator.controller.GenController.importTableSave()', 'POST', '1', 'admin', null, '/tool/gen/importTable', '127.0.0.1', '内网IP', '{\r\n  \"tables\" : [ \"d_object\" ]\r\n}', '0', null, '2019-09-05 11:25:52');
INSERT INTO `sys_oper_log` VALUES ('134', '代码生成', '2', 'com.backstage.generator.controller.GenController.editSave()', 'POST', '1', 'admin', null, '/tool/gen/edit', '127.0.0.1', '内网IP', '{\r\n  \"tableId\" : [ \"1\" ],\r\n  \"tableName\" : [ \"d_object\" ],\r\n  \"tableComment\" : [ \"POI对象表\" ],\r\n  \"className\" : [ \"DObject\" ],\r\n  \"functionAuthor\" : [ \"jack.lin\" ],\r\n  \"remark\" : [ \"\" ],\r\n  \"columns[0].columnId\" : [ \"1\" ],\r\n  \"columns[0].sort\" : [ \"1\" ],\r\n  \"columns[0].columnComment\" : [ \"null\" ],\r\n  \"columns[0].javaType\" : [ \"String\" ],\r\n  \"columns[0].javaField\" : [ \"id\" ],\r\n  \"columns[0].isInsert\" : [ \"1\" ],\r\n  \"columns[0].queryType\" : [ \"EQ\" ],\r\n  \"columns[0].htmlType\" : [ \"input\" ],\r\n  \"columns[0].dictType\" : [ \"\" ],\r\n  \"columns[1].columnId\" : [ \"2\" ],\r\n  \"columns[1].sort\" : [ \"2\" ],\r\n  \"columns[1].columnComment\" : [ \"POI类型\" ],\r\n  \"columns[1].javaType\" : [ \"Integer\" ],\r\n  \"columns[1].javaField\" : [ \"type\" ],\r\n  \"columns[1].isInsert\" : [ \"1\" ],\r\n  \"columns[1].isEdit\" : [ \"1\" ],\r\n  \"columns[1].isList\" : [ \"1\" ],\r\n  \"columns[1].isQuery\" : [ \"1\" ],\r\n  \"columns[1].queryType\" : [ \"EQ\" ],\r\n  \"columns[1].htmlType\" : [ \"select\" ],\r\n  \"columns[1].dictType\" : [ \"\" ],\r\n  \"columns[2].columnId\" : [ \"3\" ],\r\n  \"columns[2].sort\" : [ \"3\" ],\r\n  \"columns[2].columnComment\" : [ \"经度\" ],\r\n  \"columns[2].javaType\" : [ \"Double\" ],\r\n  \"columns[2].javaField\" : [ \"lon\" ],\r\n  \"columns[2].isInsert\" : [ \"1\" ],\r\n  \"columns[2].isEdit\" : [ \"1\" ],\r\n  \"columns[2].isList\" : [ \"1\" ],\r\n  \"columns[2].isQuery\" : [ \"1\" ],\r\n  \"columns[2].queryType\" : [ \"EQ\" ],\r\n  \"columns[2].htmlType\" : [ \"input\" ],\r\n  \"columns[2].dictType\" : [ \"\" ],\r\n  \"columns[3].columnId\" : [ \"4\" ],\r\n  \"columns[3].sort\" : [ \"4\" ],\r\n  \"columns[3].columnComment\" : [ \"纬度\" ],\r\n  \"columns[3].javaType\" : [ \"Double\" ],\r\n  \"columns[3].javaField\" : [ \"lat\" ],\r\n  \"columns[3].isInsert\" : [ \"1\" ],\r\n  \"columns[3].isEdit\" : [ \"1\" ],\r\n  \"columns[3].isList\" : [ \"1\" ],\r\n  \"columns[3].isQuery\" : [ \"1\" ],\r\n  \"columns[3].queryType\" : [ \"EQ\" ],\r\n  \"columns[3].htmlType\" : [ \"input\" ],\r\n  \"columns[3].dictType\" : [ \"\" ],\r\n  \"columns[4].columnId\" : [ \"5\" ],\r\n  \"columns[4].sort\" : [ \"5\" ],\r\n  \"columns[4].columnComment\" : [ \"海拔\" ],\r\n  \"columns[4].javaType\" : [ \"Dou', '0', null, '2019-09-05 11:27:33');
INSERT INTO `sys_oper_log` VALUES ('135', '代码生成', '8', 'com.backstage.generator.controller.GenController.genCode()', 'GET', '1', 'admin', null, '/tool/gen/genCode/d_object', '127.0.0.1', '内网IP', '{ }', '0', null, '2019-09-05 11:27:38');
INSERT INTO `sys_oper_log` VALUES ('136', '代码生成', '2', 'com.backstage.generator.controller.GenController.editSave()', 'POST', '1', 'admin', null, '/tool/gen/edit', '127.0.0.1', '内网IP', '{\r\n  \"tableId\" : [ \"1\" ],\r\n  \"tableName\" : [ \"d_object\" ],\r\n  \"tableComment\" : [ \"POI对象表\" ],\r\n  \"className\" : [ \"DObject\" ],\r\n  \"functionAuthor\" : [ \"jack.lin\" ],\r\n  \"remark\" : [ \"\" ],\r\n  \"columns[0].columnId\" : [ \"1\" ],\r\n  \"columns[0].sort\" : [ \"1\" ],\r\n  \"columns[0].columnComment\" : [ \"null\" ],\r\n  \"columns[0].javaType\" : [ \"String\" ],\r\n  \"columns[0].javaField\" : [ \"id\" ],\r\n  \"columns[0].isInsert\" : [ \"1\" ],\r\n  \"columns[0].queryType\" : [ \"EQ\" ],\r\n  \"columns[0].htmlType\" : [ \"input\" ],\r\n  \"columns[0].dictType\" : [ \"\" ],\r\n  \"columns[1].columnId\" : [ \"2\" ],\r\n  \"columns[1].sort\" : [ \"2\" ],\r\n  \"columns[1].columnComment\" : [ \"POI类型\" ],\r\n  \"columns[1].javaType\" : [ \"Integer\" ],\r\n  \"columns[1].javaField\" : [ \"type\" ],\r\n  \"columns[1].isInsert\" : [ \"1\" ],\r\n  \"columns[1].isEdit\" : [ \"1\" ],\r\n  \"columns[1].isList\" : [ \"1\" ],\r\n  \"columns[1].isQuery\" : [ \"1\" ],\r\n  \"columns[1].queryType\" : [ \"EQ\" ],\r\n  \"columns[1].htmlType\" : [ \"select\" ],\r\n  \"columns[1].dictType\" : [ \"\" ],\r\n  \"columns[2].columnId\" : [ \"3\" ],\r\n  \"columns[2].sort\" : [ \"3\" ],\r\n  \"columns[2].columnComment\" : [ \"经度\" ],\r\n  \"columns[2].javaType\" : [ \"Double\" ],\r\n  \"columns[2].javaField\" : [ \"lon\" ],\r\n  \"columns[2].isInsert\" : [ \"1\" ],\r\n  \"columns[2].isEdit\" : [ \"1\" ],\r\n  \"columns[2].isList\" : [ \"1\" ],\r\n  \"columns[2].isQuery\" : [ \"1\" ],\r\n  \"columns[2].queryType\" : [ \"EQ\" ],\r\n  \"columns[2].htmlType\" : [ \"input\" ],\r\n  \"columns[2].dictType\" : [ \"\" ],\r\n  \"columns[3].columnId\" : [ \"4\" ],\r\n  \"columns[3].sort\" : [ \"4\" ],\r\n  \"columns[3].columnComment\" : [ \"纬度\" ],\r\n  \"columns[3].javaType\" : [ \"Double\" ],\r\n  \"columns[3].javaField\" : [ \"lat\" ],\r\n  \"columns[3].isInsert\" : [ \"1\" ],\r\n  \"columns[3].isEdit\" : [ \"1\" ],\r\n  \"columns[3].isList\" : [ \"1\" ],\r\n  \"columns[3].isQuery\" : [ \"1\" ],\r\n  \"columns[3].queryType\" : [ \"EQ\" ],\r\n  \"columns[3].htmlType\" : [ \"input\" ],\r\n  \"columns[3].dictType\" : [ \"\" ],\r\n  \"columns[4].columnId\" : [ \"5\" ],\r\n  \"columns[4].sort\" : [ \"5\" ],\r\n  \"columns[4].columnComment\" : [ \"海拔\" ],\r\n  \"columns[4].javaType\" : [ \"Dou', '0', null, '2019-09-05 11:29:56');
INSERT INTO `sys_oper_log` VALUES ('137', '代码生成', '8', 'com.backstage.generator.controller.GenController.genCode()', 'GET', '1', 'admin', null, '/tool/gen/genCode/d_object', '127.0.0.1', '内网IP', '{ }', '0', null, '2019-09-05 11:29:59');
INSERT INTO `sys_oper_log` VALUES ('138', '菜单管理', '3', 'com.backstage.web.controller.system.SysMenuController.remove()', 'GET', '1', 'admin', '研发部门', '/system/menu/remove/2002', '127.0.0.1', '内网IP', '{ }', '0', null, '2019-09-05 11:52:59');
INSERT INTO `sys_oper_log` VALUES ('139', '菜单管理', '3', 'com.backstage.web.controller.system.SysMenuController.remove()', 'GET', '1', 'admin', '研发部门', '/system/menu/remove/2003', '127.0.0.1', '内网IP', '{ }', '0', null, '2019-09-05 11:53:06');
INSERT INTO `sys_oper_log` VALUES ('140', '菜单管理', '3', 'com.backstage.web.controller.system.SysMenuController.remove()', 'GET', '1', 'admin', '研发部门', '/system/menu/remove/2002', '127.0.0.1', '内网IP', '{ }', '0', null, '2019-09-05 11:53:14');
INSERT INTO `sys_oper_log` VALUES ('141', '菜单管理', '2', 'com.backstage.web.controller.system.SysMenuController.editSave()', 'POST', '1', 'admin', '研发部门', '/system/menu/edit', '127.0.0.1', '内网IP', '{\r\n  \"menuId\" : [ \"2005\" ],\r\n  \"parentId\" : [ \"2001\" ],\r\n  \"menuType\" : [ \"C\" ],\r\n  \"menuName\" : [ \"business\" ],\r\n  \"url\" : [ \"/business/object\" ],\r\n  \"target\" : [ \"menuItem\" ],\r\n  \"perms\" : [ \"business:object:view\" ],\r\n  \"orderNum\" : [ \"1\" ],\r\n  \"icon\" : [ \"#\" ],\r\n  \"visible\" : [ \"0\" ]\r\n}', '0', null, '2019-09-05 11:55:35');
INSERT INTO `sys_oper_log` VALUES ('142', '菜单管理', '2', 'com.backstage.web.controller.system.SysMenuController.editSave()', 'POST', '1', 'admin', '研发部门', '/system/menu/edit', '127.0.0.1', '内网IP', '{\r\n  \"menuId\" : [ \"2005\" ],\r\n  \"parentId\" : [ \"2001\" ],\r\n  \"menuType\" : [ \"C\" ],\r\n  \"menuName\" : [ \"POI管理\" ],\r\n  \"url\" : [ \"/business/object\" ],\r\n  \"target\" : [ \"menuItem\" ],\r\n  \"perms\" : [ \"business:object:view\" ],\r\n  \"orderNum\" : [ \"1\" ],\r\n  \"icon\" : [ \"#\" ],\r\n  \"visible\" : [ \"0\" ]\r\n}', '0', null, '2019-09-05 11:57:05');
INSERT INTO `sys_oper_log` VALUES ('143', 'business', '1', 'com.backstage.web.controller.gim.business.DObjectController.addSave()', 'POST', '1', 'admin', null, '/business/object/add', '127.0.0.1', '内网IP', '{\r\n  \"type\" : [ \"\" ],\r\n  \"lon\" : [ \"1\" ],\r\n  \"lat\" : [ \"1\" ],\r\n  \"alt\" : [ \"1\" ],\r\n  \"attr\" : [ \"1\" ],\r\n  \"isValid\" : [ \"1\" ]\r\n}', '1', '\r\n### Error updating database.  Cause: java.sql.SQLException: Field \'id\' doesn\'t have a default value\r\n### The error may involve com.backstage.gim.business.mapper.DObjectMapper.insertDObject-Inline\r\n### The error occurred while setting parameters\r\n### SQL: insert into d_object          ( lon,             lat,             alt,             attr,             is_valid )           values ( ?,             ?,             ?,             ?,             ? )\r\n### Cause: java.sql.SQLException: Field \'id\' doesn\'t have a default value\n; Field \'id\' doesn\'t have a default value; nested exception is java.sql.SQLException: Field \'id\' doesn\'t have a default value', '2019-09-05 13:26:06');
INSERT INTO `sys_oper_log` VALUES ('144', 'business', '1', 'com.backstage.web.controller.gim.business.DObjectController.addSave()', 'POST', '1', 'admin', null, '/business/object/add', '127.0.0.1', '内网IP', '{\r\n  \"type\" : [ \"\" ],\r\n  \"lon\" : [ \"1\" ],\r\n  \"lat\" : [ \"1\" ],\r\n  \"alt\" : [ \"1\" ],\r\n  \"attr\" : [ \"1\" ],\r\n  \"isValid\" : [ \"1\" ]\r\n}', '0', null, '2019-09-05 13:30:59');
INSERT INTO `sys_oper_log` VALUES ('145', 'business', '3', 'com.backstage.web.controller.gim.business.DObjectController.remove()', 'POST', '1', 'admin', null, '/business/object/remove', '127.0.0.1', '内网IP', '{\r\n  \"ids\" : [ \"20190905133038873000\" ]\r\n}', '0', null, '2019-09-05 13:31:15');
INSERT INTO `sys_oper_log` VALUES ('146', '字典类型', '1', 'com.backstage.web.controller.system.SysDictTypeController.addSave()', 'POST', '1', 'admin', null, '/system/dict/add', '127.0.0.1', '内网IP', '{\r\n  \"dictName\" : [ \"POI类型\" ],\r\n  \"dictType\" : [ \"business_poi_type\" ],\r\n  \"status\" : [ \"0\" ],\r\n  \"remark\" : [ \"POI类型\" ]\r\n}', '0', null, '2019-09-05 13:37:39');
INSERT INTO `sys_oper_log` VALUES ('147', '字典数据', '1', 'com.backstage.web.controller.system.SysDictDataController.addSave()', 'POST', '1', 'admin', null, '/system/dict/data/add', '127.0.0.1', '内网IP', '{\r\n  \"dictLabel\" : [ \"点\" ],\r\n  \"dictValue\" : [ \"1\" ],\r\n  \"dictType\" : [ \"business_poi_type\" ],\r\n  \"cssClass\" : [ \"\" ],\r\n  \"dictSort\" : [ \"1\" ],\r\n  \"listClass\" : [ \"\" ],\r\n  \"isDefault\" : [ \"Y\" ],\r\n  \"status\" : [ \"0\" ],\r\n  \"remark\" : [ \"\" ]\r\n}', '0', null, '2019-09-05 13:38:27');
INSERT INTO `sys_oper_log` VALUES ('148', '字典数据', '1', 'com.backstage.web.controller.system.SysDictDataController.addSave()', 'POST', '1', 'admin', null, '/system/dict/data/add', '127.0.0.1', '内网IP', '{\r\n  \"dictLabel\" : [ \"线\" ],\r\n  \"dictValue\" : [ \"2\" ],\r\n  \"dictType\" : [ \"business_poi_type\" ],\r\n  \"cssClass\" : [ \"\" ],\r\n  \"dictSort\" : [ \"2\" ],\r\n  \"listClass\" : [ \"\" ],\r\n  \"isDefault\" : [ \"Y\" ],\r\n  \"status\" : [ \"0\" ],\r\n  \"remark\" : [ \"\" ]\r\n}', '0', null, '2019-09-05 13:38:38');
INSERT INTO `sys_oper_log` VALUES ('149', '字典数据', '1', 'com.backstage.web.controller.system.SysDictDataController.addSave()', 'POST', '1', 'admin', null, '/system/dict/data/add', '127.0.0.1', '内网IP', '{\r\n  \"dictLabel\" : [ \"面\" ],\r\n  \"dictValue\" : [ \"3\" ],\r\n  \"dictType\" : [ \"business_poi_type\" ],\r\n  \"cssClass\" : [ \"\" ],\r\n  \"dictSort\" : [ \"3\" ],\r\n  \"listClass\" : [ \"\" ],\r\n  \"isDefault\" : [ \"Y\" ],\r\n  \"status\" : [ \"0\" ],\r\n  \"remark\" : [ \"\" ]\r\n}', '0', null, '2019-09-05 13:38:57');
INSERT INTO `sys_oper_log` VALUES ('150', '字典数据', '1', 'com.backstage.web.controller.system.SysDictDataController.addSave()', 'POST', '1', 'admin', null, '/system/dict/data/add', '127.0.0.1', '内网IP', '{\r\n  \"dictLabel\" : [ \"体\" ],\r\n  \"dictValue\" : [ \"4\" ],\r\n  \"dictType\" : [ \"business_poi_type\" ],\r\n  \"cssClass\" : [ \"\" ],\r\n  \"dictSort\" : [ \"4\" ],\r\n  \"listClass\" : [ \"\" ],\r\n  \"isDefault\" : [ \"Y\" ],\r\n  \"status\" : [ \"0\" ],\r\n  \"remark\" : [ \"\" ]\r\n}', '0', null, '2019-09-05 13:39:12');
INSERT INTO `sys_oper_log` VALUES ('151', '字典数据', '1', 'com.backstage.web.controller.system.SysDictDataController.addSave()', 'POST', '1', 'admin', null, '/system/dict/data/add', '127.0.0.1', '内网IP', '{\r\n  \"dictLabel\" : [ \"标注\" ],\r\n  \"dictValue\" : [ \"5\" ],\r\n  \"dictType\" : [ \"business_poi_type\" ],\r\n  \"cssClass\" : [ \"\" ],\r\n  \"dictSort\" : [ \"5\" ],\r\n  \"listClass\" : [ \"\" ],\r\n  \"isDefault\" : [ \"Y\" ],\r\n  \"status\" : [ \"0\" ],\r\n  \"remark\" : [ \"\" ]\r\n}', '0', null, '2019-09-05 13:39:42');
INSERT INTO `sys_oper_log` VALUES ('152', '字典数据', '1', 'com.backstage.web.controller.system.SysDictDataController.addSave()', 'POST', '1', 'admin', null, '/system/dict/data/add', '127.0.0.1', '内网IP', '{\r\n  \"dictLabel\" : [ \"单体模型\" ],\r\n  \"dictValue\" : [ \"7\" ],\r\n  \"dictType\" : [ \"business_poi_type\" ],\r\n  \"cssClass\" : [ \"\" ],\r\n  \"dictSort\" : [ \"7\" ],\r\n  \"listClass\" : [ \"\" ],\r\n  \"isDefault\" : [ \"Y\" ],\r\n  \"status\" : [ \"0\" ],\r\n  \"remark\" : [ \"\" ]\r\n}', '0', null, '2019-09-05 13:39:54');
INSERT INTO `sys_oper_log` VALUES ('153', '代码生成', '2', 'com.backstage.generator.controller.GenController.editSave()', 'POST', '1', 'admin', '研发部门', '/tool/gen/edit', '127.0.0.1', '内网IP', '{\r\n  \"tableId\" : [ \"1\" ],\r\n  \"tableName\" : [ \"d_object\" ],\r\n  \"tableComment\" : [ \"POI对象表\" ],\r\n  \"className\" : [ \"DObject\" ],\r\n  \"functionAuthor\" : [ \"jack.lin\" ],\r\n  \"remark\" : [ \"\" ],\r\n  \"columns[0].columnId\" : [ \"1\" ],\r\n  \"columns[0].sort\" : [ \"1\" ],\r\n  \"columns[0].columnComment\" : [ \"null\" ],\r\n  \"columns[0].javaType\" : [ \"String\" ],\r\n  \"columns[0].javaField\" : [ \"id\" ],\r\n  \"columns[0].isInsert\" : [ \"1\" ],\r\n  \"columns[0].isList\" : [ \"1\" ],\r\n  \"columns[0].queryType\" : [ \"EQ\" ],\r\n  \"columns[0].htmlType\" : [ \"input\" ],\r\n  \"columns[0].dictType\" : [ \"\" ],\r\n  \"columns[1].columnId\" : [ \"2\" ],\r\n  \"columns[1].sort\" : [ \"2\" ],\r\n  \"columns[1].columnComment\" : [ \"POI类型\" ],\r\n  \"columns[1].javaType\" : [ \"Integer\" ],\r\n  \"columns[1].javaField\" : [ \"type\" ],\r\n  \"columns[1].isInsert\" : [ \"1\" ],\r\n  \"columns[1].isEdit\" : [ \"1\" ],\r\n  \"columns[1].isList\" : [ \"1\" ],\r\n  \"columns[1].isQuery\" : [ \"1\" ],\r\n  \"columns[1].queryType\" : [ \"EQ\" ],\r\n  \"columns[1].htmlType\" : [ \"select\" ],\r\n  \"columns[1].dictType\" : [ \"business_poi_type\" ],\r\n  \"columns[2].columnId\" : [ \"3\" ],\r\n  \"columns[2].sort\" : [ \"3\" ],\r\n  \"columns[2].columnComment\" : [ \"经度\" ],\r\n  \"columns[2].javaType\" : [ \"Double\" ],\r\n  \"columns[2].javaField\" : [ \"lon\" ],\r\n  \"columns[2].isInsert\" : [ \"1\" ],\r\n  \"columns[2].isEdit\" : [ \"1\" ],\r\n  \"columns[2].isList\" : [ \"1\" ],\r\n  \"columns[2].isQuery\" : [ \"1\" ],\r\n  \"columns[2].queryType\" : [ \"EQ\" ],\r\n  \"columns[2].htmlType\" : [ \"input\" ],\r\n  \"columns[2].dictType\" : [ \"\" ],\r\n  \"columns[3].columnId\" : [ \"4\" ],\r\n  \"columns[3].sort\" : [ \"4\" ],\r\n  \"columns[3].columnComment\" : [ \"纬度\" ],\r\n  \"columns[3].javaType\" : [ \"Double\" ],\r\n  \"columns[3].javaField\" : [ \"lat\" ],\r\n  \"columns[3].isInsert\" : [ \"1\" ],\r\n  \"columns[3].isEdit\" : [ \"1\" ],\r\n  \"columns[3].isList\" : [ \"1\" ],\r\n  \"columns[3].isQuery\" : [ \"1\" ],\r\n  \"columns[3].queryType\" : [ \"EQ\" ],\r\n  \"columns[3].htmlType\" : [ \"input\" ],\r\n  \"columns[3].dictType\" : [ \"\" ],\r\n  \"columns[4].columnId\" : [ \"5\" ],\r\n  \"columns[4].sort\" : [ \"5\" ],\r\n  \"columns[4].columnCom', '0', null, '2019-09-05 13:43:24');
INSERT INTO `sys_oper_log` VALUES ('154', '代码生成', '8', 'com.backstage.generator.controller.GenController.genCode()', 'GET', '1', 'admin', '研发部门', '/tool/gen/genCode/d_object', '127.0.0.1', '内网IP', '{ }', '0', null, '2019-09-05 13:43:29');
INSERT INTO `sys_oper_log` VALUES ('155', '字典类型', '1', 'com.backstage.web.controller.system.SysDictTypeController.addSave()', 'POST', '1', 'admin', '研发部门', '/system/dict/add', '127.0.0.1', '内网IP', '{\r\n  \"dictName\" : [ \"GiM有效状态\" ],\r\n  \"dictType\" : [ \"gim_normal_status\" ],\r\n  \"status\" : [ \"0\" ],\r\n  \"remark\" : [ \"GiM有效状态\" ]\r\n}', '0', null, '2019-09-05 13:56:05');
INSERT INTO `sys_oper_log` VALUES ('156', '字典类型', '2', 'com.backstage.web.controller.system.SysDictTypeController.editSave()', 'POST', '1', 'admin', '研发部门', '/system/dict/edit', '127.0.0.1', '内网IP', '{\r\n  \"dictId\" : [ \"101\" ],\r\n  \"dictName\" : [ \"GiM有效状态\" ],\r\n  \"dictType\" : [ \"gim_valid_status\" ],\r\n  \"status\" : [ \"0\" ],\r\n  \"remark\" : [ \"GiM有效状态\" ]\r\n}', '0', null, '2019-09-05 13:56:53');
INSERT INTO `sys_oper_log` VALUES ('157', '字典数据', '1', 'com.backstage.web.controller.system.SysDictDataController.addSave()', 'POST', '1', 'admin', '研发部门', '/system/dict/data/add', '127.0.0.1', '内网IP', '{\r\n  \"dictLabel\" : [ \"有效\" ],\r\n  \"dictValue\" : [ \"1\" ],\r\n  \"dictType\" : [ \"gim_normal_status\" ],\r\n  \"cssClass\" : [ \"\" ],\r\n  \"dictSort\" : [ \"1\" ],\r\n  \"listClass\" : [ \"\" ],\r\n  \"isDefault\" : [ \"Y\" ],\r\n  \"status\" : [ \"0\" ],\r\n  \"remark\" : [ \"\" ]\r\n}', '0', null, '2019-09-05 13:57:06');
INSERT INTO `sys_oper_log` VALUES ('158', '字典数据', '1', 'com.backstage.web.controller.system.SysDictDataController.addSave()', 'POST', '1', 'admin', '研发部门', '/system/dict/data/add', '127.0.0.1', '内网IP', '{\r\n  \"dictLabel\" : [ \"停用\" ],\r\n  \"dictValue\" : [ \"2\" ],\r\n  \"dictType\" : [ \"gim_normal_status\" ],\r\n  \"cssClass\" : [ \"\" ],\r\n  \"dictSort\" : [ \"2\" ],\r\n  \"listClass\" : [ \"\" ],\r\n  \"isDefault\" : [ \"Y\" ],\r\n  \"status\" : [ \"0\" ],\r\n  \"remark\" : [ \"\" ]\r\n}', '0', null, '2019-09-05 13:57:16');
INSERT INTO `sys_oper_log` VALUES ('159', '代码生成', '2', 'com.backstage.generator.controller.GenController.editSave()', 'POST', '1', 'admin', '研发部门', '/tool/gen/edit', '127.0.0.1', '内网IP', '{\r\n  \"tableId\" : [ \"1\" ],\r\n  \"tableName\" : [ \"d_object\" ],\r\n  \"tableComment\" : [ \"POI对象表\" ],\r\n  \"className\" : [ \"DObject\" ],\r\n  \"functionAuthor\" : [ \"jack.lin\" ],\r\n  \"remark\" : [ \"\" ],\r\n  \"columns[0].columnId\" : [ \"1\" ],\r\n  \"columns[0].sort\" : [ \"1\" ],\r\n  \"columns[0].columnComment\" : [ \"编号\" ],\r\n  \"columns[0].javaType\" : [ \"String\" ],\r\n  \"columns[0].javaField\" : [ \"id\" ],\r\n  \"columns[0].isEdit\" : [ \"1\" ],\r\n  \"columns[0].isQuery\" : [ \"1\" ],\r\n  \"columns[0].queryType\" : [ \"EQ\" ],\r\n  \"columns[0].htmlType\" : [ \"input\" ],\r\n  \"columns[0].dictType\" : [ \"\" ],\r\n  \"columns[1].columnId\" : [ \"2\" ],\r\n  \"columns[1].sort\" : [ \"2\" ],\r\n  \"columns[1].columnComment\" : [ \"POI类型\" ],\r\n  \"columns[1].javaType\" : [ \"Integer\" ],\r\n  \"columns[1].javaField\" : [ \"type\" ],\r\n  \"columns[1].isInsert\" : [ \"1\" ],\r\n  \"columns[1].isEdit\" : [ \"1\" ],\r\n  \"columns[1].isList\" : [ \"1\" ],\r\n  \"columns[1].isQuery\" : [ \"1\" ],\r\n  \"columns[1].queryType\" : [ \"EQ\" ],\r\n  \"columns[1].htmlType\" : [ \"select\" ],\r\n  \"columns[1].dictType\" : [ \"business_poi_type\" ],\r\n  \"columns[2].columnId\" : [ \"3\" ],\r\n  \"columns[2].sort\" : [ \"3\" ],\r\n  \"columns[2].columnComment\" : [ \"经度\" ],\r\n  \"columns[2].javaType\" : [ \"Double\" ],\r\n  \"columns[2].javaField\" : [ \"lon\" ],\r\n  \"columns[2].isInsert\" : [ \"1\" ],\r\n  \"columns[2].isEdit\" : [ \"1\" ],\r\n  \"columns[2].isList\" : [ \"1\" ],\r\n  \"columns[2].isQuery\" : [ \"1\" ],\r\n  \"columns[2].queryType\" : [ \"LIKE\" ],\r\n  \"columns[2].htmlType\" : [ \"input\" ],\r\n  \"columns[2].dictType\" : [ \"\" ],\r\n  \"columns[3].columnId\" : [ \"4\" ],\r\n  \"columns[3].sort\" : [ \"4\" ],\r\n  \"columns[3].columnComment\" : [ \"纬度\" ],\r\n  \"columns[3].javaType\" : [ \"Double\" ],\r\n  \"columns[3].javaField\" : [ \"lat\" ],\r\n  \"columns[3].isInsert\" : [ \"1\" ],\r\n  \"columns[3].isEdit\" : [ \"1\" ],\r\n  \"columns[3].isList\" : [ \"1\" ],\r\n  \"columns[3].isQuery\" : [ \"1\" ],\r\n  \"columns[3].queryType\" : [ \"LIKE\" ],\r\n  \"columns[3].htmlType\" : [ \"input\" ],\r\n  \"columns[3].dictType\" : [ \"\" ],\r\n  \"columns[4].columnId\" : [ \"5\" ],\r\n  \"columns[4].sort\" : [ \"5\" ],\r\n  \"columns[4].columnCo', '0', null, '2019-09-05 14:10:36');
INSERT INTO `sys_oper_log` VALUES ('160', '代码生成', '8', 'com.backstage.generator.controller.GenController.genCode()', 'GET', '1', 'admin', '研发部门', '/tool/gen/genCode/d_object', '127.0.0.1', '内网IP', '{ }', '0', null, '2019-09-05 14:10:42');
INSERT INTO `sys_oper_log` VALUES ('161', '代码生成', '2', 'com.backstage.generator.controller.GenController.editSave()', 'POST', '1', 'admin', '研发部门', '/tool/gen/edit', '127.0.0.1', '内网IP', '{\r\n  \"tableId\" : [ \"1\" ],\r\n  \"tableName\" : [ \"d_object\" ],\r\n  \"tableComment\" : [ \"POI对象表\" ],\r\n  \"className\" : [ \"DObject\" ],\r\n  \"functionAuthor\" : [ \"jack.lin\" ],\r\n  \"remark\" : [ \"\" ],\r\n  \"columns[0].columnId\" : [ \"1\" ],\r\n  \"columns[0].sort\" : [ \"1\" ],\r\n  \"columns[0].columnComment\" : [ \"编号\" ],\r\n  \"columns[0].javaType\" : [ \"String\" ],\r\n  \"columns[0].javaField\" : [ \"id\" ],\r\n  \"columns[0].isEdit\" : [ \"1\" ],\r\n  \"columns[0].isQuery\" : [ \"1\" ],\r\n  \"columns[0].queryType\" : [ \"EQ\" ],\r\n  \"columns[0].htmlType\" : [ \"input\" ],\r\n  \"columns[0].dictType\" : [ \"\" ],\r\n  \"columns[1].columnId\" : [ \"2\" ],\r\n  \"columns[1].sort\" : [ \"2\" ],\r\n  \"columns[1].columnComment\" : [ \"POI类型\" ],\r\n  \"columns[1].javaType\" : [ \"Integer\" ],\r\n  \"columns[1].javaField\" : [ \"type\" ],\r\n  \"columns[1].isInsert\" : [ \"1\" ],\r\n  \"columns[1].isEdit\" : [ \"1\" ],\r\n  \"columns[1].isList\" : [ \"1\" ],\r\n  \"columns[1].isQuery\" : [ \"1\" ],\r\n  \"columns[1].queryType\" : [ \"EQ\" ],\r\n  \"columns[1].htmlType\" : [ \"select\" ],\r\n  \"columns[1].dictType\" : [ \"business_poi_type\" ],\r\n  \"columns[2].columnId\" : [ \"3\" ],\r\n  \"columns[2].sort\" : [ \"3\" ],\r\n  \"columns[2].columnComment\" : [ \"经度\" ],\r\n  \"columns[2].javaType\" : [ \"Double\" ],\r\n  \"columns[2].javaField\" : [ \"lon\" ],\r\n  \"columns[2].isInsert\" : [ \"1\" ],\r\n  \"columns[2].isEdit\" : [ \"1\" ],\r\n  \"columns[2].isList\" : [ \"1\" ],\r\n  \"columns[2].isQuery\" : [ \"1\" ],\r\n  \"columns[2].queryType\" : [ \"LIKE\" ],\r\n  \"columns[2].htmlType\" : [ \"input\" ],\r\n  \"columns[2].dictType\" : [ \"\" ],\r\n  \"columns[3].columnId\" : [ \"4\" ],\r\n  \"columns[3].sort\" : [ \"4\" ],\r\n  \"columns[3].columnComment\" : [ \"纬度\" ],\r\n  \"columns[3].javaType\" : [ \"Double\" ],\r\n  \"columns[3].javaField\" : [ \"lat\" ],\r\n  \"columns[3].isInsert\" : [ \"1\" ],\r\n  \"columns[3].isEdit\" : [ \"1\" ],\r\n  \"columns[3].isList\" : [ \"1\" ],\r\n  \"columns[3].isQuery\" : [ \"1\" ],\r\n  \"columns[3].queryType\" : [ \"LIKE\" ],\r\n  \"columns[3].htmlType\" : [ \"input\" ],\r\n  \"columns[3].dictType\" : [ \"\" ],\r\n  \"columns[4].columnId\" : [ \"5\" ],\r\n  \"columns[4].sort\" : [ \"5\" ],\r\n  \"columns[4].columnCo', '0', null, '2019-09-05 14:13:20');
INSERT INTO `sys_oper_log` VALUES ('162', '代码生成', '8', 'com.backstage.generator.controller.GenController.genCode()', 'GET', '1', 'admin', '研发部门', '/tool/gen/genCode/d_object', '127.0.0.1', '内网IP', '{ }', '0', null, '2019-09-05 14:13:27');
INSERT INTO `sys_oper_log` VALUES ('163', '菜单管理', '2', 'com.backstage.web.controller.system.SysMenuController.editSave()', 'POST', '1', 'admin', '研发部门', '/system/menu/edit', '127.0.0.1', '内网IP', '{\r\n  \"menuId\" : [ \"2010\" ],\r\n  \"parentId\" : [ \"2001\" ],\r\n  \"menuType\" : [ \"C\" ],\r\n  \"menuName\" : [ \"POI管理\" ],\r\n  \"url\" : [ \"/business/dobject\" ],\r\n  \"target\" : [ \"menuItem\" ],\r\n  \"perms\" : [ \"business:dobject:view\" ],\r\n  \"orderNum\" : [ \"1\" ],\r\n  \"icon\" : [ \"#\" ],\r\n  \"visible\" : [ \"0\" ]\r\n}', '0', null, '2019-09-05 14:28:33');
INSERT INTO `sys_oper_log` VALUES ('164', '菜单管理', '1', 'com.backstage.web.controller.system.SysMenuController.addSave()', 'POST', '1', 'admin', null, '/system/menu/add', '127.0.0.1', '内网IP', '{\r\n  \"parentId\" : [ \"2010\" ],\r\n  \"menuType\" : [ \"F\" ],\r\n  \"menuName\" : [ \"POI导出\" ],\r\n  \"url\" : [ \"\" ],\r\n  \"target\" : [ \"menuItem\" ],\r\n  \"perms\" : [ \"business:dobject:export\" ],\r\n  \"orderNum\" : [ \"5\" ],\r\n  \"icon\" : [ \"\" ],\r\n  \"visible\" : [ \"0\" ]\r\n}', '0', null, '2019-09-05 15:14:16');
INSERT INTO `sys_oper_log` VALUES ('165', '菜单管理', '1', 'com.backstage.web.controller.system.SysMenuController.addSave()', 'POST', '1', 'admin', null, '/system/menu/add', '127.0.0.1', '内网IP', '{\r\n  \"parentId\" : [ \"2010\" ],\r\n  \"menuType\" : [ \"F\" ],\r\n  \"menuName\" : [ \"POI GeoJson导入\" ],\r\n  \"url\" : [ \"\" ],\r\n  \"target\" : [ \"menuItem\" ],\r\n  \"perms\" : [ \"business:dobject:import\" ],\r\n  \"orderNum\" : [ \"6\" ],\r\n  \"icon\" : [ \"\" ],\r\n  \"visible\" : [ \"0\" ]\r\n}', '0', null, '2019-09-05 15:15:02');
INSERT INTO `sys_oper_log` VALUES ('166', 'POI GeoJson导入', '6', 'com.backstage.web.controller.gim.business.DObjectController.importGeoJSONData()', 'POST', '1', 'admin', '研发部门', '/business/dobject/importGeoJSONData', '127.0.0.1', '内网IP', '{\r\n  \"updateSupport\" : [ \"false\" ]\r\n}', '0', null, '2019-09-05 16:19:12');
INSERT INTO `sys_oper_log` VALUES ('167', 'POI GeoJson导入', '6', 'com.backstage.web.controller.gim.business.DObjectController.importGeoJSONData()', 'POST', '1', 'admin', null, '/business/dobject/importGeoJSONData', '127.0.0.1', '内网IP', '{\r\n  \"updateSupport\" : [ \"false\" ]\r\n}', '1', 'java.lang.String cannot be cast to com.backstage.common.json.JSONObject', '2019-09-05 16:25:48');
INSERT INTO `sys_oper_log` VALUES ('168', 'POI GeoJson导入', '6', 'com.backstage.web.controller.gim.business.DObjectController.importGeoJSONData()', 'POST', '1', 'admin', null, '/business/dobject/importGeoJSONData', '127.0.0.1', '内网IP', '{\r\n  \"updateSupport\" : [ \"false\" ]\r\n}', '0', null, '2019-09-05 16:26:56');
INSERT INTO `sys_oper_log` VALUES ('169', 'POI GeoJson导入', '6', 'com.backstage.web.controller.gim.business.DObjectController.importGeoJSONData()', 'POST', '1', 'admin', null, '/business/dobject/importGeoJSONData', '127.0.0.1', '内网IP', '{\r\n  \"updateSupport\" : [ \"false\" ]\r\n}', '1', 'com.backstage.common.json.JSONObject$JSONArray cannot be cast to com.backstage.common.json.JSONObject', '2019-09-05 16:27:42');
INSERT INTO `sys_oper_log` VALUES ('170', 'POI GeoJson导入', '6', 'com.backstage.web.controller.gim.business.DObjectController.importGeoJSONData()', 'POST', '1', 'admin', null, '/business/dobject/importGeoJSONData', '127.0.0.1', '内网IP', '{\r\n  \"updateSupport\" : [ \"false\" ]\r\n}', '0', null, '2019-09-05 16:28:51');
INSERT INTO `sys_oper_log` VALUES ('171', 'POI GeoJson导入', '6', 'com.backstage.web.controller.gim.business.DObjectController.importGeoJSONData()', 'POST', '1', 'admin', null, '/business/dobject/importGeoJSONData', '127.0.0.1', '内网IP', '{\r\n  \"updateSupport\" : [ \"false\" ]\r\n}', '0', null, '2019-09-05 16:39:47');
INSERT INTO `sys_oper_log` VALUES ('172', 'POI GeoJson导入', '6', 'com.backstage.web.controller.gim.business.DObjectController.importGeoJSONData()', 'POST', '1', 'admin', null, '/business/dobject/importGeoJSONData', '127.0.0.1', '内网IP', '{\r\n  \"updateSupport\" : [ \"false\" ]\r\n}', '0', null, '2019-09-05 16:45:40');
INSERT INTO `sys_oper_log` VALUES ('173', 'POI GeoJson导入', '6', 'com.backstage.web.controller.gim.business.controller.DObjectController.importGeoJSONData()', 'POST', '1', 'admin', null, '/business/dobject/importGeoJSONData', '127.0.0.1', '内网IP', '{\r\n  \"updateSupport\" : [ \"false\" ]\r\n}', '0', null, '2019-09-05 16:53:16');
INSERT INTO `sys_oper_log` VALUES ('174', 'POI GeoJson导入', '6', 'com.backstage.web.controller.gim.business.controller.DObjectController.importGeoJSONData()', 'POST', '1', 'admin', null, '/business/dobject/importGeoJSONData', '127.0.0.1', '内网IP', '{\r\n  \"updateSupport\" : [ \"false\" ]\r\n}', '0', null, '2019-09-05 17:12:47');
INSERT INTO `sys_oper_log` VALUES ('175', 'POI GeoJson导入', '6', 'com.backstage.web.controller.gim.business.controller.DObjectController.importGeoJSONData()', 'POST', '1', 'admin', null, '/business/dobject/importGeoJSONData', '127.0.0.1', '内网IP', '{\r\n  \"updateSupport\" : [ \"false\" ]\r\n}', '0', null, '2019-09-05 17:18:02');
INSERT INTO `sys_oper_log` VALUES ('176', 'POI GeoJson导入', '6', 'com.backstage.web.controller.gim.business.controller.DObjectController.importGeoJSONData()', 'POST', '1', 'admin', null, '/business/dobject/importGeoJSONData', '127.0.0.1', '内网IP', '{\r\n  \"updateSupport\" : [ \"false\" ]\r\n}', '0', null, '2019-09-05 17:21:52');
INSERT INTO `sys_oper_log` VALUES ('177', 'POI GeoJson导入', '6', 'com.backstage.web.controller.gim.business.controller.DObjectController.importGeoJSONData()', 'POST', '1', 'admin', '研发部门', '/business/dobject/importGeoJSONData', '127.0.0.1', '内网IP', '{\r\n  \"updateSupport\" : [ \"false\" ]\r\n}', '0', null, '2019-09-05 17:30:00');
INSERT INTO `sys_oper_log` VALUES ('178', 'POI GeoJson导入', '6', 'com.backstage.web.controller.gim.business.controller.DObjectController.importGeoJSONData()', 'POST', '1', 'admin', '研发部门', '/business/dobject/importGeoJSONData', '127.0.0.1', '内网IP', '{\r\n  \"updateSupport\" : [ \"false\" ]\r\n}', '0', null, '2019-09-05 18:32:38');
INSERT INTO `sys_oper_log` VALUES ('179', 'POI GeoJson导入', '6', 'com.backstage.web.controller.gim.business.controller.DObjectController.importGeoJSONData()', 'POST', '1', 'admin', null, '/business/dobject/importGeoJSONData', '127.0.0.1', '内网IP', '{\r\n  \"updateSupport\" : [ \"false\" ]\r\n}', '1', '', '2019-09-05 18:53:17');
INSERT INTO `sys_oper_log` VALUES ('180', 'POI GeoJson导入', '6', 'com.backstage.web.controller.gim.business.controller.DObjectController.importGeoJSONData()', 'POST', '1', 'admin', null, '/business/dobject/importGeoJSONData', '127.0.0.1', '内网IP', '{\r\n  \"updateSupport\" : [ \"false\" ]\r\n}', '1', '', '2019-09-05 18:53:51');
INSERT INTO `sys_oper_log` VALUES ('181', 'POI GeoJson导入', '6', 'com.backstage.web.controller.gim.business.controller.DObjectController.importGeoJSONData()', 'POST', '1', 'admin', null, '/business/dobject/importGeoJSONData', '127.0.0.1', '内网IP', '{\r\n  \"updateSupport\" : [ \"false\" ]\r\n}', '1', '', '2019-09-05 18:54:10');
INSERT INTO `sys_oper_log` VALUES ('182', 'POI GeoJson导入', '6', 'com.backstage.web.controller.gim.business.controller.DObjectController.importGeoJSONData()', 'POST', '1', 'admin', null, '/business/dobject/importGeoJSONData', '127.0.0.1', '内网IP', '{\r\n  \"updateSupport\" : [ \"false\" ]\r\n}', '1', '', '2019-09-05 18:55:02');
INSERT INTO `sys_oper_log` VALUES ('183', 'POI GeoJson导入', '6', 'com.backstage.web.controller.gim.business.controller.DObjectController.importGeoJSONData()', 'POST', '1', 'admin', null, '/business/dobject/importGeoJSONData', '127.0.0.1', '内网IP', '{\r\n  \"updateSupport\" : [ \"false\" ]\r\n}', '0', null, '2019-09-05 18:57:34');
INSERT INTO `sys_oper_log` VALUES ('184', 'POI GeoJson导入', '6', 'com.backstage.web.controller.gim.business.controller.DObjectController.importGeoJSONData()', 'POST', '1', 'admin', null, '/business/dobject/importGeoJSONData', '127.0.0.1', '内网IP', '{\r\n  \"updateSupport\" : [ \"true\" ]\r\n}', '0', null, '2019-09-05 18:57:55');
INSERT INTO `sys_oper_log` VALUES ('185', 'POI GeoJson导入', '6', 'com.backstage.web.controller.gim.business.controller.DObjectController.importGeoJSONData()', 'POST', '1', 'admin', null, '/business/dobject/importGeoJSONData', '127.0.0.1', '内网IP', '{\r\n  \"updateSupport\" : [ \"true\" ]\r\n}', '0', null, '2019-09-05 18:59:18');
INSERT INTO `sys_oper_log` VALUES ('186', 'POI GeoJson导入', '6', 'com.backstage.web.controller.gim.business.controller.DObjectController.importGeoJSONData()', 'POST', '1', 'admin', null, '/business/dobject/importGeoJSONData', '127.0.0.1', '内网IP', '{\r\n  \"updateSupport\" : [ \"true\" ]\r\n}', '0', null, '2019-09-05 19:13:25');
INSERT INTO `sys_oper_log` VALUES ('187', 'POI GeoJson导入', '6', 'com.backstage.web.controller.gim.business.controller.DObjectController.importGeoJSONData()', 'POST', '1', 'admin', null, '/business/dobject/importGeoJSONData', '127.0.0.1', '内网IP', '{\r\n  \"updateSupport\" : [ \"true\" ]\r\n}', '0', null, '2019-09-05 19:15:17');
INSERT INTO `sys_oper_log` VALUES ('188', 'POI GeoJson导入', '6', 'com.backstage.web.controller.gim.business.controller.DObjectController.importGeoJSONData()', 'POST', '1', 'admin', null, '/business/dobject/importGeoJSONData', '127.0.0.1', '内网IP', '{\r\n  \"updateSupport\" : [ \"true\" ]\r\n}', '0', null, '2019-09-05 19:16:09');
INSERT INTO `sys_oper_log` VALUES ('189', 'POI GeoJson导入', '6', 'com.backstage.web.controller.gim.business.controller.DObjectController.importGeoJSONData()', 'POST', '1', 'admin', null, '/business/dobject/importGeoJSONData', '127.0.0.1', '内网IP', '{\r\n  \"updateSupport\" : [ \"true\" ]\r\n}', '0', null, '2019-09-05 19:17:54');
INSERT INTO `sys_oper_log` VALUES ('190', 'POI GeoJson导入', '6', 'com.backstage.web.controller.gim.business.controller.DObjectController.importGeoJSONData()', 'POST', '1', 'admin', null, '/business/dobject/importGeoJSONData', '127.0.0.1', '内网IP', '{\r\n  \"updateSupport\" : [ \"true\" ]\r\n}', '0', null, '2019-09-05 19:21:23');
INSERT INTO `sys_oper_log` VALUES ('191', 'POI', '1', 'com.backstage.web.controller.gim.business.controller.DObjectController.addSave()', 'POST', '1', 'admin', '研发部门', '/business/dobject/add', '127.0.0.1', '内网IP', '{\r\n  \"type\" : [ \"1\" ],\r\n  \"lon\" : [ \"1\" ],\r\n  \"lat\" : [ \"1\" ],\r\n  \"alt\" : [ \"1\" ],\r\n  \"attr\" : [ \"1\" ]\r\n}', '0', null, '2019-09-06 09:26:53');
INSERT INTO `sys_oper_log` VALUES ('192', 'POI', '3', 'com.backstage.web.controller.gim.business.controller.DObjectController.remove()', 'POST', '1', 'admin', '研发部门', '/business/dobject/remove', '127.0.0.1', '内网IP', '{\r\n  \"ids\" : [ \"20190906092632414000\" ]\r\n}', '0', null, '2019-09-06 09:27:11');
INSERT INTO `sys_oper_log` VALUES ('193', 'POI', '1', 'com.backstage.web.controller.gim.business.controller.DObjectController.addSave()', 'POST', '1', 'admin', '研发部门', '/business/dobject/add', '127.0.0.1', '内网IP', '{\r\n  \"type\" : [ \"1\" ],\r\n  \"lon\" : [ \"1\" ],\r\n  \"lat\" : [ \"1\" ],\r\n  \"alt\" : [ \"1\" ],\r\n  \"attr\" : [ \"1\" ]\r\n}', '0', null, '2019-09-06 09:27:16');
INSERT INTO `sys_oper_log` VALUES ('194', 'POI', '3', 'com.backstage.web.controller.gim.business.controller.DObjectController.remove()', 'POST', '1', 'admin', '研发部门', '/business/dobject/remove', '127.0.0.1', '内网IP', '{\r\n  \"ids\" : [ \"20190906092655516001\" ]\r\n}', '0', null, '2019-09-06 09:27:32');
INSERT INTO `sys_oper_log` VALUES ('195', 'POI', '1', 'com.backstage.web.controller.gim.business.controller.DObjectController.addSave()', 'POST', '1', 'admin', '研发部门', '/business/dobject/add', '127.0.0.1', '内网IP', '{\r\n  \"type\" : [ \"1\" ],\r\n  \"lon\" : [ \"1\" ],\r\n  \"lat\" : [ \"1\" ],\r\n  \"alt\" : [ \"1\" ],\r\n  \"attr\" : [ \"1\" ]\r\n}', '0', null, '2019-09-06 09:27:36');
INSERT INTO `sys_oper_log` VALUES ('196', 'POI', '3', 'com.backstage.web.controller.gim.business.controller.DObjectController.remove()', 'POST', '1', 'admin', '研发部门', '/business/dobject/remove', '127.0.0.1', '内网IP', '{\r\n  \"ids\" : [ \"20190906092715958002\" ]\r\n}', '0', null, '2019-09-06 09:27:41');
INSERT INTO `sys_oper_log` VALUES ('197', 'POI', '1', 'com.backstage.web.controller.gim.business.controller.DObjectController.addSave()', 'POST', '1', 'admin', '研发部门', '/business/dobject/add', '127.0.0.1', '内网IP', '{\r\n  \"type\" : [ \"1\" ],\r\n  \"lon\" : [ \"1\" ],\r\n  \"lat\" : [ \"1\" ],\r\n  \"alt\" : [ \"1\" ],\r\n  \"attr\" : [ \"1\" ]\r\n}', '0', null, '2019-09-06 09:27:46');
INSERT INTO `sys_oper_log` VALUES ('198', 'POI', '3', 'com.backstage.web.controller.gim.business.controller.DObjectController.remove()', 'POST', '1', 'admin', '研发部门', '/business/dobject/remove', '127.0.0.1', '内网IP', '{\r\n  \"ids\" : [ \"20190906092725392003\" ]\r\n}', '0', null, '2019-09-06 09:27:48');
INSERT INTO `sys_oper_log` VALUES ('199', 'POI', '1', 'com.backstage.web.controller.gim.business.controller.DObjectController.addSave()', 'POST', '1', 'admin', '研发部门', '/business/dobject/add', '127.0.0.1', '内网IP', '{\r\n  \"type\" : [ \"1\" ],\r\n  \"lon\" : [ \"1\" ],\r\n  \"lat\" : [ \"1\" ],\r\n  \"alt\" : [ \"1\" ],\r\n  \"attr\" : [ \"1\" ],\r\n  \"isValid\" : [ \"1\" ]\r\n}', '0', null, '2019-09-06 09:28:10');
INSERT INTO `sys_oper_log` VALUES ('200', 'POI', '2', 'com.backstage.web.controller.gim.business.controller.DObjectController.editSave()', 'POST', '1', 'admin', '研发部门', '/business/dobject/edit', '127.0.0.1', '内网IP', '{\r\n  \"id\" : [ \"20190906092749763004\" ],\r\n  \"type\" : [ \"1\" ],\r\n  \"lon\" : [ \"1.0\" ],\r\n  \"lat\" : [ \"1.0\" ],\r\n  \"alt\" : [ \"1.0\" ],\r\n  \"attr\" : [ \"1\" ],\r\n  \"isValid\" : [ \"2\" ]\r\n}', '0', null, '2019-09-06 09:28:17');
INSERT INTO `sys_oper_log` VALUES ('201', 'POI', '3', 'com.backstage.web.controller.gim.business.controller.DObjectController.remove()', 'POST', '1', 'admin', '研发部门', '/business/dobject/remove', '127.0.0.1', '内网IP', '{\r\n  \"ids\" : [ \"20190906092749763004\" ]\r\n}', '0', null, '2019-09-06 09:28:19');
INSERT INTO `sys_oper_log` VALUES ('202', 'POI', '1', 'com.backstage.web.controller.gim.business.controller.DObjectController.addSave()', 'POST', '1', 'admin', '研发部门', '/business/dobject/add', '127.0.0.1', '内网IP', '{\r\n  \"type\" : [ \"1\" ],\r\n  \"lon\" : [ \"1\" ],\r\n  \"lat\" : [ \"1\" ],\r\n  \"alt\" : [ \"1\" ],\r\n  \"attr\" : [ \"1\" ],\r\n  \"isValid\" : [ \"1\" ]\r\n}', '0', null, '2019-09-06 09:28:45');
INSERT INTO `sys_oper_log` VALUES ('203', 'POI', '3', 'com.backstage.web.controller.gim.business.controller.DObjectController.remove()', 'POST', '1', 'admin', '研发部门', '/business/dobject/remove', '127.0.0.1', '内网IP', '{\r\n  \"ids\" : [ \"20190906092824401005\" ]\r\n}', '0', null, '2019-09-06 09:29:22');
INSERT INTO `sys_oper_log` VALUES ('204', 'POI', '1', 'com.backstage.web.controller.gim.business.controller.DObjectController.addSave()', 'POST', '1', 'admin', '研发部门', '/business/dobject/add', '127.0.0.1', '内网IP', '{\r\n  \"type\" : [ \"1\" ],\r\n  \"lon\" : [ \"1\" ],\r\n  \"lat\" : [ \"1\" ],\r\n  \"alt\" : [ \"1\" ],\r\n  \"attr\" : [ \"1\" ],\r\n  \"isValid\" : [ \"2\" ]\r\n}', '0', null, '2019-09-06 09:29:29');
INSERT INTO `sys_oper_log` VALUES ('205', 'POI', '3', 'com.backstage.web.controller.gim.business.controller.DObjectController.remove()', 'POST', '1', 'admin', '研发部门', '/business/dobject/remove', '127.0.0.1', '内网IP', '{\r\n  \"ids\" : [ \"20190906092908204006\" ]\r\n}', '0', null, '2019-09-06 09:29:30');
INSERT INTO `sys_oper_log` VALUES ('206', 'POI', '2', 'com.backstage.web.controller.gim.business.controller.DObjectController.editSave()', 'POST', '1', 'admin', '研发部门', '/business/dobject/edit', '127.0.0.1', '内网IP', '{\r\n  \"id\" : [ \"20190802161032787034\" ],\r\n  \"type\" : [ \"1\" ],\r\n  \"lon\" : [ \"118.31425219042\" ],\r\n  \"lat\" : [ \"29.69374680321\" ],\r\n  \"alt\" : [ \"151.46536773069\" ],\r\n  \"attr\" : [ \"{\\\"lng\\\":118.31425219042173,\\\"diameter\\\":30,\\\"color\\\":\\\"#00ff00\\\",\\\"helper\\\":true,\\\"alt\\\":151.46536773069397,\\\"id\\\":\\\"53DCD217-6067-4C97-8578-C57F3D88F1A3\\\",\\\"type\\\":1,\\\"opacity\\\":1,\\\"lat\\\":29.69374680320524,\\\"sid\\\":\\\"\\\"}\" ],\r\n  \"isValid\" : [ \"2\" ]\r\n}', '0', null, '2019-09-06 09:34:07');
INSERT INTO `sys_oper_log` VALUES ('207', 'POI', '2', 'com.backstage.web.controller.gim.business.controller.DObjectController.editSave()', 'POST', '1', 'admin', '研发部门', '/business/dobject/edit', '127.0.0.1', '内网IP', '{\r\n  \"id\" : [ \"20190802161032787034\" ],\r\n  \"type\" : [ \"1\" ],\r\n  \"lon\" : [ \"118.31425219042\" ],\r\n  \"lat\" : [ \"29.69374680321\" ],\r\n  \"alt\" : [ \"151.46536773069\" ],\r\n  \"attr\" : [ \"{\\\"lng\\\":118.31425219042173,\\\"diameter\\\":30,\\\"color\\\":\\\"#00ff00\\\",\\\"helper\\\":true,\\\"alt\\\":151.46536773069397,\\\"id\\\":\\\"53DCD217-6067-4C97-8578-C57F3D88F1A3\\\",\\\"type\\\":1,\\\"opacity\\\":1,\\\"lat\\\":29.69374680320524,\\\"sid\\\":\\\"\\\"}\" ],\r\n  \"isValid\" : [ \"1\" ]\r\n}', '0', null, '2019-09-06 09:34:12');
INSERT INTO `sys_oper_log` VALUES ('208', 'POI GeoJson导入', '6', 'com.backstage.web.controller.gim.business.controller.DObjectController.importGeoJSONData()', 'POST', '1', 'admin', '研发部门', '/business/dobject/importGeoJSONData', '127.0.0.1', '内网IP', '{\r\n  \"updateSupport\" : [ \"false\" ]\r\n}', '0', null, '2019-09-06 09:37:53');
INSERT INTO `sys_oper_log` VALUES ('209', 'POI GeoJson导入', '6', 'com.backstage.web.controller.gim.business.controller.DObjectController.importGeoJSONData()', 'POST', '1', 'admin', '研发部门', '/business/dobject/importGeoJSONData', '127.0.0.1', '内网IP', '{\r\n  \"updateSupport\" : [ \"true\" ]\r\n}', '0', null, '2019-09-06 09:38:08');
INSERT INTO `sys_oper_log` VALUES ('210', 'POI GeoJson导入', '6', 'com.backstage.web.controller.gim.business.controller.DObjectController.importGeoJSONData()', 'POST', '1', 'admin', null, '/business/dobject/importGeoJSONData', '127.0.0.1', '内网IP', '{\r\n  \"updateSupport\" : [ \"true\" ]\r\n}', '0', null, '2019-09-06 09:39:51');
INSERT INTO `sys_oper_log` VALUES ('211', 'POI GeoJson导入', '6', 'com.backstage.web.controller.gim.business.controller.DObjectController.importGeoJSONData()', 'POST', '1', 'admin', null, '/business/dobject/importGeoJSONData', '127.0.0.1', '内网IP', '{\r\n  \"updateSupport\" : [ \"true\" ]\r\n}', '0', null, '2019-09-06 09:40:29');
INSERT INTO `sys_oper_log` VALUES ('212', '代码生成', '6', 'com.backstage.generator.controller.GenController.importTableSave()', 'POST', '1', 'admin', null, '/tool/gen/importTable', '127.0.0.1', '内网IP', '{\r\n  \"tables\" : [ \"t_config\" ]\r\n}', '0', null, '2019-09-06 09:45:09');
INSERT INTO `sys_oper_log` VALUES ('213', '代码生成', '2', 'com.backstage.generator.controller.GenController.editSave()', 'POST', '1', 'admin', null, '/tool/gen/edit', '127.0.0.1', '内网IP', '{\r\n  \"tableId\" : [ \"2\" ],\r\n  \"tableName\" : [ \"t_config\" ],\r\n  \"tableComment\" : [ \"配置表\" ],\r\n  \"className\" : [ \"TConfig\" ],\r\n  \"functionAuthor\" : [ \"jack.lin\" ],\r\n  \"remark\" : [ \"\" ],\r\n  \"columns[0].columnId\" : [ \"8\" ],\r\n  \"columns[0].sort\" : [ \"1\" ],\r\n  \"columns[0].columnComment\" : [ \"ID\" ],\r\n  \"columns[0].javaType\" : [ \"String\" ],\r\n  \"columns[0].javaField\" : [ \"id\" ],\r\n  \"columns[0].isInsert\" : [ \"1\" ],\r\n  \"columns[0].queryType\" : [ \"EQ\" ],\r\n  \"columns[0].htmlType\" : [ \"input\" ],\r\n  \"columns[0].dictType\" : [ \"\" ],\r\n  \"columns[1].columnId\" : [ \"9\" ],\r\n  \"columns[1].sort\" : [ \"2\" ],\r\n  \"columns[1].columnComment\" : [ \"父ID\" ],\r\n  \"columns[1].javaType\" : [ \"String\" ],\r\n  \"columns[1].javaField\" : [ \"pid\" ],\r\n  \"columns[1].isInsert\" : [ \"1\" ],\r\n  \"columns[1].isEdit\" : [ \"1\" ],\r\n  \"columns[1].isList\" : [ \"1\" ],\r\n  \"columns[1].isQuery\" : [ \"1\" ],\r\n  \"columns[1].queryType\" : [ \"EQ\" ],\r\n  \"columns[1].htmlType\" : [ \"input\" ],\r\n  \"columns[1].dictType\" : [ \"\" ],\r\n  \"columns[2].columnId\" : [ \"10\" ],\r\n  \"columns[2].sort\" : [ \"3\" ],\r\n  \"columns[2].columnComment\" : [ \"编码\" ],\r\n  \"columns[2].javaType\" : [ \"String\" ],\r\n  \"columns[2].javaField\" : [ \"code\" ],\r\n  \"columns[2].isInsert\" : [ \"1\" ],\r\n  \"columns[2].isEdit\" : [ \"1\" ],\r\n  \"columns[2].isList\" : [ \"1\" ],\r\n  \"columns[2].isQuery\" : [ \"1\" ],\r\n  \"columns[2].queryType\" : [ \"EQ\" ],\r\n  \"columns[2].htmlType\" : [ \"input\" ],\r\n  \"columns[2].dictType\" : [ \"\" ],\r\n  \"columns[3].columnId\" : [ \"11\" ],\r\n  \"columns[3].sort\" : [ \"4\" ],\r\n  \"columns[3].columnComment\" : [ \"值类型\" ],\r\n  \"columns[3].javaType\" : [ \"String\" ],\r\n  \"columns[3].javaField\" : [ \"type\" ],\r\n  \"columns[3].isInsert\" : [ \"1\" ],\r\n  \"columns[3].isEdit\" : [ \"1\" ],\r\n  \"columns[3].isList\" : [ \"1\" ],\r\n  \"columns[3].isQuery\" : [ \"1\" ],\r\n  \"columns[3].queryType\" : [ \"EQ\" ],\r\n  \"columns[3].htmlType\" : [ \"select\" ],\r\n  \"columns[3].dictType\" : [ \"\" ],\r\n  \"columns[4].columnId\" : [ \"12\" ],\r\n  \"columns[4].sort\" : [ \"5\" ],\r\n  \"columns[4].columnComment\" : [ \"值\" ],\r\n  \"columns[4].javaType\" : [ \"String\"', '0', null, '2019-09-06 09:48:56');
INSERT INTO `sys_oper_log` VALUES ('214', '代码生成', '2', 'com.backstage.generator.controller.GenController.editSave()', 'POST', '1', 'admin', null, '/tool/gen/edit', '127.0.0.1', '内网IP', '{\r\n  \"tableId\" : [ \"2\" ],\r\n  \"tableName\" : [ \"t_config\" ],\r\n  \"tableComment\" : [ \"配置表\" ],\r\n  \"className\" : [ \"TConfig\" ],\r\n  \"functionAuthor\" : [ \"jack.lin\" ],\r\n  \"remark\" : [ \"\" ],\r\n  \"columns[0].columnId\" : [ \"8\" ],\r\n  \"columns[0].sort\" : [ \"1\" ],\r\n  \"columns[0].columnComment\" : [ \"ID\" ],\r\n  \"columns[0].javaType\" : [ \"String\" ],\r\n  \"columns[0].javaField\" : [ \"id\" ],\r\n  \"columns[0].isInsert\" : [ \"1\" ],\r\n  \"columns[0].queryType\" : [ \"EQ\" ],\r\n  \"columns[0].htmlType\" : [ \"input\" ],\r\n  \"columns[0].dictType\" : [ \"\" ],\r\n  \"columns[1].columnId\" : [ \"9\" ],\r\n  \"columns[1].sort\" : [ \"2\" ],\r\n  \"columns[1].columnComment\" : [ \"父ID\" ],\r\n  \"columns[1].javaType\" : [ \"String\" ],\r\n  \"columns[1].javaField\" : [ \"pid\" ],\r\n  \"columns[1].isInsert\" : [ \"1\" ],\r\n  \"columns[1].isEdit\" : [ \"1\" ],\r\n  \"columns[1].isList\" : [ \"1\" ],\r\n  \"columns[1].isQuery\" : [ \"1\" ],\r\n  \"columns[1].queryType\" : [ \"EQ\" ],\r\n  \"columns[1].htmlType\" : [ \"input\" ],\r\n  \"columns[1].dictType\" : [ \"\" ],\r\n  \"columns[2].columnId\" : [ \"10\" ],\r\n  \"columns[2].sort\" : [ \"3\" ],\r\n  \"columns[2].columnComment\" : [ \"编码\" ],\r\n  \"columns[2].javaType\" : [ \"String\" ],\r\n  \"columns[2].javaField\" : [ \"code\" ],\r\n  \"columns[2].isInsert\" : [ \"1\" ],\r\n  \"columns[2].isEdit\" : [ \"1\" ],\r\n  \"columns[2].isList\" : [ \"1\" ],\r\n  \"columns[2].isQuery\" : [ \"1\" ],\r\n  \"columns[2].queryType\" : [ \"EQ\" ],\r\n  \"columns[2].htmlType\" : [ \"input\" ],\r\n  \"columns[2].dictType\" : [ \"\" ],\r\n  \"columns[3].columnId\" : [ \"11\" ],\r\n  \"columns[3].sort\" : [ \"4\" ],\r\n  \"columns[3].columnComment\" : [ \"值类型\" ],\r\n  \"columns[3].javaType\" : [ \"String\" ],\r\n  \"columns[3].javaField\" : [ \"type\" ],\r\n  \"columns[3].isInsert\" : [ \"1\" ],\r\n  \"columns[3].isEdit\" : [ \"1\" ],\r\n  \"columns[3].isList\" : [ \"1\" ],\r\n  \"columns[3].isQuery\" : [ \"1\" ],\r\n  \"columns[3].queryType\" : [ \"EQ\" ],\r\n  \"columns[3].htmlType\" : [ \"select\" ],\r\n  \"columns[3].dictType\" : [ \"\" ],\r\n  \"columns[4].columnId\" : [ \"12\" ],\r\n  \"columns[4].sort\" : [ \"5\" ],\r\n  \"columns[4].columnComment\" : [ \"值\" ],\r\n  \"columns[4].javaType\" : [ \"String\"', '0', null, '2019-09-06 09:49:48');
INSERT INTO `sys_oper_log` VALUES ('215', '代码生成', '2', 'com.backstage.generator.controller.GenController.editSave()', 'POST', '1', 'admin', null, '/tool/gen/edit', '127.0.0.1', '内网IP', '{\r\n  \"tableId\" : [ \"2\" ],\r\n  \"tableName\" : [ \"t_config\" ],\r\n  \"tableComment\" : [ \"基础配置\" ],\r\n  \"className\" : [ \"TConfig\" ],\r\n  \"functionAuthor\" : [ \"jack.lin\" ],\r\n  \"remark\" : [ \"\" ],\r\n  \"columns[0].columnId\" : [ \"8\" ],\r\n  \"columns[0].sort\" : [ \"1\" ],\r\n  \"columns[0].columnComment\" : [ \"ID\" ],\r\n  \"columns[0].javaType\" : [ \"String\" ],\r\n  \"columns[0].javaField\" : [ \"id\" ],\r\n  \"columns[0].isInsert\" : [ \"1\" ],\r\n  \"columns[0].queryType\" : [ \"EQ\" ],\r\n  \"columns[0].htmlType\" : [ \"input\" ],\r\n  \"columns[0].dictType\" : [ \"\" ],\r\n  \"columns[1].columnId\" : [ \"9\" ],\r\n  \"columns[1].sort\" : [ \"2\" ],\r\n  \"columns[1].columnComment\" : [ \"父ID\" ],\r\n  \"columns[1].javaType\" : [ \"String\" ],\r\n  \"columns[1].javaField\" : [ \"pid\" ],\r\n  \"columns[1].isInsert\" : [ \"1\" ],\r\n  \"columns[1].isEdit\" : [ \"1\" ],\r\n  \"columns[1].isList\" : [ \"1\" ],\r\n  \"columns[1].isQuery\" : [ \"1\" ],\r\n  \"columns[1].queryType\" : [ \"EQ\" ],\r\n  \"columns[1].htmlType\" : [ \"input\" ],\r\n  \"columns[1].dictType\" : [ \"\" ],\r\n  \"columns[2].columnId\" : [ \"10\" ],\r\n  \"columns[2].sort\" : [ \"3\" ],\r\n  \"columns[2].columnComment\" : [ \"编码\" ],\r\n  \"columns[2].javaType\" : [ \"String\" ],\r\n  \"columns[2].javaField\" : [ \"code\" ],\r\n  \"columns[2].isInsert\" : [ \"1\" ],\r\n  \"columns[2].isEdit\" : [ \"1\" ],\r\n  \"columns[2].isList\" : [ \"1\" ],\r\n  \"columns[2].isQuery\" : [ \"1\" ],\r\n  \"columns[2].queryType\" : [ \"EQ\" ],\r\n  \"columns[2].htmlType\" : [ \"input\" ],\r\n  \"columns[2].dictType\" : [ \"\" ],\r\n  \"columns[3].columnId\" : [ \"11\" ],\r\n  \"columns[3].sort\" : [ \"4\" ],\r\n  \"columns[3].columnComment\" : [ \"值类型\" ],\r\n  \"columns[3].javaType\" : [ \"String\" ],\r\n  \"columns[3].javaField\" : [ \"type\" ],\r\n  \"columns[3].isInsert\" : [ \"1\" ],\r\n  \"columns[3].isEdit\" : [ \"1\" ],\r\n  \"columns[3].isList\" : [ \"1\" ],\r\n  \"columns[3].isQuery\" : [ \"1\" ],\r\n  \"columns[3].queryType\" : [ \"EQ\" ],\r\n  \"columns[3].htmlType\" : [ \"select\" ],\r\n  \"columns[3].dictType\" : [ \"\" ],\r\n  \"columns[4].columnId\" : [ \"12\" ],\r\n  \"columns[4].sort\" : [ \"5\" ],\r\n  \"columns[4].columnComment\" : [ \"值\" ],\r\n  \"columns[4].javaType\" : [ \"String', '0', null, '2019-09-06 09:50:09');
INSERT INTO `sys_oper_log` VALUES ('216', '代码生成', '2', 'com.backstage.generator.controller.GenController.editSave()', 'POST', '1', 'admin', null, '/tool/gen/edit', '127.0.0.1', '内网IP', '{\r\n  \"tableId\" : [ \"2\" ],\r\n  \"tableName\" : [ \"t_config\" ],\r\n  \"tableComment\" : [ \"基础配置\" ],\r\n  \"className\" : [ \"TConfig\" ],\r\n  \"functionAuthor\" : [ \"jack.lin\" ],\r\n  \"remark\" : [ \"\" ],\r\n  \"columns[0].columnId\" : [ \"8\" ],\r\n  \"columns[0].sort\" : [ \"1\" ],\r\n  \"columns[0].columnComment\" : [ \"编号\" ],\r\n  \"columns[0].javaType\" : [ \"String\" ],\r\n  \"columns[0].javaField\" : [ \"id\" ],\r\n  \"columns[0].isInsert\" : [ \"1\" ],\r\n  \"columns[0].isList\" : [ \"1\" ],\r\n  \"columns[0].queryType\" : [ \"EQ\" ],\r\n  \"columns[0].htmlType\" : [ \"input\" ],\r\n  \"columns[0].dictType\" : [ \"\" ],\r\n  \"columns[1].columnId\" : [ \"9\" ],\r\n  \"columns[1].sort\" : [ \"2\" ],\r\n  \"columns[1].columnComment\" : [ \"父级\" ],\r\n  \"columns[1].javaType\" : [ \"String\" ],\r\n  \"columns[1].javaField\" : [ \"pid\" ],\r\n  \"columns[1].isInsert\" : [ \"1\" ],\r\n  \"columns[1].isEdit\" : [ \"1\" ],\r\n  \"columns[1].isList\" : [ \"1\" ],\r\n  \"columns[1].isQuery\" : [ \"1\" ],\r\n  \"columns[1].queryType\" : [ \"EQ\" ],\r\n  \"columns[1].htmlType\" : [ \"select\" ],\r\n  \"columns[1].dictType\" : [ \"\" ],\r\n  \"columns[2].columnId\" : [ \"10\" ],\r\n  \"columns[2].sort\" : [ \"3\" ],\r\n  \"columns[2].columnComment\" : [ \"编码\" ],\r\n  \"columns[2].javaType\" : [ \"String\" ],\r\n  \"columns[2].javaField\" : [ \"code\" ],\r\n  \"columns[2].isInsert\" : [ \"1\" ],\r\n  \"columns[2].isEdit\" : [ \"1\" ],\r\n  \"columns[2].isList\" : [ \"1\" ],\r\n  \"columns[2].isQuery\" : [ \"1\" ],\r\n  \"columns[2].queryType\" : [ \"EQ\" ],\r\n  \"columns[2].htmlType\" : [ \"input\" ],\r\n  \"columns[2].dictType\" : [ \"\" ],\r\n  \"columns[3].columnId\" : [ \"11\" ],\r\n  \"columns[3].sort\" : [ \"4\" ],\r\n  \"columns[3].columnComment\" : [ \"值类型\" ],\r\n  \"columns[3].javaType\" : [ \"String\" ],\r\n  \"columns[3].javaField\" : [ \"type\" ],\r\n  \"columns[3].isInsert\" : [ \"1\" ],\r\n  \"columns[3].isEdit\" : [ \"1\" ],\r\n  \"columns[3].isList\" : [ \"1\" ],\r\n  \"columns[3].isQuery\" : [ \"1\" ],\r\n  \"columns[3].queryType\" : [ \"EQ\" ],\r\n  \"columns[3].htmlType\" : [ \"input\" ],\r\n  \"columns[3].dictType\" : [ \"\" ],\r\n  \"columns[4].columnId\" : [ \"12\" ],\r\n  \"columns[4].sort\" : [ \"5\" ],\r\n  \"columns[4].columnComment\" : [ \"值\" ],\r\n  ', '0', null, '2019-09-06 09:52:07');
INSERT INTO `sys_oper_log` VALUES ('217', '代码生成', '8', 'com.backstage.generator.controller.GenController.genCode()', 'GET', '1', 'admin', null, '/tool/gen/genCode/t_config', '127.0.0.1', '内网IP', '{ }', '0', null, '2019-09-06 09:52:27');
INSERT INTO `sys_oper_log` VALUES ('218', '基础配置', '2', 'com.backstage.web.controller.gim.basics.controller.TConfigController.editSave()', 'POST', '1', 'admin', null, '/basics/config/edit', '127.0.0.1', '内网IP', '{\r\n  \"id\" : [ \"101\" ],\r\n  \"pid\" : [ \"0\" ],\r\n  \"parentName\" : [ \"\" ],\r\n  \"code\" : [ \"InitGiMAPI\" ],\r\n  \"type\" : [ \"\" ],\r\n  \"value\" : [ \"\" ],\r\n  \"sort\" : [ \"1\" ],\r\n  \"desc\" : [ \"GIM API初始化\" ]\r\n}', '1', '\r\n### Error updating database.  Cause: java.sql.SQLSyntaxErrorException: You have an error in your SQL syntax; check the manual that corresponds to your MariaDB server version for the right syntax to use near \'desc = \'GIM API初始化\' \n        where id = \'101\'\' at line 8\r\n### The error may involve com.backstage.gim.basics.mapper.TConfigMapper.updateTConfig-Inline\r\n### The error occurred while setting parameters\r\n### SQL: update t_config          SET pid = ?,             code = ?,                                       sort = ?,                          desc = ?          where id = ?\r\n### Cause: java.sql.SQLSyntaxErrorException: You have an error in your SQL syntax; check the manual that corresponds to your MariaDB server version for the right syntax to use near \'desc = \'GIM API初始化\' \n        where id = \'101\'\' at line 8\n; bad SQL grammar []; nested exception is java.sql.SQLSyntaxErrorException: You have an error in your SQL syntax; check the manual that corresponds to your MariaDB server version for the right syntax to use near \'desc = \'GIM API初始化\' \n        where id = \'101\'\' at line 8', '2019-09-06 10:19:17');
INSERT INTO `sys_oper_log` VALUES ('219', '基础配置', '2', 'com.backstage.web.controller.gim.basics.controller.TConfigController.editSave()', 'POST', '1', 'admin', null, '/basics/config/edit', '127.0.0.1', '内网IP', '{\r\n  \"id\" : [ \"101\" ],\r\n  \"pid\" : [ \"0\" ],\r\n  \"parentName\" : [ \"\" ],\r\n  \"code\" : [ \"InitGiMAPI\" ],\r\n  \"type\" : [ \"\" ],\r\n  \"value\" : [ \"\" ],\r\n  \"sort\" : [ \"1\" ],\r\n  \"desc\" : [ \"GIM API初始化\" ]\r\n}', '0', null, '2019-09-06 10:21:13');
INSERT INTO `sys_oper_log` VALUES ('220', '基础配置', '2', 'com.backstage.web.controller.gim.basics.controller.TConfigController.editSave()', 'POST', '1', 'admin', null, '/basics/config/edit', '127.0.0.1', '内网IP', '{\r\n  \"id\" : [ \"101005\" ],\r\n  \"pid\" : [ \"101\" ],\r\n  \"parentName\" : [ \"InitGiMAPI\" ],\r\n  \"code\" : [ \"POI\" ],\r\n  \"type\" : [ \"\" ],\r\n  \"value\" : [ \"\" ],\r\n  \"sort\" : [ \"1\" ],\r\n  \"desc\" : [ \"POI参数\" ]\r\n}', '0', null, '2019-09-06 10:21:25');
INSERT INTO `sys_oper_log` VALUES ('221', '基础配置', '2', 'com.backstage.web.controller.gim.basics.controller.TConfigController.editSave()', 'POST', '1', 'admin', null, '/basics/config/edit', '127.0.0.1', '内网IP', '{\r\n  \"id\" : [ \"101005002\" ],\r\n  \"pid\" : [ \"101005\" ],\r\n  \"parentName\" : [ \"POI\" ],\r\n  \"code\" : [ \"resurl\" ],\r\n  \"type\" : [ \"string\" ],\r\n  \"value\" : [ \"/poi\" ],\r\n  \"sort\" : [ \"1\" ],\r\n  \"desc\" : [ \"POI图片资源地址\" ]\r\n}', '0', null, '2019-09-06 10:21:32');
INSERT INTO `sys_oper_log` VALUES ('222', '基础配置', '2', 'com.backstage.web.controller.gim.basics.controller.TConfigController.editSave()', 'POST', '1', 'admin', null, '/basics/config/edit', '127.0.0.1', '内网IP', '{\r\n  \"id\" : [ \"101005001\" ],\r\n  \"pid\" : [ \"101005\" ],\r\n  \"parentName\" : [ \"POI\" ],\r\n  \"code\" : [ \"domain\" ],\r\n  \"type\" : [ \"string\" ],\r\n  \"value\" : [ \"/poi\" ],\r\n  \"sort\" : [ \"2\" ],\r\n  \"desc\" : [ \"后台服务domain\" ]\r\n}', '0', null, '2019-09-06 10:21:36');
INSERT INTO `sys_oper_log` VALUES ('223', '基础配置', '2', 'com.backstage.web.controller.gim.basics.controller.TConfigController.editSave()', 'POST', '1', 'admin', null, '/basics/config/edit', '127.0.0.1', '内网IP', '{ }', '1', '\r\n### Error updating database.  Cause: java.sql.SQLSyntaxErrorException: You have an error in your SQL syntax; check the manual that corresponds to your MariaDB server version for the right syntax to use near \'where id = null\' at line 3\r\n### The error may involve com.backstage.gim.basics.mapper.TConfigMapper.updateTConfig-Inline\r\n### The error occurred while setting parameters\r\n### SQL: update t_config                    where id = ?\r\n### Cause: java.sql.SQLSyntaxErrorException: You have an error in your SQL syntax; check the manual that corresponds to your MariaDB server version for the right syntax to use near \'where id = null\' at line 3\n; bad SQL grammar []; nested exception is java.sql.SQLSyntaxErrorException: You have an error in your SQL syntax; check the manual that corresponds to your MariaDB server version for the right syntax to use near \'where id = null\' at line 3', '2019-09-06 10:56:49');
INSERT INTO `sys_oper_log` VALUES ('224', '基础配置', '2', 'com.backstage.web.controller.gim.basics.controller.TConfigController.editSave()', 'POST', '1', 'admin', null, '/basics/config/edit', '127.0.0.1', '内网IP', '{ }', '1', '\r\n### Error updating database.  Cause: java.sql.SQLSyntaxErrorException: You have an error in your SQL syntax; check the manual that corresponds to your MariaDB server version for the right syntax to use near \'where id = null\' at line 3\r\n### The error may involve com.backstage.gim.basics.mapper.TConfigMapper.updateTConfig-Inline\r\n### The error occurred while setting parameters\r\n### SQL: update t_config                    where id = ?\r\n### Cause: java.sql.SQLSyntaxErrorException: You have an error in your SQL syntax; check the manual that corresponds to your MariaDB server version for the right syntax to use near \'where id = null\' at line 3\n; bad SQL grammar []; nested exception is java.sql.SQLSyntaxErrorException: You have an error in your SQL syntax; check the manual that corresponds to your MariaDB server version for the right syntax to use near \'where id = null\' at line 3', '2019-09-06 10:57:03');
INSERT INTO `sys_oper_log` VALUES ('225', '基础配置', '2', 'com.backstage.web.controller.gim.basics.controller.TConfigController.editSave()', 'POST', '1', 'admin', null, '/basics/config/edit', '127.0.0.1', '内网IP', '{ }', '1', '\r\n### Error updating database.  Cause: java.sql.SQLSyntaxErrorException: You have an error in your SQL syntax; check the manual that corresponds to your MariaDB server version for the right syntax to use near \'where id = null\' at line 3\r\n### The error may involve com.backstage.gim.basics.mapper.TConfigMapper.updateTConfig-Inline\r\n### The error occurred while setting parameters\r\n### SQL: update t_config                    where id = ?\r\n### Cause: java.sql.SQLSyntaxErrorException: You have an error in your SQL syntax; check the manual that corresponds to your MariaDB server version for the right syntax to use near \'where id = null\' at line 3\n; bad SQL grammar []; nested exception is java.sql.SQLSyntaxErrorException: You have an error in your SQL syntax; check the manual that corresponds to your MariaDB server version for the right syntax to use near \'where id = null\' at line 3', '2019-09-06 10:57:06');
INSERT INTO `sys_oper_log` VALUES ('226', '基础配置', '2', 'com.backstage.web.controller.gim.basics.controller.TConfigController.editSave()', 'POST', '1', 'admin', null, '/basics/config/edit', '127.0.0.1', '内网IP', '{ }', '1', '\r\n### Error updating database.  Cause: java.sql.SQLSyntaxErrorException: You have an error in your SQL syntax; check the manual that corresponds to your MariaDB server version for the right syntax to use near \'where id = null\' at line 3\r\n### The error may involve com.backstage.gim.basics.mapper.TConfigMapper.updateTConfig-Inline\r\n### The error occurred while setting parameters\r\n### SQL: update t_config                    where id = ?\r\n### Cause: java.sql.SQLSyntaxErrorException: You have an error in your SQL syntax; check the manual that corresponds to your MariaDB server version for the right syntax to use near \'where id = null\' at line 3\n; bad SQL grammar []; nested exception is java.sql.SQLSyntaxErrorException: You have an error in your SQL syntax; check the manual that corresponds to your MariaDB server version for the right syntax to use near \'where id = null\' at line 3', '2019-09-06 10:59:00');
INSERT INTO `sys_oper_log` VALUES ('227', '基础配置', '2', 'com.backstage.web.controller.gim.basics.controller.TConfigController.editSave()', 'POST', '1', 'admin', null, '/basics/config/edit', '127.0.0.1', '内网IP', '{ }', '1', '\r\n### Error updating database.  Cause: java.sql.SQLSyntaxErrorException: You have an error in your SQL syntax; check the manual that corresponds to your MariaDB server version for the right syntax to use near \'where id = null\' at line 3\r\n### The error may involve com.backstage.gim.basics.mapper.TConfigMapper.updateTConfig-Inline\r\n### The error occurred while setting parameters\r\n### SQL: update t_config                    where id = ?\r\n### Cause: java.sql.SQLSyntaxErrorException: You have an error in your SQL syntax; check the manual that corresponds to your MariaDB server version for the right syntax to use near \'where id = null\' at line 3\n; bad SQL grammar []; nested exception is java.sql.SQLSyntaxErrorException: You have an error in your SQL syntax; check the manual that corresponds to your MariaDB server version for the right syntax to use near \'where id = null\' at line 3', '2019-09-06 11:00:09');
INSERT INTO `sys_oper_log` VALUES ('228', '基础配置', '2', 'com.backstage.web.controller.gim.basics.controller.TConfigController.editSave()', 'POST', '1', 'admin', null, '/basics/config/edit', '127.0.0.1', '内网IP', '{\r\n  \"id\" : [ \"101005001\" ],\r\n  \"pid\" : [ \"101005\" ],\r\n  \"parentName\" : [ \"POI\" ],\r\n  \"code\" : [ \"domain\" ],\r\n  \"type\" : [ \"string\" ],\r\n  \"value\" : [ \"/poi\" ],\r\n  \"sort\" : [ \"2\" ],\r\n  \"desc\" : [ \"后台服务domain\" ],\r\n  \"isuse\" : [ \"2\" ]\r\n}', '0', null, '2019-09-06 11:01:33');
INSERT INTO `sys_oper_log` VALUES ('229', '基础配置', '2', 'com.backstage.web.controller.gim.basics.controller.TConfigController.editSave()', 'POST', '1', 'admin', null, '/basics/config/edit', '127.0.0.1', '内网IP', '{\r\n  \"id\" : [ \"101005001\" ],\r\n  \"pid\" : [ \"101005\" ],\r\n  \"parentName\" : [ \"POI\" ],\r\n  \"code\" : [ \"domain\" ],\r\n  \"type\" : [ \"string\" ],\r\n  \"value\" : [ \"/poi\" ],\r\n  \"sort\" : [ \"2\" ],\r\n  \"desc\" : [ \"后台服务domain\" ],\r\n  \"isuse\" : [ \"1\" ]\r\n}', '0', null, '2019-09-06 11:01:43');
INSERT INTO `sys_oper_log` VALUES ('230', '基础配置', '2', 'com.backstage.web.controller.gim.basics.controller.TConfigController.editSave()', 'POST', '1', 'admin', null, '/basics/config/edit', '127.0.0.1', '内网IP', '{\r\n  \"id\" : [ \"101005\" ],\r\n  \"pid\" : [ \"101\" ],\r\n  \"parentName\" : [ \"InitGiMAPI\" ],\r\n  \"code\" : [ \"POI\" ],\r\n  \"type\" : [ \"\" ],\r\n  \"value\" : [ \"\" ],\r\n  \"sort\" : [ \"1\" ],\r\n  \"desc\" : [ \"POI参数\" ],\r\n  \"isuse\" : [ \"1\" ]\r\n}', '0', null, '2019-09-06 11:02:15');
INSERT INTO `sys_oper_log` VALUES ('231', '基础配置', '2', 'com.backstage.web.controller.gim.basics.controller.TConfigController.editSave()', 'POST', '1', 'admin', null, '/basics/config/edit', '127.0.0.1', '内网IP', '{\r\n  \"id\" : [ \"101006\" ],\r\n  \"pid\" : [ \"101\" ],\r\n  \"parentName\" : [ \"InitGiMAPI\" ],\r\n  \"code\" : [ \"CORE\" ],\r\n  \"type\" : [ \"\" ],\r\n  \"value\" : [ \"\" ],\r\n  \"sort\" : [ \"2\" ],\r\n  \"desc\" : [ \"配准参数\" ],\r\n  \"isuse\" : [ \"2\" ]\r\n}', '0', null, '2019-09-06 11:03:55');
INSERT INTO `sys_oper_log` VALUES ('232', '基础配置', '2', 'com.backstage.web.controller.gim.basics.controller.TConfigController.editSave()', 'POST', '1', 'admin', null, '/basics/config/edit', '127.0.0.1', '内网IP', '{\r\n  \"id\" : [ \"101006\" ],\r\n  \"pid\" : [ \"101\" ],\r\n  \"parentName\" : [ \"InitGiMAPI\" ],\r\n  \"code\" : [ \"CORE\" ],\r\n  \"type\" : [ \"\" ],\r\n  \"value\" : [ \"\" ],\r\n  \"sort\" : [ \"2\" ],\r\n  \"desc\" : [ \"配准参数\" ],\r\n  \"isuse\" : [ \"2\" ]\r\n}', '0', null, '2019-09-06 11:04:00');
INSERT INTO `sys_oper_log` VALUES ('233', '代码生成', '6', 'com.backstage.generator.controller.GenController.importTableSave()', 'POST', '1', 'admin', '研发部门', '/tool/gen/importTable', '127.0.0.1', '内网IP', '{\r\n  \"tables\" : [ \"t_model\" ]\r\n}', '0', null, '2019-09-06 11:48:03');
INSERT INTO `sys_oper_log` VALUES ('234', '字典类型', '1', 'com.backstage.web.controller.system.SysDictTypeController.addSave()', 'POST', '1', 'admin', '研发部门', '/system/dict/add', '127.0.0.1', '内网IP', '{\r\n  \"dictName\" : [ \"GiM模型类型\" ],\r\n  \"dictType\" : [ \"gim_model_type\" ],\r\n  \"status\" : [ \"0\" ],\r\n  \"remark\" : [ \"GiM模型类型\" ]\r\n}', '0', null, '2019-09-06 11:51:18');
INSERT INTO `sys_oper_log` VALUES ('235', '字典数据', '1', 'com.backstage.web.controller.system.SysDictDataController.addSave()', 'POST', '1', 'admin', '研发部门', '/system/dict/data/add', '127.0.0.1', '内网IP', '{\r\n  \"dictLabel\" : [ \"单体模型\" ],\r\n  \"dictValue\" : [ \"mono\" ],\r\n  \"dictType\" : [ \"gim_model_type\" ],\r\n  \"cssClass\" : [ \"\" ],\r\n  \"dictSort\" : [ \"1\" ],\r\n  \"listClass\" : [ \"\" ],\r\n  \"isDefault\" : [ \"Y\" ],\r\n  \"status\" : [ \"0\" ],\r\n  \"remark\" : [ \"\" ]\r\n}', '0', null, '2019-09-06 11:51:53');
INSERT INTO `sys_oper_log` VALUES ('236', '字典数据', '1', 'com.backstage.web.controller.system.SysDictDataController.addSave()', 'POST', '1', 'admin', '研发部门', '/system/dict/data/add', '127.0.0.1', '内网IP', '{\r\n  \"dictLabel\" : [ \"航模\" ],\r\n  \"dictValue\" : [ \"oap\" ],\r\n  \"dictType\" : [ \"gim_model_type\" ],\r\n  \"cssClass\" : [ \"\" ],\r\n  \"dictSort\" : [ \"2\" ],\r\n  \"listClass\" : [ \"\" ],\r\n  \"isDefault\" : [ \"Y\" ],\r\n  \"status\" : [ \"0\" ],\r\n  \"remark\" : [ \"\" ]\r\n}', '0', null, '2019-09-06 11:52:21');
INSERT INTO `sys_oper_log` VALUES ('237', '字典数据', '1', 'com.backstage.web.controller.system.SysDictDataController.addSave()', 'POST', '1', 'admin', '研发部门', '/system/dict/data/add', '127.0.0.1', '内网IP', '{\r\n  \"dictLabel\" : [ \"白模\" ],\r\n  \"dictValue\" : [ \"white\" ],\r\n  \"dictType\" : [ \"gim_model_type\" ],\r\n  \"cssClass\" : [ \"\" ],\r\n  \"dictSort\" : [ \"3\" ],\r\n  \"listClass\" : [ \"\" ],\r\n  \"isDefault\" : [ \"Y\" ],\r\n  \"status\" : [ \"0\" ],\r\n  \"remark\" : [ \"\" ]\r\n}', '0', null, '2019-09-06 11:52:34');
INSERT INTO `sys_oper_log` VALUES ('238', '代码生成', '2', 'com.backstage.generator.controller.GenController.editSave()', 'POST', '1', 'admin', '研发部门', '/tool/gen/edit', '127.0.0.1', '内网IP', '{\r\n  \"tableId\" : [ \"3\" ],\r\n  \"tableName\" : [ \"t_model\" ],\r\n  \"tableComment\" : [ \"模型\" ],\r\n  \"className\" : [ \"TModel\" ],\r\n  \"functionAuthor\" : [ \"jack.lin\" ],\r\n  \"remark\" : [ \"\" ],\r\n  \"columns[0].columnId\" : [ \"16\" ],\r\n  \"columns[0].sort\" : [ \"1\" ],\r\n  \"columns[0].columnComment\" : [ \"编号\" ],\r\n  \"columns[0].javaType\" : [ \"String\" ],\r\n  \"columns[0].javaField\" : [ \"id\" ],\r\n  \"columns[0].isInsert\" : [ \"1\" ],\r\n  \"columns[0].queryType\" : [ \"EQ\" ],\r\n  \"columns[0].htmlType\" : [ \"input\" ],\r\n  \"columns[0].dictType\" : [ \"\" ],\r\n  \"columns[1].columnId\" : [ \"17\" ],\r\n  \"columns[1].sort\" : [ \"2\" ],\r\n  \"columns[1].columnComment\" : [ \"模型类型\" ],\r\n  \"columns[1].javaType\" : [ \"String\" ],\r\n  \"columns[1].javaField\" : [ \"modelType\" ],\r\n  \"columns[1].isInsert\" : [ \"1\" ],\r\n  \"columns[1].isEdit\" : [ \"1\" ],\r\n  \"columns[1].isList\" : [ \"1\" ],\r\n  \"columns[1].isQuery\" : [ \"1\" ],\r\n  \"columns[1].queryType\" : [ \"EQ\" ],\r\n  \"columns[1].htmlType\" : [ \"select\" ],\r\n  \"columns[1].dictType\" : [ \"gim_model_type\" ],\r\n  \"columns[2].columnId\" : [ \"18\" ],\r\n  \"columns[2].sort\" : [ \"3\" ],\r\n  \"columns[2].columnComment\" : [ \"批次号\" ],\r\n  \"columns[2].javaType\" : [ \"String\" ],\r\n  \"columns[2].javaField\" : [ \"batchId\" ],\r\n  \"columns[2].isInsert\" : [ \"1\" ],\r\n  \"columns[2].isEdit\" : [ \"1\" ],\r\n  \"columns[2].isList\" : [ \"1\" ],\r\n  \"columns[2].isQuery\" : [ \"1\" ],\r\n  \"columns[2].queryType\" : [ \"LIKE\" ],\r\n  \"columns[2].htmlType\" : [ \"input\" ],\r\n  \"columns[2].dictType\" : [ \"\" ],\r\n  \"columns[3].columnId\" : [ \"19\" ],\r\n  \"columns[3].sort\" : [ \"4\" ],\r\n  \"columns[3].columnComment\" : [ \"模型名称\" ],\r\n  \"columns[3].javaType\" : [ \"String\" ],\r\n  \"columns[3].javaField\" : [ \"name\" ],\r\n  \"columns[3].isInsert\" : [ \"1\" ],\r\n  \"columns[3].isEdit\" : [ \"1\" ],\r\n  \"columns[3].isList\" : [ \"1\" ],\r\n  \"columns[3].isQuery\" : [ \"1\" ],\r\n  \"columns[3].queryType\" : [ \"LIKE\" ],\r\n  \"columns[3].htmlType\" : [ \"input\" ],\r\n  \"columns[3].dictType\" : [ \"\" ],\r\n  \"columns[4].columnId\" : [ \"20\" ],\r\n  \"columns[4].sort\" : [ \"5\" ],\r\n  \"columns[4].columnComment\" : [ \"经度\" ],\r\n  \"col', '0', null, '2019-09-06 11:56:24');
INSERT INTO `sys_oper_log` VALUES ('239', '代码生成', '8', 'com.backstage.generator.controller.GenController.genCode()', 'GET', '1', 'admin', '研发部门', '/tool/gen/genCode/t_model', '127.0.0.1', '内网IP', '{ }', '0', null, '2019-09-06 11:56:30');
INSERT INTO `sys_oper_log` VALUES ('240', '3DTiles模型', '2', 'com.backstage.web.controller.gim.basics.controller.TModelController.editSave()', 'POST', '1', 'admin', '研发部门', '/basics/tmodel/edit', '127.0.0.1', '内网IP', '{\r\n  \"id\" : [ \"20190622182729078000\" ],\r\n  \"modelType\" : [ \"white\" ],\r\n  \"batchId\" : [ \"WTML190706230159234\" ],\r\n  \"name\" : [ \"建邺区白膜\" ],\r\n  \"lon\" : [ \"0.0\" ],\r\n  \"lat\" : [ \"0.0\" ],\r\n  \"lowerLon\" : [ \"0.0\" ],\r\n  \"lowerLat\" : [ \"0.0\" ],\r\n  \"upperLon\" : [ \"0.0\" ],\r\n  \"upperLat\" : [ \"0.0\" ],\r\n  \"path\" : [ \"WTML190706230159234/tileset.json\" ],\r\n  \"shiftX\" : [ \"0.0\" ],\r\n  \"shiftY\" : [ \"0.0\" ],\r\n  \"shiftZ\" : [ \"0.0\" ],\r\n  \"rotationX\" : [ \"0.0\" ],\r\n  \"rotationY\" : [ \"0.0\" ],\r\n  \"rotationZ\" : [ \"0.0\" ],\r\n  \"scaleX\" : [ \"1.0\" ],\r\n  \"scaleY\" : [ \"1.0\" ],\r\n  \"scaleZ\" : [ \"1.0\" ],\r\n  \"isValid\" : [ \"2\" ]\r\n}', '0', null, '2019-09-06 13:07:03');
INSERT INTO `sys_oper_log` VALUES ('241', '3DTiles模型', '2', 'com.backstage.web.controller.gim.basics.controller.TModelController.editSave()', 'POST', '1', 'admin', '研发部门', '/basics/tmodel/edit', '127.0.0.1', '内网IP', '{\r\n  \"id\" : [ \"20190622182729078000\" ],\r\n  \"modelType\" : [ \"white\" ],\r\n  \"batchId\" : [ \"WTML190706230159234\" ],\r\n  \"name\" : [ \"建邺区白膜\" ],\r\n  \"lon\" : [ \"0.0\" ],\r\n  \"lat\" : [ \"0.0\" ],\r\n  \"lowerLon\" : [ \"0.0\" ],\r\n  \"lowerLat\" : [ \"0.0\" ],\r\n  \"upperLon\" : [ \"0.0\" ],\r\n  \"upperLat\" : [ \"0.0\" ],\r\n  \"path\" : [ \"WTML190706230159234/tileset.json\" ],\r\n  \"shiftX\" : [ \"0.0\" ],\r\n  \"shiftY\" : [ \"0.0\" ],\r\n  \"shiftZ\" : [ \"0.0\" ],\r\n  \"rotationX\" : [ \"0.0\" ],\r\n  \"rotationY\" : [ \"0.0\" ],\r\n  \"rotationZ\" : [ \"0.0\" ],\r\n  \"scaleX\" : [ \"1.0\" ],\r\n  \"scaleY\" : [ \"1.0\" ],\r\n  \"scaleZ\" : [ \"1.0\" ],\r\n  \"isValid\" : [ \"1\" ]\r\n}', '0', null, '2019-09-06 13:07:09');
INSERT INTO `sys_oper_log` VALUES ('242', '3DTiles模型', '2', 'com.backstage.web.controller.gim.basics.controller.TModelController.editSave()', 'POST', '1', 'admin', '研发部门', '/basics/tmodel/edit', '127.0.0.1', '内网IP', '{\r\n  \"id\" : [ \"51\" ],\r\n  \"modelType\" : [ \"oap\" ],\r\n  \"batchId\" : [ \"\" ],\r\n  \"name\" : [ \"青浦\" ],\r\n  \"lon\" : [ \"121.0624\" ],\r\n  \"lat\" : [ \"30.9623\" ],\r\n  \"lowerLon\" : [ \"\" ],\r\n  \"lowerLat\" : [ \"\" ],\r\n  \"upperLon\" : [ \"\" ],\r\n  \"upperLat\" : [ \"\" ],\r\n  \"path\" : [ \"qingpu70_OAP/Scene/Production_1_3DmTiles.json11111111111111\" ],\r\n  \"shiftX\" : [ \"0.0\" ],\r\n  \"shiftY\" : [ \"0.0\" ],\r\n  \"shiftZ\" : [ \"0.0\" ],\r\n  \"rotationX\" : [ \"0.0\" ],\r\n  \"rotationY\" : [ \"0.0\" ],\r\n  \"rotationZ\" : [ \"0.0\" ],\r\n  \"scaleX\" : [ \"1.0\" ],\r\n  \"scaleY\" : [ \"1.0\" ],\r\n  \"scaleZ\" : [ \"1.0\" ],\r\n  \"isValid\" : [ \"1\" ]\r\n}', '0', null, '2019-09-06 13:16:31');
INSERT INTO `sys_oper_log` VALUES ('243', '3DTiles模型', '2', 'com.backstage.web.controller.gim.basics.controller.TModelController.editSave()', 'POST', '1', 'admin', '研发部门', '/basics/tmodel/edit', '127.0.0.1', '内网IP', '{\r\n  \"id\" : [ \"51\" ],\r\n  \"modelType\" : [ \"oap\" ],\r\n  \"batchId\" : [ \"\" ],\r\n  \"name\" : [ \"青浦\" ],\r\n  \"lon\" : [ \"121.0624\" ],\r\n  \"lat\" : [ \"30.9623\" ],\r\n  \"lowerLon\" : [ \"\" ],\r\n  \"lowerLat\" : [ \"\" ],\r\n  \"upperLon\" : [ \"\" ],\r\n  \"upperLat\" : [ \"\" ],\r\n  \"path\" : [ \"qingpu70_OAP/Scene/Production_1_3DmTiles.json\" ],\r\n  \"shiftX\" : [ \"0.0\" ],\r\n  \"shiftY\" : [ \"0.0\" ],\r\n  \"shiftZ\" : [ \"0.0\" ],\r\n  \"rotationX\" : [ \"0.0\" ],\r\n  \"rotationY\" : [ \"0.0\" ],\r\n  \"rotationZ\" : [ \"0.0\" ],\r\n  \"scaleX\" : [ \"1.0\" ],\r\n  \"scaleY\" : [ \"1.0\" ],\r\n  \"scaleZ\" : [ \"1.0\" ],\r\n  \"isValid\" : [ \"1\" ]\r\n}', '0', null, '2019-09-06 13:16:38');
INSERT INTO `sys_oper_log` VALUES ('244', '3DTiles模型', '2', 'com.backstage.web.controller.gim.basics.controller.TModelController.editSave()', 'POST', '1', 'admin', '研发部门', '/basics/tmodel/edit', '127.0.0.1', '内网IP', '{\r\n  \"id\" : [ \"49\" ],\r\n  \"modelType\" : [ \"oap\" ],\r\n  \"batchId\" : [ \"\" ],\r\n  \"name\" : [ \"烽火\" ],\r\n  \"lon\" : [ \"118.73228\" ],\r\n  \"lat\" : [ \"31.99111\" ],\r\n  \"lowerLon\" : [ \"0.0\" ],\r\n  \"lowerLat\" : [ \"0.0\" ],\r\n  \"upperLon\" : [ \"0.0\" ],\r\n  \"upperLat\" : [ \"0.0\" ],\r\n  \"path\" : [ \"fenghuo_OAP/tileset.json\" ],\r\n  \"shiftX\" : [ \"0.0\" ],\r\n  \"shiftY\" : [ \"0.0\" ],\r\n  \"shiftZ\" : [ \"-100.0\" ],\r\n  \"rotationX\" : [ \"0.0\" ],\r\n  \"rotationY\" : [ \"0.0\" ],\r\n  \"rotationZ\" : [ \"0.0\" ],\r\n  \"scaleX\" : [ \"1.0\" ],\r\n  \"scaleY\" : [ \"1.0\" ],\r\n  \"scaleZ\" : [ \"1.0\" ],\r\n  \"isValid\" : [ \"2\" ]\r\n}', '0', null, '2019-09-06 13:17:02');
INSERT INTO `sys_oper_log` VALUES ('245', '3DTiles模型', '2', 'com.backstage.web.controller.gim.basics.controller.TModelController.editSave()', 'POST', '1', 'admin', '研发部门', '/basics/tmodel/edit', '127.0.0.1', '内网IP', '{\r\n  \"id\" : [ \"50\" ],\r\n  \"modelType\" : [ \"oap\" ],\r\n  \"batchId\" : [ \"\" ],\r\n  \"name\" : [ \"建邺区\" ],\r\n  \"lon\" : [ \"118.73228\" ],\r\n  \"lat\" : [ \"31.99111\" ],\r\n  \"lowerLon\" : [ \"\" ],\r\n  \"lowerLat\" : [ \"\" ],\r\n  \"upperLon\" : [ \"\" ],\r\n  \"upperLat\" : [ \"\" ],\r\n  \"path\" : [ \"jianye_OAP/tileset.json\" ],\r\n  \"shiftX\" : [ \"0.0\" ],\r\n  \"shiftY\" : [ \"0.0\" ],\r\n  \"shiftZ\" : [ \"0.0\" ],\r\n  \"rotationX\" : [ \"0.0\" ],\r\n  \"rotationY\" : [ \"0.0\" ],\r\n  \"rotationZ\" : [ \"0.0\" ],\r\n  \"scaleX\" : [ \"1.0\" ],\r\n  \"scaleY\" : [ \"1.0\" ],\r\n  \"scaleZ\" : [ \"1.0\" ],\r\n  \"isValid\" : [ \"2\" ]\r\n}', '0', null, '2019-09-06 13:17:06');
INSERT INTO `sys_oper_log` VALUES ('246', '3DTiles模型', '2', 'com.backstage.web.controller.gim.basics.controller.TModelController.editSave()', 'POST', '1', 'admin', '研发部门', '/basics/tmodel/edit', '127.0.0.1', '内网IP', '{\r\n  \"id\" : [ \"57\" ],\r\n  \"modelType\" : [ \"white\" ],\r\n  \"batchId\" : [ \"fh_WhiteModle_2tiles\" ],\r\n  \"name\" : [ \"烽火白模\" ],\r\n  \"lon\" : [ \"118.73228\" ],\r\n  \"lat\" : [ \"31.99111\" ],\r\n  \"lowerLon\" : [ \"\" ],\r\n  \"lowerLat\" : [ \"\" ],\r\n  \"upperLon\" : [ \"\" ],\r\n  \"upperLat\" : [ \"\" ],\r\n  \"path\" : [ \"fh_WhiteModle_2tiles-400/tileset.json\" ],\r\n  \"shiftX\" : [ \"0.0\" ],\r\n  \"shiftY\" : [ \"0.0\" ],\r\n  \"shiftZ\" : [ \"0.0\" ],\r\n  \"rotationX\" : [ \"0.0\" ],\r\n  \"rotationY\" : [ \"0.0\" ],\r\n  \"rotationZ\" : [ \"0.0\" ],\r\n  \"scaleX\" : [ \"1.0\" ],\r\n  \"scaleY\" : [ \"1.0\" ],\r\n  \"scaleZ\" : [ \"1.0\" ],\r\n  \"isValid\" : [ \"2\" ]\r\n}', '0', null, '2019-09-06 13:17:14');
INSERT INTO `sys_oper_log` VALUES ('247', '3DTiles模型', '2', 'com.backstage.web.controller.gim.basics.controller.TModelController.editSave()', 'POST', '1', 'admin', '研发部门', '/basics/tmodel/edit', '127.0.0.1', '内网IP', '{\r\n  \"id\" : [ \"20190622182729078000\" ],\r\n  \"modelType\" : [ \"white\" ],\r\n  \"batchId\" : [ \"WTML190706230159234\" ],\r\n  \"name\" : [ \"建邺区白膜\" ],\r\n  \"lon\" : [ \"118.73228\" ],\r\n  \"lat\" : [ \"31.99111\" ],\r\n  \"path\" : [ \"WTML190706230159234/tileset.json\" ],\r\n  \"lowerLon\" : [ \"0.0\" ],\r\n  \"lowerLat\" : [ \"0.0\" ],\r\n  \"upperLon\" : [ \"0.0\" ],\r\n  \"upperLat\" : [ \"0.0\" ],\r\n  \"shiftX\" : [ \"0.0\" ],\r\n  \"shiftY\" : [ \"0.0\" ],\r\n  \"shiftZ\" : [ \"0.0\" ],\r\n  \"rotationX\" : [ \"0.0\" ],\r\n  \"rotationY\" : [ \"0.0\" ],\r\n  \"rotationZ\" : [ \"0.0\" ],\r\n  \"scaleX\" : [ \"1.0\" ],\r\n  \"scaleY\" : [ \"1.0\" ],\r\n  \"scaleZ\" : [ \"1.0\" ],\r\n  \"isValid\" : [ \"1\" ]\r\n}', '0', null, '2019-09-06 13:19:03');
INSERT INTO `sys_oper_log` VALUES ('248', '3DTiles模型', '1', 'com.backstage.web.controller.gim.basics.controller.TModelController.addSave()', 'POST', '1', 'admin', '研发部门', '/basics/tmodel/add', '127.0.0.1', '内网IP', '{\r\n  \"modelType\" : [ \"mono\" ],\r\n  \"batchId\" : [ \"1\" ],\r\n  \"name\" : [ \"1\" ],\r\n  \"lon\" : [ \"1\" ],\r\n  \"lat\" : [ \"1\" ],\r\n  \"path\" : [ \"1\" ],\r\n  \"lowerLon\" : [ \"\" ],\r\n  \"lowerLat\" : [ \"\" ],\r\n  \"upperLon\" : [ \"\" ],\r\n  \"upperLat\" : [ \"\" ],\r\n  \"shiftX\" : [ \"\" ],\r\n  \"shiftY\" : [ \"\" ],\r\n  \"shiftZ\" : [ \"\" ],\r\n  \"rotationX\" : [ \"\" ],\r\n  \"rotationY\" : [ \"\" ],\r\n  \"rotationZ\" : [ \"\" ],\r\n  \"scaleX\" : [ \"\" ],\r\n  \"scaleY\" : [ \"\" ],\r\n  \"scaleZ\" : [ \"\" ],\r\n  \"isValid\" : [ \"1\" ]\r\n}', '1', '\r\n### Error updating database.  Cause: java.sql.SQLException: Field \'id\' doesn\'t have a default value\r\n### The error may involve com.backstage.gim.basics.mapper.TModelMapper.insertTModel-Inline\r\n### The error occurred while setting parameters\r\n### SQL: insert into t_model          ( model_type,             batch_id,             name,             lon,             lat,                                                                 path,                                                                                                                                  is_valid )           values ( ?,             ?,             ?,             ?,             ?,                                                                 ?,                                                                                                                                  ? )\r\n### Cause: java.sql.SQLException: Field \'id\' doesn\'t have a default value\n; Field \'id\' doesn\'t have a default value; nested exception is java.sql.SQLException: Field \'id\' doesn\'t have a default value', '2019-09-06 13:31:20');
INSERT INTO `sys_oper_log` VALUES ('249', '3DTiles模型', '1', 'com.backstage.web.controller.gim.basics.controller.TModelController.addSave()', 'POST', '1', 'admin', null, '/basics/tmodel/add', '127.0.0.1', '内网IP', '{\r\n  \"modelType\" : [ \"mono\" ],\r\n  \"batchId\" : [ \"1\" ],\r\n  \"name\" : [ \"1\" ],\r\n  \"lon\" : [ \"1\" ],\r\n  \"lat\" : [ \"\" ],\r\n  \"path\" : [ \"\" ],\r\n  \"lowerLon\" : [ \"\" ],\r\n  \"lowerLat\" : [ \"\" ],\r\n  \"upperLon\" : [ \"\" ],\r\n  \"upperLat\" : [ \"\" ],\r\n  \"shiftX\" : [ \"\" ],\r\n  \"shiftY\" : [ \"\" ],\r\n  \"shiftZ\" : [ \"\" ],\r\n  \"rotationX\" : [ \"\" ],\r\n  \"rotationY\" : [ \"\" ],\r\n  \"rotationZ\" : [ \"\" ],\r\n  \"scaleX\" : [ \"\" ],\r\n  \"scaleY\" : [ \"\" ],\r\n  \"scaleZ\" : [ \"\" ],\r\n  \"isValid\" : [ \"1\" ]\r\n}', '0', null, '2019-09-06 13:33:45');
INSERT INTO `sys_oper_log` VALUES ('250', '3DTiles模型', '3', 'com.backstage.web.controller.gim.basics.controller.TModelController.remove()', 'POST', '1', 'admin', null, '/basics/tmodel/remove', '127.0.0.1', '内网IP', '{\r\n  \"ids\" : [ \"20190906133324691000\" ]\r\n}', '0', null, '2019-09-06 13:33:54');
INSERT INTO `sys_oper_log` VALUES ('251', '3DTiles模型', '2', 'com.backstage.web.controller.gim.basics.controller.TModelController.editSave()', 'POST', '1', 'admin', null, '/basics/tmodel/edit', '127.0.0.1', '内网IP', '{\r\n  \"id\" : [ \"46\" ],\r\n  \"modelType\" : [ \"oap\" ],\r\n  \"batchId\" : [ \"1\" ],\r\n  \"name\" : [ \"东华大学\" ],\r\n  \"lon\" : [ \"121.21285\" ],\r\n  \"lat\" : [ \"31.06089\" ],\r\n  \"path\" : [ \"donghuadaxue_OAP/tileset.json\" ],\r\n  \"lowerLon\" : [ \"\" ],\r\n  \"lowerLat\" : [ \"\" ],\r\n  \"upperLon\" : [ \"\" ],\r\n  \"upperLat\" : [ \"\" ],\r\n  \"shiftX\" : [ \"0.0\" ],\r\n  \"shiftY\" : [ \"0.0\" ],\r\n  \"shiftZ\" : [ \"0.0\" ],\r\n  \"rotationX\" : [ \"0.0\" ],\r\n  \"rotationY\" : [ \"0.0\" ],\r\n  \"rotationZ\" : [ \"0.0\" ],\r\n  \"scaleX\" : [ \"1.0\" ],\r\n  \"scaleY\" : [ \"1.0\" ],\r\n  \"scaleZ\" : [ \"1.0\" ],\r\n  \"isValid\" : [ \"1\" ]\r\n}', '0', null, '2019-09-06 13:34:02');
INSERT INTO `sys_oper_log` VALUES ('252', '3DTiles模型', '2', 'com.backstage.web.controller.gim.basics.controller.TModelController.editSave()', 'POST', '1', 'admin', null, '/basics/tmodel/edit', '127.0.0.1', '内网IP', '{\r\n  \"id\" : [ \"46\" ],\r\n  \"modelType\" : [ \"oap\" ],\r\n  \"batchId\" : [ \"\" ],\r\n  \"name\" : [ \"东华大学\" ],\r\n  \"lon\" : [ \"121.21285\" ],\r\n  \"lat\" : [ \"31.06089\" ],\r\n  \"path\" : [ \"donghuadaxue_OAP/tileset.json\" ],\r\n  \"lowerLon\" : [ \"\" ],\r\n  \"lowerLat\" : [ \"\" ],\r\n  \"upperLon\" : [ \"\" ],\r\n  \"upperLat\" : [ \"\" ],\r\n  \"shiftX\" : [ \"0.0\" ],\r\n  \"shiftY\" : [ \"0.0\" ],\r\n  \"shiftZ\" : [ \"0.0\" ],\r\n  \"rotationX\" : [ \"0.0\" ],\r\n  \"rotationY\" : [ \"0.0\" ],\r\n  \"rotationZ\" : [ \"0.0\" ],\r\n  \"scaleX\" : [ \"1.0\" ],\r\n  \"scaleY\" : [ \"1.0\" ],\r\n  \"scaleZ\" : [ \"1.0\" ],\r\n  \"isValid\" : [ \"1\" ]\r\n}', '0', null, '2019-09-06 13:34:06');
INSERT INTO `sys_oper_log` VALUES ('253', '3DTiles模型', '2', 'com.backstage.web.controller.gim.basics.controller.TModelController.editSave()', 'POST', '1', 'admin', null, '/basics/tmodel/edit', '127.0.0.1', '内网IP', '{\r\n  \"id\" : [ \"46\" ],\r\n  \"modelType\" : [ \"oap\" ],\r\n  \"batchId\" : [ \"\" ],\r\n  \"name\" : [ \"东华大学\" ],\r\n  \"lon\" : [ \"121.21285\" ],\r\n  \"lat\" : [ \"31.06089\" ],\r\n  \"path\" : [ \"donghuadaxue_OAP/tileset.json\" ],\r\n  \"lowerLon\" : [ \"\" ],\r\n  \"lowerLat\" : [ \"\" ],\r\n  \"upperLon\" : [ \"\" ],\r\n  \"upperLat\" : [ \"\" ],\r\n  \"shiftX\" : [ \"0.0\" ],\r\n  \"shiftY\" : [ \"0.0\" ],\r\n  \"shiftZ\" : [ \"0.0\" ],\r\n  \"rotationX\" : [ \"0.0\" ],\r\n  \"rotationY\" : [ \"0.0\" ],\r\n  \"rotationZ\" : [ \"0.0\" ],\r\n  \"scaleX\" : [ \"1.0\" ],\r\n  \"scaleY\" : [ \"1.0\" ],\r\n  \"scaleZ\" : [ \"1.0\" ],\r\n  \"isValid\" : [ \"1\" ]\r\n}', '0', null, '2019-09-06 13:34:10');
INSERT INTO `sys_oper_log` VALUES ('254', '3DTiles模型', '2', 'com.backstage.web.controller.gim.basics.controller.TModelController.editSave()', 'POST', '1', 'admin', null, '/basics/tmodel/edit', '127.0.0.1', '内网IP', '{\r\n  \"id\" : [ \"20190622182729078000\" ],\r\n  \"modelType\" : [ \"white\" ],\r\n  \"batchId\" : [ \"WTML190706230159234\" ],\r\n  \"name\" : [ \"建邺区白膜\" ],\r\n  \"lon\" : [ \"118.73228\" ],\r\n  \"lat\" : [ \"31.99111\" ],\r\n  \"path\" : [ \"WTML190706230159234/tileset.json\" ],\r\n  \"lowerLon\" : [ \"0.0\" ],\r\n  \"lowerLat\" : [ \"0.0\" ],\r\n  \"upperLon\" : [ \"0.0\" ],\r\n  \"upperLat\" : [ \"0.0\" ],\r\n  \"shiftX\" : [ \"0.0\" ],\r\n  \"shiftY\" : [ \"0.0\" ],\r\n  \"shiftZ\" : [ \"0.0\" ],\r\n  \"rotationX\" : [ \"0.0\" ],\r\n  \"rotationY\" : [ \"0.0\" ],\r\n  \"rotationZ\" : [ \"0.0\" ],\r\n  \"scaleX\" : [ \"1.0\" ],\r\n  \"scaleY\" : [ \"1.0\" ],\r\n  \"scaleZ\" : [ \"1.0\" ],\r\n  \"isValid\" : [ \"2\" ]\r\n}', '0', null, '2019-09-06 13:44:19');
INSERT INTO `sys_oper_log` VALUES ('255', '3DTiles模型', '2', 'com.backstage.web.controller.gim.basics.controller.TModelController.editSave()', 'POST', '1', 'admin', null, '/basics/tmodel/edit', '127.0.0.1', '内网IP', '{\r\n  \"id\" : [ \"20190622182729078000\" ],\r\n  \"modelType\" : [ \"white\" ],\r\n  \"batchId\" : [ \"WTML190706230159234\" ],\r\n  \"name\" : [ \"建邺区白膜\" ],\r\n  \"lon\" : [ \"118.73228\" ],\r\n  \"lat\" : [ \"31.99111\" ],\r\n  \"path\" : [ \"WTML190706230159234/tileset.json\" ],\r\n  \"lowerLon\" : [ \"0.0\" ],\r\n  \"lowerLat\" : [ \"0.0\" ],\r\n  \"upperLon\" : [ \"0.0\" ],\r\n  \"upperLat\" : [ \"0.0\" ],\r\n  \"shiftX\" : [ \"0.0\" ],\r\n  \"shiftY\" : [ \"0.0\" ],\r\n  \"shiftZ\" : [ \"0.0\" ],\r\n  \"rotationX\" : [ \"0.0\" ],\r\n  \"rotationY\" : [ \"0.0\" ],\r\n  \"rotationZ\" : [ \"0.0\" ],\r\n  \"scaleX\" : [ \"1.0\" ],\r\n  \"scaleY\" : [ \"1.0\" ],\r\n  \"scaleZ\" : [ \"1.0\" ],\r\n  \"isValid\" : [ \"1\" ]\r\n}', '0', null, '2019-09-06 13:44:24');
INSERT INTO `sys_oper_log` VALUES ('256', '3DTiles模型', '2', 'com.backstage.web.controller.gim.basics.controller.TModelController.editSave()', 'POST', '1', 'admin', null, '/basics/tmodel/edit', '127.0.0.1', '内网IP', '{\r\n  \"id\" : [ \"46\" ],\r\n  \"modelType\" : [ \"oap\" ],\r\n  \"batchId\" : [ \"\" ],\r\n  \"name\" : [ \"东华大学\" ],\r\n  \"lon\" : [ \"121.21285\" ],\r\n  \"lat\" : [ \"31.06089\" ],\r\n  \"path\" : [ \"donghuadaxue_OAP/tileset.json\" ],\r\n  \"lowerLon\" : [ \"\" ],\r\n  \"lowerLat\" : [ \"\" ],\r\n  \"upperLon\" : [ \"\" ],\r\n  \"upperLat\" : [ \"\" ],\r\n  \"shiftX\" : [ \"0.0\" ],\r\n  \"shiftY\" : [ \"0.0\" ],\r\n  \"shiftZ\" : [ \"0.0\" ],\r\n  \"rotationX\" : [ \"0.0\" ],\r\n  \"rotationY\" : [ \"0.0\" ],\r\n  \"rotationZ\" : [ \"0.0\" ],\r\n  \"scaleX\" : [ \"1.0\" ],\r\n  \"scaleY\" : [ \"1.0\" ],\r\n  \"scaleZ\" : [ \"1.0\" ],\r\n  \"isValid\" : [ \"1\" ]\r\n}', '0', null, '2019-09-06 13:46:06');
INSERT INTO `sys_oper_log` VALUES ('257', '3DTiles模型', '2', 'com.backstage.web.controller.gim.basics.controller.TModelController.editSave()', 'POST', '1', 'admin', null, '/basics/tmodel/edit', '127.0.0.1', '内网IP', '{\r\n  \"id\" : [ \"46\" ],\r\n  \"modelType\" : [ \"oap\" ],\r\n  \"batchId\" : [ \"12\" ],\r\n  \"name\" : [ \"东华大学\" ],\r\n  \"lon\" : [ \"121.21285\" ],\r\n  \"lat\" : [ \"31.06089\" ],\r\n  \"path\" : [ \"donghuadaxue_OAP/tileset.json\" ],\r\n  \"lowerLon\" : [ \"\" ],\r\n  \"lowerLat\" : [ \"\" ],\r\n  \"upperLon\" : [ \"\" ],\r\n  \"upperLat\" : [ \"\" ],\r\n  \"shiftX\" : [ \"0.0\" ],\r\n  \"shiftY\" : [ \"0.0\" ],\r\n  \"shiftZ\" : [ \"0.0\" ],\r\n  \"rotationX\" : [ \"0.0\" ],\r\n  \"rotationY\" : [ \"0.0\" ],\r\n  \"rotationZ\" : [ \"0.0\" ],\r\n  \"scaleX\" : [ \"1.0\" ],\r\n  \"scaleY\" : [ \"1.0\" ],\r\n  \"scaleZ\" : [ \"1.0\" ],\r\n  \"isValid\" : [ \"1\" ]\r\n}', '0', null, '2019-09-06 13:47:28');
INSERT INTO `sys_oper_log` VALUES ('258', '3DTiles模型', '2', 'com.backstage.web.controller.gim.basics.controller.TModelController.editSave()', 'POST', '1', 'admin', null, '/basics/tmodel/edit', '127.0.0.1', '内网IP', '{\r\n  \"id\" : [ \"46\" ],\r\n  \"modelType\" : [ \"oap\" ],\r\n  \"batchId\" : [ \"\" ],\r\n  \"name\" : [ \"东华大学\" ],\r\n  \"lon\" : [ \"121.21285\" ],\r\n  \"lat\" : [ \"31.06089\" ],\r\n  \"path\" : [ \"donghuadaxue_OAP/tileset.json\" ],\r\n  \"lowerLon\" : [ \"\" ],\r\n  \"lowerLat\" : [ \"\" ],\r\n  \"upperLon\" : [ \"\" ],\r\n  \"upperLat\" : [ \"\" ],\r\n  \"shiftX\" : [ \"0.0\" ],\r\n  \"shiftY\" : [ \"0.0\" ],\r\n  \"shiftZ\" : [ \"0.0\" ],\r\n  \"rotationX\" : [ \"0.0\" ],\r\n  \"rotationY\" : [ \"0.0\" ],\r\n  \"rotationZ\" : [ \"0.0\" ],\r\n  \"scaleX\" : [ \"1.0\" ],\r\n  \"scaleY\" : [ \"1.0\" ],\r\n  \"scaleZ\" : [ \"1.0\" ],\r\n  \"isValid\" : [ \"1\" ]\r\n}', '0', null, '2019-09-06 13:47:41');
INSERT INTO `sys_oper_log` VALUES ('259', '3DTiles模型', '2', 'com.backstage.web.controller.gim.basics.controller.TModelController.editSave()', 'POST', '1', 'admin', null, '/basics/tmodel/edit', '127.0.0.1', '内网IP', '{\r\n  \"id\" : [ \"46\" ],\r\n  \"modelType\" : [ \"oap\" ],\r\n  \"batchId\" : [ \" \" ],\r\n  \"name\" : [ \"东华大学\" ],\r\n  \"lon\" : [ \"121.21285\" ],\r\n  \"lat\" : [ \"31.06089\" ],\r\n  \"path\" : [ \"donghuadaxue_OAP/tileset.json\" ],\r\n  \"lowerLon\" : [ \"\" ],\r\n  \"lowerLat\" : [ \"\" ],\r\n  \"upperLon\" : [ \"\" ],\r\n  \"upperLat\" : [ \"\" ],\r\n  \"shiftX\" : [ \"0.0\" ],\r\n  \"shiftY\" : [ \"0.0\" ],\r\n  \"shiftZ\" : [ \"0.0\" ],\r\n  \"rotationX\" : [ \"0.0\" ],\r\n  \"rotationY\" : [ \"0.0\" ],\r\n  \"rotationZ\" : [ \"0.0\" ],\r\n  \"scaleX\" : [ \"1.0\" ],\r\n  \"scaleY\" : [ \"1.0\" ],\r\n  \"scaleZ\" : [ \"1.0\" ],\r\n  \"isValid\" : [ \"1\" ]\r\n}', '0', null, '2019-09-06 13:47:58');
INSERT INTO `sys_oper_log` VALUES ('260', '代码生成', '2', 'com.backstage.generator.controller.GenController.editSave()', 'POST', '1', 'admin', null, '/tool/gen/edit', '127.0.0.1', '内网IP', '{\r\n  \"tableId\" : [ \"3\" ],\r\n  \"tableName\" : [ \"t_model\" ],\r\n  \"tableComment\" : [ \"模型\" ],\r\n  \"className\" : [ \"TModel\" ],\r\n  \"functionAuthor\" : [ \"jack.lin\" ],\r\n  \"remark\" : [ \"\" ],\r\n  \"columns[0].columnId\" : [ \"16\" ],\r\n  \"columns[0].sort\" : [ \"1\" ],\r\n  \"columns[0].columnComment\" : [ \"编号\" ],\r\n  \"columns[0].javaType\" : [ \"String\" ],\r\n  \"columns[0].javaField\" : [ \"id\" ],\r\n  \"columns[0].isInsert\" : [ \"1\" ],\r\n  \"columns[0].queryType\" : [ \"EQ\" ],\r\n  \"columns[0].isRequired\" : [ \"1\" ],\r\n  \"columns[0].htmlType\" : [ \"input\" ],\r\n  \"columns[0].dictType\" : [ \"\" ],\r\n  \"columns[1].columnId\" : [ \"17\" ],\r\n  \"columns[1].sort\" : [ \"2\" ],\r\n  \"columns[1].columnComment\" : [ \"模型类型\" ],\r\n  \"columns[1].javaType\" : [ \"String\" ],\r\n  \"columns[1].javaField\" : [ \"modelType\" ],\r\n  \"columns[1].isInsert\" : [ \"1\" ],\r\n  \"columns[1].isEdit\" : [ \"1\" ],\r\n  \"columns[1].isList\" : [ \"1\" ],\r\n  \"columns[1].isQuery\" : [ \"1\" ],\r\n  \"columns[1].queryType\" : [ \"EQ\" ],\r\n  \"columns[1].isRequired\" : [ \"1\" ],\r\n  \"columns[1].htmlType\" : [ \"select\" ],\r\n  \"columns[1].dictType\" : [ \"gim_model_type\" ],\r\n  \"columns[2].columnId\" : [ \"18\" ],\r\n  \"columns[2].sort\" : [ \"3\" ],\r\n  \"columns[2].columnComment\" : [ \"批次号\" ],\r\n  \"columns[2].javaType\" : [ \"String\" ],\r\n  \"columns[2].javaField\" : [ \"batchId\" ],\r\n  \"columns[2].isInsert\" : [ \"1\" ],\r\n  \"columns[2].isEdit\" : [ \"1\" ],\r\n  \"columns[2].isList\" : [ \"1\" ],\r\n  \"columns[2].isQuery\" : [ \"1\" ],\r\n  \"columns[2].queryType\" : [ \"LIKE\" ],\r\n  \"columns[2].isRequired\" : [ \"1\" ],\r\n  \"columns[2].htmlType\" : [ \"input\" ],\r\n  \"columns[2].dictType\" : [ \"\" ],\r\n  \"columns[3].columnId\" : [ \"19\" ],\r\n  \"columns[3].sort\" : [ \"4\" ],\r\n  \"columns[3].columnComment\" : [ \"模型名称\" ],\r\n  \"columns[3].javaType\" : [ \"String\" ],\r\n  \"columns[3].javaField\" : [ \"name\" ],\r\n  \"columns[3].isInsert\" : [ \"1\" ],\r\n  \"columns[3].isEdit\" : [ \"1\" ],\r\n  \"columns[3].isList\" : [ \"1\" ],\r\n  \"columns[3].isQuery\" : [ \"1\" ],\r\n  \"columns[3].queryType\" : [ \"LIKE\" ],\r\n  \"columns[3].isRequired\" : [ \"1\" ],\r\n  \"columns[3].htmlType\" : [ \"input\" ],\r\n', '0', null, '2019-09-06 14:21:47');
INSERT INTO `sys_oper_log` VALUES ('261', '代码生成', '8', 'com.backstage.generator.controller.GenController.genCode()', 'GET', '1', 'admin', null, '/tool/gen/genCode/t_model', '127.0.0.1', '内网IP', '{ }', '0', null, '2019-09-06 14:21:51');
INSERT INTO `sys_oper_log` VALUES ('262', '3DTiles模型', '2', 'com.backstage.web.controller.gim.basics.controller.TModelController.editSave()', 'POST', '1', 'admin', null, '/basics/tmodel/edit', '127.0.0.1', '内网IP', '{\r\n  \"id\" : [ \"46\" ],\r\n  \"modelType\" : [ \"oap\" ],\r\n  \"batchId\" : [ \"test\" ],\r\n  \"name\" : [ \"东华大学\" ],\r\n  \"lon\" : [ \"121.21285\" ],\r\n  \"lat\" : [ \"31.06089\" ],\r\n  \"path\" : [ \"donghuadaxue_OAP/tileset.json\" ],\r\n  \"lowerLon\" : [ \"0\" ],\r\n  \"lowerLat\" : [ \"0\" ],\r\n  \"upperLon\" : [ \"0\" ],\r\n  \"upperLat\" : [ \"0\" ],\r\n  \"shiftX\" : [ \"0.0\" ],\r\n  \"shiftY\" : [ \"0.0\" ],\r\n  \"shiftZ\" : [ \"0.0\" ],\r\n  \"rotationX\" : [ \"0.0\" ],\r\n  \"rotationY\" : [ \"0.0\" ],\r\n  \"rotationZ\" : [ \"0.0\" ],\r\n  \"scaleX\" : [ \"1.0\" ],\r\n  \"scaleY\" : [ \"1.0\" ],\r\n  \"scaleZ\" : [ \"1.0\" ],\r\n  \"isValid\" : [ \"1\" ]\r\n}', '0', null, '2019-09-06 14:49:50');
INSERT INTO `sys_oper_log` VALUES ('263', '3DTiles模型', '2', 'com.backstage.web.controller.gim.basics.controller.TModelController.editSave()', 'POST', '1', 'admin', null, '/basics/tmodel/edit', '127.0.0.1', '内网IP', '{\r\n  \"id\" : [ \"46\" ],\r\n  \"modelType\" : [ \"oap\" ],\r\n  \"batchId\" : [ \"test\" ],\r\n  \"name\" : [ \"东华大学\" ],\r\n  \"lon\" : [ \"121.21285\" ],\r\n  \"lat\" : [ \"31.06089\" ],\r\n  \"path\" : [ \"donghuadaxue_OAP/tileset.json\" ],\r\n  \"lowerLon\" : [ \"0.0\" ],\r\n  \"lowerLat\" : [ \"0.0\" ],\r\n  \"upperLon\" : [ \"0.0\" ],\r\n  \"upperLat\" : [ \"0.0\" ],\r\n  \"shiftX\" : [ \"0.0\" ],\r\n  \"shiftY\" : [ \"0.0\" ],\r\n  \"shiftZ\" : [ \"0.0\" ],\r\n  \"rotationX\" : [ \"0.0\" ],\r\n  \"rotationY\" : [ \"0.0\" ],\r\n  \"rotationZ\" : [ \"0.0\" ],\r\n  \"scaleX\" : [ \"1.0\" ],\r\n  \"scaleY\" : [ \"1.0\" ],\r\n  \"scaleZ\" : [ \"1.0\" ],\r\n  \"isValid\" : [ \"1\" ]\r\n}', '0', null, '2019-09-06 14:49:55');
INSERT INTO `sys_oper_log` VALUES ('264', '3DTiles模型', '2', 'com.backstage.web.controller.gim.basics.controller.TModelController.editSave()', 'POST', '1', 'admin', null, '/basics/tmodel/edit', '127.0.0.1', '内网IP', '{\r\n  \"id\" : [ \"46\" ],\r\n  \"modelType\" : [ \"oap\" ],\r\n  \"batchId\" : [ \"test\" ],\r\n  \"name\" : [ \"东华大学\" ],\r\n  \"lon\" : [ \"121.21285\" ],\r\n  \"lat\" : [ \"31.06089\" ],\r\n  \"path\" : [ \"donghuadaxue_OAP/tileset.json\" ],\r\n  \"lowerLon\" : [ \"0.0\" ],\r\n  \"lowerLat\" : [ \"0.0\" ],\r\n  \"upperLon\" : [ \"0.0\" ],\r\n  \"upperLat\" : [ \"0.0\" ],\r\n  \"shiftX\" : [ \"0.0\" ],\r\n  \"shiftY\" : [ \"0.0\" ],\r\n  \"shiftZ\" : [ \"0.0\" ],\r\n  \"rotationX\" : [ \"0.0\" ],\r\n  \"rotationY\" : [ \"0.0\" ],\r\n  \"rotationZ\" : [ \"0.0\" ],\r\n  \"scaleX\" : [ \"1.0\" ],\r\n  \"scaleY\" : [ \"1.0\" ],\r\n  \"scaleZ\" : [ \"1.0\" ],\r\n  \"isValid\" : [ \"1\" ]\r\n}', '0', null, '2019-09-06 14:50:01');
INSERT INTO `sys_oper_log` VALUES ('265', '字典类型', '1', 'com.backstage.web.controller.system.SysDictTypeController.addSave()', 'POST', '1', 'admin', null, '/system/dict/add', '127.0.0.1', '内网IP', '{\r\n  \"dictName\" : [ \"GiM数据结构类型\" ],\r\n  \"dictType\" : [ \"gim_struct_type\" ],\r\n  \"status\" : [ \"0\" ],\r\n  \"remark\" : [ \"GiM数据结构类型\" ]\r\n}', '0', null, '2019-09-06 14:52:22');
INSERT INTO `sys_oper_log` VALUES ('266', '字典数据', '1', 'com.backstage.web.controller.system.SysDictDataController.addSave()', 'POST', '1', 'admin', null, '/system/dict/data/add', '127.0.0.1', '内网IP', '{\r\n  \"dictLabel\" : [ \"无\" ],\r\n  \"dictValue\" : [ \"-\" ],\r\n  \"dictType\" : [ \"gim_struct_type\" ],\r\n  \"cssClass\" : [ \"\" ],\r\n  \"dictSort\" : [ \"1\" ],\r\n  \"listClass\" : [ \"\" ],\r\n  \"isDefault\" : [ \"Y\" ],\r\n  \"status\" : [ \"0\" ],\r\n  \"remark\" : [ \"\" ]\r\n}', '0', null, '2019-09-06 14:53:16');
INSERT INTO `sys_oper_log` VALUES ('267', '字典数据', '1', 'com.backstage.web.controller.system.SysDictDataController.addSave()', 'POST', '1', 'admin', null, '/system/dict/data/add', '127.0.0.1', '内网IP', '{\r\n  \"dictLabel\" : [ \"字符串\" ],\r\n  \"dictValue\" : [ \"string\" ],\r\n  \"dictType\" : [ \"gim_struct_type\" ],\r\n  \"cssClass\" : [ \"\" ],\r\n  \"dictSort\" : [ \"2\" ],\r\n  \"listClass\" : [ \"\" ],\r\n  \"isDefault\" : [ \"Y\" ],\r\n  \"status\" : [ \"0\" ],\r\n  \"remark\" : [ \"\" ]\r\n}', '0', null, '2019-09-06 14:53:35');
INSERT INTO `sys_oper_log` VALUES ('268', '字典数据', '2', 'com.backstage.web.controller.system.SysDictDataController.editSave()', 'POST', '1', 'admin', null, '/system/dict/data/edit', '127.0.0.1', '内网IP', '{\r\n  \"dictCode\" : [ \"112\" ],\r\n  \"dictLabel\" : [ \"字符串\" ],\r\n  \"dictValue\" : [ \"string\" ],\r\n  \"dictType\" : [ \"gim_struct_type\" ],\r\n  \"cssClass\" : [ \"\" ],\r\n  \"dictSort\" : [ \"2\" ],\r\n  \"listClass\" : [ \"\" ],\r\n  \"isDefault\" : [ \"Y\" ],\r\n  \"status\" : [ \"0\" ],\r\n  \"remark\" : [ \"\" ]\r\n}', '0', null, '2019-09-06 14:55:29');
INSERT INTO `sys_oper_log` VALUES ('269', '字典数据', '1', 'com.backstage.web.controller.system.SysDictDataController.addSave()', 'POST', '1', 'admin', null, '/system/dict/data/add', '127.0.0.1', '内网IP', '{\r\n  \"dictLabel\" : [ \"数值整型\" ],\r\n  \"dictValue\" : [ \"int\" ],\r\n  \"dictType\" : [ \"gim_struct_type\" ],\r\n  \"cssClass\" : [ \"\" ],\r\n  \"dictSort\" : [ \"3\" ],\r\n  \"listClass\" : [ \"\" ],\r\n  \"isDefault\" : [ \"Y\" ],\r\n  \"status\" : [ \"0\" ],\r\n  \"remark\" : [ \"\" ]\r\n}', '0', null, '2019-09-06 14:56:07');
INSERT INTO `sys_oper_log` VALUES ('270', '字典数据', '1', 'com.backstage.web.controller.system.SysDictDataController.addSave()', 'POST', '1', 'admin', null, '/system/dict/data/add', '127.0.0.1', '内网IP', '{\r\n  \"dictLabel\" : [ \"布尔值\" ],\r\n  \"dictValue\" : [ \"boolean\" ],\r\n  \"dictType\" : [ \"gim_struct_type\" ],\r\n  \"cssClass\" : [ \"\" ],\r\n  \"dictSort\" : [ \"4\" ],\r\n  \"listClass\" : [ \"\" ],\r\n  \"isDefault\" : [ \"Y\" ],\r\n  \"status\" : [ \"0\" ],\r\n  \"remark\" : [ \"\" ]\r\n}', '0', null, '2019-09-06 14:56:53');
INSERT INTO `sys_oper_log` VALUES ('271', '字典数据', '1', 'com.backstage.web.controller.system.SysDictDataController.addSave()', 'POST', '1', 'admin', null, '/system/dict/data/add', '127.0.0.1', '内网IP', '{\r\n  \"dictLabel\" : [ \"JSON数值\" ],\r\n  \"dictValue\" : [ \"array\" ],\r\n  \"dictType\" : [ \"gim_struct_type\" ],\r\n  \"cssClass\" : [ \"\" ],\r\n  \"dictSort\" : [ \"5\" ],\r\n  \"listClass\" : [ \"\" ],\r\n  \"isDefault\" : [ \"Y\" ],\r\n  \"status\" : [ \"0\" ],\r\n  \"remark\" : [ \"\" ]\r\n}', '0', null, '2019-09-06 14:57:31');
INSERT INTO `sys_oper_log` VALUES ('272', '字典数据', '1', 'com.backstage.web.controller.system.SysDictDataController.addSave()', 'POST', '1', 'admin', null, '/system/dict/data/add', '127.0.0.1', '内网IP', '{\r\n  \"dictLabel\" : [ \"JSON对象\" ],\r\n  \"dictValue\" : [ \"json\" ],\r\n  \"dictType\" : [ \"gim_struct_type\" ],\r\n  \"cssClass\" : [ \"\" ],\r\n  \"dictSort\" : [ \"6\" ],\r\n  \"listClass\" : [ \"\" ],\r\n  \"isDefault\" : [ \"Y\" ],\r\n  \"status\" : [ \"0\" ],\r\n  \"remark\" : [ \"\" ]\r\n}', '0', null, '2019-09-06 14:57:54');
INSERT INTO `sys_oper_log` VALUES ('273', '字典数据', '2', 'com.backstage.web.controller.system.SysDictDataController.editSave()', 'POST', '1', 'admin', null, '/system/dict/data/edit', '127.0.0.1', '内网IP', '{\r\n  \"dictCode\" : [ \"116\" ],\r\n  \"dictLabel\" : [ \"JSON对象\" ],\r\n  \"dictValue\" : [ \"json\" ],\r\n  \"dictType\" : [ \"gim_struct_type\" ],\r\n  \"cssClass\" : [ \"\" ],\r\n  \"dictSort\" : [ \"6\" ],\r\n  \"listClass\" : [ \"\" ],\r\n  \"isDefault\" : [ \"Y\" ],\r\n  \"status\" : [ \"0\" ],\r\n  \"remark\" : [ \"JSON对象\" ]\r\n}', '0', null, '2019-09-06 14:58:04');
INSERT INTO `sys_oper_log` VALUES ('274', '字典数据', '2', 'com.backstage.web.controller.system.SysDictDataController.editSave()', 'POST', '1', 'admin', null, '/system/dict/data/edit', '127.0.0.1', '内网IP', '{\r\n  \"dictCode\" : [ \"115\" ],\r\n  \"dictLabel\" : [ \"JSON数值\" ],\r\n  \"dictValue\" : [ \"array\" ],\r\n  \"dictType\" : [ \"gim_struct_type\" ],\r\n  \"cssClass\" : [ \"\" ],\r\n  \"dictSort\" : [ \"5\" ],\r\n  \"listClass\" : [ \"\" ],\r\n  \"isDefault\" : [ \"Y\" ],\r\n  \"status\" : [ \"0\" ],\r\n  \"remark\" : [ \"JSON数值\" ]\r\n}', '0', null, '2019-09-06 14:58:09');
INSERT INTO `sys_oper_log` VALUES ('275', '字典数据', '2', 'com.backstage.web.controller.system.SysDictDataController.editSave()', 'POST', '1', 'admin', null, '/system/dict/data/edit', '127.0.0.1', '内网IP', '{\r\n  \"dictCode\" : [ \"114\" ],\r\n  \"dictLabel\" : [ \"布尔值\" ],\r\n  \"dictValue\" : [ \"boolean\" ],\r\n  \"dictType\" : [ \"gim_struct_type\" ],\r\n  \"cssClass\" : [ \"\" ],\r\n  \"dictSort\" : [ \"4\" ],\r\n  \"listClass\" : [ \"\" ],\r\n  \"isDefault\" : [ \"Y\" ],\r\n  \"status\" : [ \"0\" ],\r\n  \"remark\" : [ \"布尔值\" ]\r\n}', '0', null, '2019-09-06 14:58:14');
INSERT INTO `sys_oper_log` VALUES ('276', '字典数据', '2', 'com.backstage.web.controller.system.SysDictDataController.editSave()', 'POST', '1', 'admin', null, '/system/dict/data/edit', '127.0.0.1', '内网IP', '{\r\n  \"dictCode\" : [ \"113\" ],\r\n  \"dictLabel\" : [ \"数值整型\" ],\r\n  \"dictValue\" : [ \"int\" ],\r\n  \"dictType\" : [ \"gim_struct_type\" ],\r\n  \"cssClass\" : [ \"\" ],\r\n  \"dictSort\" : [ \"3\" ],\r\n  \"listClass\" : [ \"\" ],\r\n  \"isDefault\" : [ \"Y\" ],\r\n  \"status\" : [ \"0\" ],\r\n  \"remark\" : [ \"数值整型\" ]\r\n}', '0', null, '2019-09-06 14:58:19');
INSERT INTO `sys_oper_log` VALUES ('277', '字典数据', '2', 'com.backstage.web.controller.system.SysDictDataController.editSave()', 'POST', '1', 'admin', null, '/system/dict/data/edit', '127.0.0.1', '内网IP', '{\r\n  \"dictCode\" : [ \"112\" ],\r\n  \"dictLabel\" : [ \"字符串\" ],\r\n  \"dictValue\" : [ \"string\" ],\r\n  \"dictType\" : [ \"gim_struct_type\" ],\r\n  \"cssClass\" : [ \"\" ],\r\n  \"dictSort\" : [ \"2\" ],\r\n  \"listClass\" : [ \"\" ],\r\n  \"isDefault\" : [ \"Y\" ],\r\n  \"status\" : [ \"0\" ],\r\n  \"remark\" : [ \"字符串\" ]\r\n}', '0', null, '2019-09-06 14:58:24');
INSERT INTO `sys_oper_log` VALUES ('278', '字典数据', '2', 'com.backstage.web.controller.system.SysDictDataController.editSave()', 'POST', '1', 'admin', null, '/system/dict/data/edit', '127.0.0.1', '内网IP', '{\r\n  \"dictCode\" : [ \"111\" ],\r\n  \"dictLabel\" : [ \"无\" ],\r\n  \"dictValue\" : [ \"-\" ],\r\n  \"dictType\" : [ \"gim_struct_type\" ],\r\n  \"cssClass\" : [ \"\" ],\r\n  \"dictSort\" : [ \"1\" ],\r\n  \"listClass\" : [ \"\" ],\r\n  \"isDefault\" : [ \"Y\" ],\r\n  \"status\" : [ \"0\" ],\r\n  \"remark\" : [ \"无\" ]\r\n}', '0', null, '2019-09-06 14:58:28');
INSERT INTO `sys_oper_log` VALUES ('279', '字典数据', '1', 'com.backstage.web.controller.system.SysDictDataController.addSave()', 'POST', '1', 'admin', null, '/system/dict/data/add', '127.0.0.1', '内网IP', '{\r\n  \"dictLabel\" : [ \"数值小数\" ],\r\n  \"dictValue\" : [ \"double\" ],\r\n  \"dictType\" : [ \"gim_struct_type\" ],\r\n  \"cssClass\" : [ \"\" ],\r\n  \"dictSort\" : [ \"7\" ],\r\n  \"listClass\" : [ \"\" ],\r\n  \"isDefault\" : [ \"Y\" ],\r\n  \"status\" : [ \"0\" ],\r\n  \"remark\" : [ \"\" ]\r\n}', '0', null, '2019-09-06 14:59:33');
INSERT INTO `sys_oper_log` VALUES ('280', '字典数据', '2', 'com.backstage.web.controller.system.SysDictDataController.editSave()', 'POST', '1', 'admin', null, '/system/dict/data/edit', '127.0.0.1', '内网IP', '{\r\n  \"dictCode\" : [ \"117\" ],\r\n  \"dictLabel\" : [ \"数值小数\" ],\r\n  \"dictValue\" : [ \"double\" ],\r\n  \"dictType\" : [ \"gim_struct_type\" ],\r\n  \"cssClass\" : [ \"\" ],\r\n  \"dictSort\" : [ \"7\" ],\r\n  \"listClass\" : [ \"\" ],\r\n  \"isDefault\" : [ \"Y\" ],\r\n  \"status\" : [ \"0\" ],\r\n  \"remark\" : [ \"数值小数\" ]\r\n}', '0', null, '2019-09-06 14:59:41');
INSERT INTO `sys_oper_log` VALUES ('281', '基础配置', '1', 'com.backstage.web.controller.gim.basics.controller.TConfigController.addSave()', 'POST', '1', 'admin', null, '/basics/config/add', '127.0.0.1', '内网IP', '{\r\n  \"pid\" : [ \"101005\" ],\r\n  \"code\" : [ \"xxx\" ],\r\n  \"type\" : [ \"string\" ],\r\n  \"value\" : [ \"1\" ],\r\n  \"sort\" : [ \"1\" ],\r\n  \"desc\" : [ \"\" ],\r\n  \"isuse\" : [ \"1\" ]\r\n}', '1', '\r\n### Error updating database.  Cause: java.sql.SQLException: Field \'id\' doesn\'t have a default value\r\n### The error may involve com.backstage.gim.basics.mapper.TConfigMapper.insertTConfig-Inline\r\n### The error occurred while setting parameters\r\n### SQL: insert into t_config          ( pid,             `code`,             `type`,             `value`,             `sort`,             isuse )           values ( ?,             ?,             ?,             ?,             ?,             ? )\r\n### Cause: java.sql.SQLException: Field \'id\' doesn\'t have a default value\n; Field \'id\' doesn\'t have a default value; nested exception is java.sql.SQLException: Field \'id\' doesn\'t have a default value', '2019-09-06 15:03:13');
INSERT INTO `sys_oper_log` VALUES ('282', '基础配置', '1', 'com.backstage.web.controller.gim.basics.controller.TConfigController.addSave()', 'POST', '1', 'admin', null, '/basics/config/add', '127.0.0.1', '内网IP', '{\r\n  \"pid\" : [ \"101005\" ],\r\n  \"code\" : [ \"1\" ],\r\n  \"type\" : [ \"string\" ],\r\n  \"value\" : [ \"1\" ],\r\n  \"sort\" : [ \"1\" ],\r\n  \"desc\" : [ \"1\" ],\r\n  \"isuse\" : [ \"1\" ]\r\n}', '1', '\r\n### Error updating database.  Cause: com.mysql.cj.jdbc.exceptions.MysqlDataTruncation: Data truncation: Data too long for column \'id\' at row 1\r\n### The error may involve com.backstage.gim.basics.mapper.TConfigMapper.insertTConfig-Inline\r\n### The error occurred while setting parameters\r\n### SQL: insert into t_config          ( id,             pid,             `code`,             `type`,             `value`,             `sort`,             isuse,             `desc` )           values ( ?,             ?,             ?,             ?,             ?,             ?,             ?,             ? )\r\n### Cause: com.mysql.cj.jdbc.exceptions.MysqlDataTruncation: Data truncation: Data too long for column \'id\' at row 1\n; Data truncation: Data too long for column \'id\' at row 1; nested exception is com.mysql.cj.jdbc.exceptions.MysqlDataTruncation: Data truncation: Data too long for column \'id\' at row 1', '2019-09-06 15:05:04');
INSERT INTO `sys_oper_log` VALUES ('283', '基础配置', '1', 'com.backstage.web.controller.gim.basics.controller.TConfigController.addSave()', 'POST', '1', 'admin', null, '/basics/config/add', '127.0.0.1', '内网IP', '{\r\n  \"pid\" : [ \"101005\" ],\r\n  \"code\" : [ \"1\" ],\r\n  \"type\" : [ \"string\" ],\r\n  \"value\" : [ \"1\" ],\r\n  \"sort\" : [ \"1\" ],\r\n  \"desc\" : [ \"1\" ],\r\n  \"isuse\" : [ \"1\" ]\r\n}', '0', null, '2019-09-06 15:06:15');
INSERT INTO `sys_oper_log` VALUES ('284', '基础配置', '3', 'com.backstage.web.controller.gim.basics.controller.TConfigController.remove()', 'GET', '1', 'admin', null, '/basics/config/remove/20190906150554987001', '127.0.0.1', '内网IP', '{ }', '0', null, '2019-09-06 15:06:24');
INSERT INTO `sys_oper_log` VALUES ('285', '基础配置', '1', 'com.backstage.web.controller.gim.basics.controller.TConfigController.addSave()', 'POST', '1', 'admin', null, '/basics/config/add', '127.0.0.1', '内网IP', '{\r\n  \"pid\" : [ \"101000\" ],\r\n  \"code\" : [ \"1\" ],\r\n  \"type\" : [ \"-\" ],\r\n  \"value\" : [ \"1\" ],\r\n  \"sort\" : [ \"1\" ],\r\n  \"desc\" : [ \"1\" ],\r\n  \"isuse\" : [ \"1\" ]\r\n}', '0', null, '2019-09-06 15:08:56');
INSERT INTO `sys_oper_log` VALUES ('286', '基础配置', '2', 'com.backstage.web.controller.gim.basics.controller.TConfigController.editSave()', 'POST', '1', 'admin', null, '/basics/config/edit', '127.0.0.1', '内网IP', '{\r\n  \"id\" : [ \"20190906150835969002\" ],\r\n  \"pid\" : [ \"101000\" ],\r\n  \"parentName\" : [ \"Camera\" ],\r\n  \"code\" : [ \"1\" ],\r\n  \"type\" : [ \"string\" ],\r\n  \"value\" : [ \"1\" ],\r\n  \"sort\" : [ \"1\" ],\r\n  \"desc\" : [ \"1\" ],\r\n  \"isuse\" : [ \"2\" ]\r\n}', '0', null, '2019-09-06 15:10:16');
INSERT INTO `sys_oper_log` VALUES ('287', '基础配置', '2', 'com.backstage.web.controller.gim.basics.controller.TConfigController.editSave()', 'POST', '1', 'admin', null, '/basics/config/edit', '127.0.0.1', '内网IP', '{\r\n  \"id\" : [ \"20190906150835969002\" ],\r\n  \"pid\" : [ \"101000\" ],\r\n  \"parentName\" : [ \"Camera\" ],\r\n  \"code\" : [ \"1\" ],\r\n  \"type\" : [ \"string\" ],\r\n  \"value\" : [ \"1\" ],\r\n  \"sort\" : [ \"1\" ],\r\n  \"desc\" : [ \"1\" ],\r\n  \"isuse\" : [ \"2\" ]\r\n}', '0', null, '2019-09-06 15:10:23');
INSERT INTO `sys_oper_log` VALUES ('288', '基础配置', '2', 'com.backstage.web.controller.gim.basics.controller.TConfigController.editSave()', 'POST', '1', 'admin', null, '/basics/config/edit', '127.0.0.1', '内网IP', '{\r\n  \"id\" : [ \"20190906150835969002\" ],\r\n  \"pid\" : [ \"101000\" ],\r\n  \"parentName\" : [ \"Camera\" ],\r\n  \"code\" : [ \"1\" ],\r\n  \"type\" : [ \"string\" ],\r\n  \"value\" : [ \"1\" ],\r\n  \"sort\" : [ \"1\" ],\r\n  \"desc\" : [ \"1\" ],\r\n  \"isuse\" : [ \"2\" ]\r\n}', '0', null, '2019-09-06 15:11:25');
INSERT INTO `sys_oper_log` VALUES ('289', '基础配置', '2', 'com.backstage.web.controller.gim.basics.controller.TConfigController.editSave()', 'POST', '1', 'admin', null, '/basics/config/edit', '127.0.0.1', '内网IP', '{\r\n  \"id\" : [ \"20190906150835969002\" ],\r\n  \"pid\" : [ \"101000\" ],\r\n  \"parentName\" : [ \"Camera\" ],\r\n  \"code\" : [ \"1\" ],\r\n  \"type\" : [ \"string\" ],\r\n  \"value\" : [ \"1\" ],\r\n  \"sort\" : [ \"1\" ],\r\n  \"desc\" : [ \"1\" ],\r\n  \"isuse\" : [ \"2\" ]\r\n}', '0', null, '2019-09-06 15:11:29');
INSERT INTO `sys_oper_log` VALUES ('290', '基础配置', '2', 'com.backstage.web.controller.gim.basics.controller.TConfigController.editSave()', 'POST', '1', 'admin', null, '/basics/config/edit', '127.0.0.1', '内网IP', '{\r\n  \"id\" : [ \"20190906150835969002\" ],\r\n  \"pid\" : [ \"101000\" ],\r\n  \"parentName\" : [ \"Camera\" ],\r\n  \"code\" : [ \"1\" ],\r\n  \"type\" : [ \"string\" ],\r\n  \"value\" : [ \"1\" ],\r\n  \"sort\" : [ \"1\" ],\r\n  \"desc\" : [ \"1\" ],\r\n  \"isuse\" : [ \"2\" ]\r\n}', '0', null, '2019-09-06 15:12:02');
INSERT INTO `sys_oper_log` VALUES ('291', '基础配置', '3', 'com.backstage.web.controller.gim.basics.controller.TConfigController.remove()', 'GET', '1', 'admin', null, '/basics/config/remove/20190906150835969002', '127.0.0.1', '内网IP', '{ }', '0', null, '2019-09-06 15:12:24');
INSERT INTO `sys_oper_log` VALUES ('292', '基础配置', '1', 'com.backstage.web.controller.gim.basics.controller.TConfigController.addSave()', 'POST', '1', 'admin', null, '/basics/config/add', '127.0.0.1', '内网IP', '{\r\n  \"pid\" : [ \"101000\" ],\r\n  \"code\" : [ \"1\" ],\r\n  \"type\" : [ \"-\" ],\r\n  \"value\" : [ \"1\" ],\r\n  \"sort\" : [ \"1\" ],\r\n  \"desc\" : [ \"\" ],\r\n  \"isuse\" : [ \"2\" ]\r\n}', '0', null, '2019-09-06 15:12:32');
INSERT INTO `sys_oper_log` VALUES ('293', '基础配置', '2', 'com.backstage.web.controller.gim.basics.controller.TConfigController.editSave()', 'POST', '1', 'admin', null, '/basics/config/edit', '127.0.0.1', '内网IP', '{\r\n  \"id\" : [ \"20190906151211797003\" ],\r\n  \"pid\" : [ \"101000\" ],\r\n  \"parentName\" : [ \"Camera\" ],\r\n  \"code\" : [ \"1\" ],\r\n  \"type\" : [ \"-\" ],\r\n  \"value\" : [ \"1\" ],\r\n  \"sort\" : [ \"1\" ],\r\n  \"desc\" : [ \"\" ],\r\n  \"isuse\" : [ \"2\" ]\r\n}', '0', null, '2019-09-06 15:13:40');
INSERT INTO `sys_oper_log` VALUES ('294', '基础配置', '2', 'com.backstage.web.controller.gim.basics.controller.TConfigController.editSave()', 'POST', '1', 'admin', null, '/basics/config/edit', '127.0.0.1', '内网IP', '{\r\n  \"id\" : [ \"20190906151211797003\" ],\r\n  \"pid\" : [ \"101000\" ],\r\n  \"parentName\" : [ \"Camera\" ],\r\n  \"code\" : [ \"1\" ],\r\n  \"type\" : [ \"-\" ],\r\n  \"value\" : [ \"1\" ],\r\n  \"sort\" : [ \"1\" ],\r\n  \"desc\" : [ \"\" ],\r\n  \"isuse\" : [ \"1\" ]\r\n}', '0', null, '2019-09-06 15:14:21');
INSERT INTO `sys_oper_log` VALUES ('295', '基础配置', '3', 'com.backstage.web.controller.gim.basics.controller.TConfigController.remove()', 'GET', '1', 'admin', null, '/basics/config/remove/20190906151211797003', '127.0.0.1', '内网IP', '{ }', '0', null, '2019-09-06 15:14:25');
INSERT INTO `sys_oper_log` VALUES ('296', '字典数据', '2', 'com.backstage.web.controller.system.SysDictDataController.editSave()', 'POST', '1', 'admin', null, '/system/dict/data/edit', '127.0.0.1', '内网IP', '{\r\n  \"dictCode\" : [ \"115\" ],\r\n  \"dictLabel\" : [ \"JSON数组\" ],\r\n  \"dictValue\" : [ \"array\" ],\r\n  \"dictType\" : [ \"gim_struct_type\" ],\r\n  \"cssClass\" : [ \"\" ],\r\n  \"dictSort\" : [ \"5\" ],\r\n  \"listClass\" : [ \"\" ],\r\n  \"isDefault\" : [ \"Y\" ],\r\n  \"status\" : [ \"0\" ],\r\n  \"remark\" : [ \"JSON数值\" ]\r\n}', '0', null, '2019-09-06 15:14:49');
INSERT INTO `sys_oper_log` VALUES ('297', '字典数据', '2', 'com.backstage.web.controller.system.SysDictDataController.editSave()', 'POST', '1', 'admin', null, '/system/dict/data/edit', '127.0.0.1', '内网IP', '{\r\n  \"dictCode\" : [ \"107\" ],\r\n  \"dictLabel\" : [ \"停用\" ],\r\n  \"dictValue\" : [ \"2\" ],\r\n  \"dictType\" : [ \"gim_valid_status\" ],\r\n  \"cssClass\" : [ \"has-success\" ],\r\n  \"dictSort\" : [ \"2\" ],\r\n  \"listClass\" : [ \"\" ],\r\n  \"isDefault\" : [ \"Y\" ],\r\n  \"status\" : [ \"0\" ],\r\n  \"remark\" : [ \"\" ]\r\n}', '0', null, '2019-09-06 15:18:09');
INSERT INTO `sys_oper_log` VALUES ('298', '字典数据', '2', 'com.backstage.web.controller.system.SysDictDataController.editSave()', 'POST', '1', 'admin', null, '/system/dict/data/edit', '127.0.0.1', '内网IP', '{\r\n  \"dictCode\" : [ \"107\" ],\r\n  \"dictLabel\" : [ \"停用\" ],\r\n  \"dictValue\" : [ \"2\" ],\r\n  \"dictType\" : [ \"gim_valid_status\" ],\r\n  \"cssClass\" : [ \"has-success\" ],\r\n  \"dictSort\" : [ \"2\" ],\r\n  \"listClass\" : [ \"\" ],\r\n  \"isDefault\" : [ \"Y\" ],\r\n  \"status\" : [ \"0\" ],\r\n  \"remark\" : [ \"\" ]\r\n}', '0', null, '2019-09-06 15:18:29');
INSERT INTO `sys_oper_log` VALUES ('299', '字典数据', '2', 'com.backstage.web.controller.system.SysDictDataController.editSave()', 'POST', '1', 'admin', null, '/system/dict/data/edit', '127.0.0.1', '内网IP', '{\r\n  \"dictCode\" : [ \"107\" ],\r\n  \"dictLabel\" : [ \"停用\" ],\r\n  \"dictValue\" : [ \"2\" ],\r\n  \"dictType\" : [ \"gim_valid_status\" ],\r\n  \"cssClass\" : [ \"has-warning\" ],\r\n  \"dictSort\" : [ \"2\" ],\r\n  \"listClass\" : [ \"\" ],\r\n  \"isDefault\" : [ \"Y\" ],\r\n  \"status\" : [ \"0\" ],\r\n  \"remark\" : [ \"\" ]\r\n}', '0', null, '2019-09-06 15:18:36');
INSERT INTO `sys_oper_log` VALUES ('300', '字典数据', '2', 'com.backstage.web.controller.system.SysDictDataController.editSave()', 'POST', '1', 'admin', null, '/system/dict/data/edit', '127.0.0.1', '内网IP', '{\r\n  \"dictCode\" : [ \"106\" ],\r\n  \"dictLabel\" : [ \"有效\" ],\r\n  \"dictValue\" : [ \"1\" ],\r\n  \"dictType\" : [ \"gim_valid_status\" ],\r\n  \"cssClass\" : [ \"has-success\" ],\r\n  \"dictSort\" : [ \"1\" ],\r\n  \"listClass\" : [ \"\" ],\r\n  \"isDefault\" : [ \"Y\" ],\r\n  \"status\" : [ \"0\" ],\r\n  \"remark\" : [ \"\" ]\r\n}', '0', null, '2019-09-06 15:18:41');
INSERT INTO `sys_oper_log` VALUES ('301', '字典数据', '2', 'com.backstage.web.controller.system.SysDictDataController.editSave()', 'POST', '1', 'admin', null, '/system/dict/data/edit', '127.0.0.1', '内网IP', '{\r\n  \"dictCode\" : [ \"107\" ],\r\n  \"dictLabel\" : [ \"停用\" ],\r\n  \"dictValue\" : [ \"2\" ],\r\n  \"dictType\" : [ \"gim_valid_status\" ],\r\n  \"cssClass\" : [ \"\" ],\r\n  \"dictSort\" : [ \"2\" ],\r\n  \"listClass\" : [ \"warning\" ],\r\n  \"isDefault\" : [ \"Y\" ],\r\n  \"status\" : [ \"0\" ],\r\n  \"remark\" : [ \"\" ]\r\n}', '0', null, '2019-09-06 15:21:09');
INSERT INTO `sys_oper_log` VALUES ('302', '字典数据', '2', 'com.backstage.web.controller.system.SysDictDataController.editSave()', 'POST', '1', 'admin', null, '/system/dict/data/edit', '127.0.0.1', '内网IP', '{\r\n  \"dictCode\" : [ \"106\" ],\r\n  \"dictLabel\" : [ \"有效\" ],\r\n  \"dictValue\" : [ \"1\" ],\r\n  \"dictType\" : [ \"gim_valid_status\" ],\r\n  \"cssClass\" : [ \"\" ],\r\n  \"dictSort\" : [ \"1\" ],\r\n  \"listClass\" : [ \"primary\" ],\r\n  \"isDefault\" : [ \"Y\" ],\r\n  \"status\" : [ \"0\" ],\r\n  \"remark\" : [ \"\" ]\r\n}', '0', null, '2019-09-06 15:21:18');
INSERT INTO `sys_oper_log` VALUES ('303', '字典数据', '2', 'com.backstage.web.controller.system.SysDictDataController.editSave()', 'POST', '1', 'admin', null, '/system/dict/data/edit', '127.0.0.1', '内网IP', '{\r\n  \"dictCode\" : [ \"109\" ],\r\n  \"dictLabel\" : [ \"航模\" ],\r\n  \"dictValue\" : [ \"oap\" ],\r\n  \"dictType\" : [ \"gim_model_type\" ],\r\n  \"cssClass\" : [ \"\" ],\r\n  \"dictSort\" : [ \"2\" ],\r\n  \"listClass\" : [ \"primary\" ],\r\n  \"isDefault\" : [ \"Y\" ],\r\n  \"status\" : [ \"0\" ],\r\n  \"remark\" : [ \"\" ]\r\n}', '0', null, '2019-09-06 15:22:12');
INSERT INTO `sys_oper_log` VALUES ('304', '字典数据', '2', 'com.backstage.web.controller.system.SysDictDataController.editSave()', 'POST', '1', 'admin', null, '/system/dict/data/edit', '127.0.0.1', '内网IP', '{\r\n  \"dictCode\" : [ \"109\" ],\r\n  \"dictLabel\" : [ \"航模\" ],\r\n  \"dictValue\" : [ \"oap\" ],\r\n  \"dictType\" : [ \"gim_model_type\" ],\r\n  \"cssClass\" : [ \"\" ],\r\n  \"dictSort\" : [ \"2\" ],\r\n  \"listClass\" : [ \"primary\" ],\r\n  \"isDefault\" : [ \"Y\" ],\r\n  \"status\" : [ \"0\" ],\r\n  \"remark\" : [ \"\" ]\r\n}', '0', null, '2019-09-06 15:22:17');
INSERT INTO `sys_oper_log` VALUES ('305', '字典数据', '2', 'com.backstage.web.controller.system.SysDictDataController.editSave()', 'POST', '1', 'admin', null, '/system/dict/data/edit', '127.0.0.1', '内网IP', '{\r\n  \"dictCode\" : [ \"110\" ],\r\n  \"dictLabel\" : [ \"白模\" ],\r\n  \"dictValue\" : [ \"white\" ],\r\n  \"dictType\" : [ \"gim_model_type\" ],\r\n  \"cssClass\" : [ \"\" ],\r\n  \"dictSort\" : [ \"3\" ],\r\n  \"listClass\" : [ \"info\" ],\r\n  \"isDefault\" : [ \"Y\" ],\r\n  \"status\" : [ \"0\" ],\r\n  \"remark\" : [ \"\" ]\r\n}', '0', null, '2019-09-06 15:22:22');
INSERT INTO `sys_oper_log` VALUES ('306', '字典数据', '2', 'com.backstage.web.controller.system.SysDictDataController.editSave()', 'POST', '1', 'admin', null, '/system/dict/data/edit', '127.0.0.1', '内网IP', '{\r\n  \"dictCode\" : [ \"108\" ],\r\n  \"dictLabel\" : [ \"单体模型\" ],\r\n  \"dictValue\" : [ \"mono\" ],\r\n  \"dictType\" : [ \"gim_model_type\" ],\r\n  \"cssClass\" : [ \"\" ],\r\n  \"dictSort\" : [ \"1\" ],\r\n  \"listClass\" : [ \"primary\" ],\r\n  \"isDefault\" : [ \"Y\" ],\r\n  \"status\" : [ \"0\" ],\r\n  \"remark\" : [ \"\" ]\r\n}', '0', null, '2019-09-06 15:22:26');
INSERT INTO `sys_oper_log` VALUES ('307', '基础配置', '2', 'com.backstage.web.controller.gim.basics.controller.TConfigController.editSave()', 'POST', '1', 'admin', null, '/basics/config/edit', '127.0.0.1', '内网IP', '{\r\n  \"id\" : [ \"101008001\" ],\r\n  \"pid\" : [ \"101008\" ],\r\n  \"parentName\" : [ \"GIS\" ],\r\n  \"code\" : [ \"domain\" ],\r\n  \"type\" : [ \"string\" ],\r\n  \"value\" : [ \"http://192.168.0.111:8060/arcgis/rest/services/nanjing/jianye/MapServer\" ],\r\n  \"sort\" : [ \"\" ],\r\n  \"desc\" : [ \"后台服务domain\" ],\r\n  \"isuse\" : [ \"1\" ]\r\n}', '0', null, '2019-09-06 15:28:29');
INSERT INTO `sys_oper_log` VALUES ('308', '字典数据', '2', 'com.backstage.web.controller.system.SysDictDataController.editSave()', 'POST', '1', 'admin', null, '/system/dict/data/edit', '127.0.0.1', '内网IP', '{\r\n  \"dictCode\" : [ \"110\" ],\r\n  \"dictLabel\" : [ \"白模\" ],\r\n  \"dictValue\" : [ \"white\" ],\r\n  \"dictType\" : [ \"gim_model_type\" ],\r\n  \"cssClass\" : [ \"\" ],\r\n  \"dictSort\" : [ \"3\" ],\r\n  \"listClass\" : [ \"info\" ],\r\n  \"isDefault\" : [ \"Y\" ],\r\n  \"status\" : [ \"0\" ],\r\n  \"remark\" : [ \"白模\" ]\r\n}', '0', null, '2019-09-06 15:28:59');
INSERT INTO `sys_oper_log` VALUES ('309', '字典数据', '2', 'com.backstage.web.controller.system.SysDictDataController.editSave()', 'POST', '1', 'admin', null, '/system/dict/data/edit', '127.0.0.1', '内网IP', '{\r\n  \"dictCode\" : [ \"109\" ],\r\n  \"dictLabel\" : [ \"航模\" ],\r\n  \"dictValue\" : [ \"oap\" ],\r\n  \"dictType\" : [ \"gim_model_type\" ],\r\n  \"cssClass\" : [ \"\" ],\r\n  \"dictSort\" : [ \"2\" ],\r\n  \"listClass\" : [ \"primary\" ],\r\n  \"isDefault\" : [ \"Y\" ],\r\n  \"status\" : [ \"0\" ],\r\n  \"remark\" : [ \"航模\" ]\r\n}', '0', null, '2019-09-06 15:29:03');
INSERT INTO `sys_oper_log` VALUES ('310', '字典数据', '2', 'com.backstage.web.controller.system.SysDictDataController.editSave()', 'POST', '1', 'admin', null, '/system/dict/data/edit', '127.0.0.1', '内网IP', '{\r\n  \"dictCode\" : [ \"108\" ],\r\n  \"dictLabel\" : [ \"单体模型\" ],\r\n  \"dictValue\" : [ \"mono\" ],\r\n  \"dictType\" : [ \"gim_model_type\" ],\r\n  \"cssClass\" : [ \"\" ],\r\n  \"dictSort\" : [ \"1\" ],\r\n  \"listClass\" : [ \"primary\" ],\r\n  \"isDefault\" : [ \"Y\" ],\r\n  \"status\" : [ \"0\" ],\r\n  \"remark\" : [ \"单体模型\" ]\r\n}', '0', null, '2019-09-06 15:29:07');
INSERT INTO `sys_oper_log` VALUES ('311', 'POI GeoJson导入', '6', 'com.backstage.web.controller.gim.business.controller.DObjectController.importGeoJSONData()', 'POST', '1', 'admin', null, '/business/dobject/importGeoJSONData', '127.0.0.1', '内网IP', '{\r\n  \"updateSupport\" : [ \"true\" ]\r\n}', '0', null, '2019-09-06 16:59:14');
INSERT INTO `sys_oper_log` VALUES ('312', 'POI', '3', 'com.backstage.web.controller.gim.business.controller.DObjectController.remove()', 'POST', '1', 'admin', null, '/business/dobject/remove', '127.0.0.1', '内网IP', '{\r\n  \"ids\" : [ \"20190906165238138083\" ]\r\n}', '0', null, '2019-09-06 17:02:37');
INSERT INTO `sys_oper_log` VALUES ('313', 'POI GeoJson导入', '6', 'com.backstage.web.controller.gim.business.controller.DObjectController.importGeoJSONData()', 'POST', '1', 'admin', null, '/business/dobject/importGeoJSONData', '127.0.0.1', '内网IP', '{\r\n  \"updateSupport\" : [ \"true\" ]\r\n}', '0', null, '2019-09-06 17:02:50');
INSERT INTO `sys_oper_log` VALUES ('314', 'POI GeoJson导入', '6', 'com.backstage.web.controller.gim.business.controller.DObjectController.importGeoJSONData()', 'POST', '1', 'admin', '研发部门', '/business/dobject/importGeoJSONData', '127.0.0.1', '内网IP', '{\r\n  \"updateSupport\" : [ \"true\" ]\r\n}', '0', null, '2019-09-06 17:31:26');
INSERT INTO `sys_oper_log` VALUES ('315', '代码生成', '6', 'com.backstage.generator.controller.GenController.importTableSave()', 'POST', '1', 'admin', '研发部门', '/tool/gen/importTable', '127.0.0.1', '内网IP', '{\r\n  \"tables\" : [ \"t_road_pos,t_road,t_provider,t_parameter,t_coregistration,t_street\" ]\r\n}', '0', null, '2019-09-06 17:38:30');
INSERT INTO `sys_oper_log` VALUES ('316', '代码生成', '2', 'com.backstage.generator.controller.GenController.editSave()', 'POST', '1', 'admin', '研发部门', '/tool/gen/edit', '127.0.0.1', '内网IP', '{\r\n  \"tableId\" : [ \"6\" ],\r\n  \"tableName\" : [ \"t_provider\" ],\r\n  \"tableComment\" : [ \"外部服务\" ],\r\n  \"className\" : [ \"TProvider\" ],\r\n  \"functionAuthor\" : [ \"jack.lin\" ],\r\n  \"remark\" : [ \"\" ],\r\n  \"columns[0].columnId\" : [ \"61\" ],\r\n  \"columns[0].sort\" : [ \"1\" ],\r\n  \"columns[0].columnComment\" : [ \"ID\" ],\r\n  \"columns[0].javaType\" : [ \"String\" ],\r\n  \"columns[0].javaField\" : [ \"id\" ],\r\n  \"columns[0].isInsert\" : [ \"1\" ],\r\n  \"columns[0].queryType\" : [ \"EQ\" ],\r\n  \"columns[0].htmlType\" : [ \"input\" ],\r\n  \"columns[0].dictType\" : [ \"\" ],\r\n  \"columns[1].columnId\" : [ \"62\" ],\r\n  \"columns[1].sort\" : [ \"2\" ],\r\n  \"columns[1].columnComment\" : [ \"1\" ],\r\n  \"columns[1].javaType\" : [ \"String\" ],\r\n  \"columns[1].javaField\" : [ \"type\" ],\r\n  \"columns[1].isInsert\" : [ \"1\" ],\r\n  \"columns[1].isEdit\" : [ \"1\" ],\r\n  \"columns[1].isList\" : [ \"1\" ],\r\n  \"columns[1].isQuery\" : [ \"1\" ],\r\n  \"columns[1].queryType\" : [ \"EQ\" ],\r\n  \"columns[1].htmlType\" : [ \"select\" ],\r\n  \"columns[1].dictType\" : [ \"\" ],\r\n  \"columns[2].columnId\" : [ \"63\" ],\r\n  \"columns[2].sort\" : [ \"3\" ],\r\n  \"columns[2].columnComment\" : [ \"null\" ],\r\n  \"columns[2].javaType\" : [ \"String\" ],\r\n  \"columns[2].javaField\" : [ \"name\" ],\r\n  \"columns[2].isInsert\" : [ \"1\" ],\r\n  \"columns[2].isEdit\" : [ \"1\" ],\r\n  \"columns[2].isList\" : [ \"1\" ],\r\n  \"columns[2].isQuery\" : [ \"1\" ],\r\n  \"columns[2].queryType\" : [ \"LIKE\" ],\r\n  \"columns[2].htmlType\" : [ \"input\" ],\r\n  \"columns[2].dictType\" : [ \"\" ],\r\n  \"columns[3].columnId\" : [ \"64\" ],\r\n  \"columns[3].sort\" : [ \"4\" ],\r\n  \"columns[3].columnComment\" : [ \"null\" ],\r\n  \"columns[3].javaType\" : [ \"String\" ],\r\n  \"columns[3].javaField\" : [ \"url\" ],\r\n  \"columns[3].isInsert\" : [ \"1\" ],\r\n  \"columns[3].isEdit\" : [ \"1\" ],\r\n  \"columns[3].isList\" : [ \"1\" ],\r\n  \"columns[3].isQuery\" : [ \"1\" ],\r\n  \"columns[3].queryType\" : [ \"EQ\" ],\r\n  \"columns[3].htmlType\" : [ \"input\" ],\r\n  \"columns[3].dictType\" : [ \"\" ],\r\n  \"columns[4].columnId\" : [ \"65\" ],\r\n  \"columns[4].sort\" : [ \"5\" ],\r\n  \"columns[4].columnComment\" : [ \"null\" ],\r\n  \"columns[4].javaType\"', '0', null, '2019-09-06 17:39:48');
INSERT INTO `sys_oper_log` VALUES ('317', '字典类型', '1', 'com.backstage.web.controller.system.SysDictTypeController.addSave()', 'POST', '1', 'admin', '研发部门', '/system/dict/add', '127.0.0.1', '内网IP', '{\r\n  \"dictName\" : [ \"外部服务数类型\" ],\r\n  \"dictType\" : [ \"gim_provider_type\" ],\r\n  \"status\" : [ \"0\" ],\r\n  \"remark\" : [ \"\" ]\r\n}', '0', null, '2019-09-06 17:41:58');
INSERT INTO `sys_oper_log` VALUES ('318', '字典类型', '2', 'com.backstage.web.controller.system.SysDictTypeController.editSave()', 'POST', '1', 'admin', '研发部门', '/system/dict/edit', '127.0.0.1', '内网IP', '{\r\n  \"dictId\" : [ \"104\" ],\r\n  \"dictName\" : [ \"GiM外部服务数类型\" ],\r\n  \"dictType\" : [ \"gim_provider_type\" ],\r\n  \"status\" : [ \"0\" ],\r\n  \"remark\" : [ \"\" ]\r\n}', '0', null, '2019-09-06 17:42:05');
INSERT INTO `sys_oper_log` VALUES ('319', '字典类型', '2', 'com.backstage.web.controller.system.SysDictTypeController.editSave()', 'POST', '1', 'admin', '研发部门', '/system/dict/edit', '127.0.0.1', '内网IP', '{\r\n  \"dictId\" : [ \"104\" ],\r\n  \"dictName\" : [ \"GiM外部服务数类型\" ],\r\n  \"dictType\" : [ \"gim_provider_type\" ],\r\n  \"status\" : [ \"0\" ],\r\n  \"remark\" : [ \"GiM外部服务数类型\" ]\r\n}', '0', null, '2019-09-06 17:42:12');
INSERT INTO `sys_oper_log` VALUES ('320', '字典数据', '1', 'com.backstage.web.controller.system.SysDictDataController.addSave()', 'POST', '1', 'admin', '研发部门', '/system/dict/data/add', '127.0.0.1', '内网IP', '{\r\n  \"dictLabel\" : [ \"OpenStreepMap\" ],\r\n  \"dictValue\" : [ \"OpenStreepMap\" ],\r\n  \"dictType\" : [ \"gim_provider_type\" ],\r\n  \"cssClass\" : [ \"\" ],\r\n  \"dictSort\" : [ \"1\" ],\r\n  \"listClass\" : [ \"\" ],\r\n  \"isDefault\" : [ \"Y\" ],\r\n  \"status\" : [ \"0\" ],\r\n  \"remark\" : [ \"\" ]\r\n}', '0', null, '2019-09-06 17:42:43');
INSERT INTO `sys_oper_log` VALUES ('321', '字典数据', '1', 'com.backstage.web.controller.system.SysDictDataController.addSave()', 'POST', '1', 'admin', '研发部门', '/system/dict/data/add', '127.0.0.1', '内网IP', '{\r\n  \"dictLabel\" : [ \"烽火GIS\" ],\r\n  \"dictValue\" : [ \"FHGis\" ],\r\n  \"dictType\" : [ \"gim_provider_type\" ],\r\n  \"cssClass\" : [ \"\" ],\r\n  \"dictSort\" : [ \"2\" ],\r\n  \"listClass\" : [ \"\" ],\r\n  \"isDefault\" : [ \"Y\" ],\r\n  \"status\" : [ \"0\" ],\r\n  \"remark\" : [ \"\" ]\r\n}', '0', null, '2019-09-06 17:43:07');
INSERT INTO `sys_oper_log` VALUES ('322', '字典数据', '2', 'com.backstage.web.controller.system.SysDictDataController.editSave()', 'POST', '1', 'admin', '研发部门', '/system/dict/data/edit', '127.0.0.1', '内网IP', '{\r\n  \"dictCode\" : [ \"118\" ],\r\n  \"dictLabel\" : [ \"默认GIS\" ],\r\n  \"dictValue\" : [ \"OpenStreepMap\" ],\r\n  \"dictType\" : [ \"gim_provider_type\" ],\r\n  \"cssClass\" : [ \"\" ],\r\n  \"dictSort\" : [ \"1\" ],\r\n  \"listClass\" : [ \"\" ],\r\n  \"isDefault\" : [ \"Y\" ],\r\n  \"status\" : [ \"0\" ],\r\n  \"remark\" : [ \"\" ]\r\n}', '0', null, '2019-09-06 17:43:15');
INSERT INTO `sys_oper_log` VALUES ('323', '字典数据', '1', 'com.backstage.web.controller.system.SysDictDataController.addSave()', 'POST', '1', 'admin', '研发部门', '/system/dict/data/add', '127.0.0.1', '内网IP', '{\r\n  \"dictLabel\" : [ \"Arcgis WMTS 服务\" ],\r\n  \"dictValue\" : [ \"ArcgisWMTS\" ],\r\n  \"dictType\" : [ \"gim_provider_type\" ],\r\n  \"cssClass\" : [ \"\" ],\r\n  \"dictSort\" : [ \"3\" ],\r\n  \"listClass\" : [ \"\" ],\r\n  \"isDefault\" : [ \"Y\" ],\r\n  \"status\" : [ \"0\" ],\r\n  \"remark\" : [ \"\" ]\r\n}', '0', null, '2019-09-06 17:43:56');
INSERT INTO `sys_oper_log` VALUES ('324', '字典数据', '1', 'com.backstage.web.controller.system.SysDictDataController.addSave()', 'POST', '1', 'admin', '研发部门', '/system/dict/data/add', '127.0.0.1', '内网IP', '{\r\n  \"dictLabel\" : [ \"Arcgis路网服务\" ],\r\n  \"dictValue\" : [ \"ArcgisRroad\" ],\r\n  \"dictType\" : [ \"gim_provider_type\" ],\r\n  \"cssClass\" : [ \"\" ],\r\n  \"dictSort\" : [ \"4\" ],\r\n  \"listClass\" : [ \"\" ],\r\n  \"isDefault\" : [ \"Y\" ],\r\n  \"status\" : [ \"0\" ],\r\n  \"remark\" : [ \"\" ]\r\n}', '0', null, '2019-09-06 17:44:37');
INSERT INTO `sys_oper_log` VALUES ('325', '字典数据', '2', 'com.backstage.web.controller.system.SysDictDataController.editSave()', 'POST', '1', 'admin', '研发部门', '/system/dict/data/edit', '127.0.0.1', '内网IP', '{\r\n  \"dictCode\" : [ \"120\" ],\r\n  \"dictLabel\" : [ \"Arcgis WMTS服务\" ],\r\n  \"dictValue\" : [ \"ArcgisWMTS\" ],\r\n  \"dictType\" : [ \"gim_provider_type\" ],\r\n  \"cssClass\" : [ \"\" ],\r\n  \"dictSort\" : [ \"3\" ],\r\n  \"listClass\" : [ \"\" ],\r\n  \"isDefault\" : [ \"Y\" ],\r\n  \"status\" : [ \"0\" ],\r\n  \"remark\" : [ \"\" ]\r\n}', '0', null, '2019-09-06 17:44:46');
INSERT INTO `sys_oper_log` VALUES ('326', '代码生成', '2', 'com.backstage.generator.controller.GenController.editSave()', 'POST', '1', 'admin', '研发部门', '/tool/gen/edit', '127.0.0.1', '内网IP', '{\r\n  \"tableId\" : [ \"6\" ],\r\n  \"tableName\" : [ \"t_provider\" ],\r\n  \"tableComment\" : [ \"外部服务\" ],\r\n  \"className\" : [ \"TProvider\" ],\r\n  \"functionAuthor\" : [ \"jack.lin\" ],\r\n  \"remark\" : [ \"\" ],\r\n  \"columns[0].columnId\" : [ \"61\" ],\r\n  \"columns[0].sort\" : [ \"1\" ],\r\n  \"columns[0].columnComment\" : [ \"ID\" ],\r\n  \"columns[0].javaType\" : [ \"String\" ],\r\n  \"columns[0].javaField\" : [ \"id\" ],\r\n  \"columns[0].isInsert\" : [ \"1\" ],\r\n  \"columns[0].queryType\" : [ \"EQ\" ],\r\n  \"columns[0].htmlType\" : [ \"input\" ],\r\n  \"columns[0].dictType\" : [ \"\" ],\r\n  \"columns[1].columnId\" : [ \"62\" ],\r\n  \"columns[1].sort\" : [ \"2\" ],\r\n  \"columns[1].columnComment\" : [ \"类型\" ],\r\n  \"columns[1].javaType\" : [ \"String\" ],\r\n  \"columns[1].javaField\" : [ \"type\" ],\r\n  \"columns[1].isInsert\" : [ \"1\" ],\r\n  \"columns[1].isEdit\" : [ \"1\" ],\r\n  \"columns[1].isList\" : [ \"1\" ],\r\n  \"columns[1].isQuery\" : [ \"1\" ],\r\n  \"columns[1].queryType\" : [ \"EQ\" ],\r\n  \"columns[1].htmlType\" : [ \"select\" ],\r\n  \"columns[1].dictType\" : [ \"gim_provider_type\" ],\r\n  \"columns[2].columnId\" : [ \"63\" ],\r\n  \"columns[2].sort\" : [ \"3\" ],\r\n  \"columns[2].columnComment\" : [ \"名称\" ],\r\n  \"columns[2].javaType\" : [ \"String\" ],\r\n  \"columns[2].javaField\" : [ \"name\" ],\r\n  \"columns[2].isInsert\" : [ \"1\" ],\r\n  \"columns[2].isEdit\" : [ \"1\" ],\r\n  \"columns[2].isList\" : [ \"1\" ],\r\n  \"columns[2].isQuery\" : [ \"1\" ],\r\n  \"columns[2].queryType\" : [ \"LIKE\" ],\r\n  \"columns[2].htmlType\" : [ \"input\" ],\r\n  \"columns[2].dictType\" : [ \"\" ],\r\n  \"columns[3].columnId\" : [ \"64\" ],\r\n  \"columns[3].sort\" : [ \"4\" ],\r\n  \"columns[3].columnComment\" : [ \"服务地址\" ],\r\n  \"columns[3].javaType\" : [ \"String\" ],\r\n  \"columns[3].javaField\" : [ \"url\" ],\r\n  \"columns[3].isInsert\" : [ \"1\" ],\r\n  \"columns[3].isEdit\" : [ \"1\" ],\r\n  \"columns[3].isList\" : [ \"1\" ],\r\n  \"columns[3].isQuery\" : [ \"1\" ],\r\n  \"columns[3].queryType\" : [ \"LIKE\" ],\r\n  \"columns[3].htmlType\" : [ \"input\" ],\r\n  \"columns[3].dictType\" : [ \"\" ],\r\n  \"columns[4].columnId\" : [ \"65\" ],\r\n  \"columns[4].sort\" : [ \"5\" ],\r\n  \"columns[4].columnComment\" : [ \"属性\" ],\r\n  \"colu', '0', null, '2019-09-06 17:45:15');
INSERT INTO `sys_oper_log` VALUES ('327', '代码生成', '2', 'com.backstage.generator.controller.GenController.editSave()', 'POST', '1', 'admin', '研发部门', '/tool/gen/edit', '127.0.0.1', '内网IP', '{\r\n  \"tableId\" : [ \"6\" ],\r\n  \"tableName\" : [ \"t_provider\" ],\r\n  \"tableComment\" : [ \"外部服务\" ],\r\n  \"className\" : [ \"TProvider\" ],\r\n  \"functionAuthor\" : [ \"jack.lin\" ],\r\n  \"remark\" : [ \"\" ],\r\n  \"columns[0].columnId\" : [ \"61\" ],\r\n  \"columns[0].sort\" : [ \"1\" ],\r\n  \"columns[0].columnComment\" : [ \"ID\" ],\r\n  \"columns[0].javaType\" : [ \"String\" ],\r\n  \"columns[0].javaField\" : [ \"id\" ],\r\n  \"columns[0].isInsert\" : [ \"1\" ],\r\n  \"columns[0].queryType\" : [ \"EQ\" ],\r\n  \"columns[0].htmlType\" : [ \"input\" ],\r\n  \"columns[0].dictType\" : [ \"\" ],\r\n  \"columns[1].columnId\" : [ \"62\" ],\r\n  \"columns[1].sort\" : [ \"2\" ],\r\n  \"columns[1].columnComment\" : [ \"类型\" ],\r\n  \"columns[1].javaType\" : [ \"String\" ],\r\n  \"columns[1].javaField\" : [ \"type\" ],\r\n  \"columns[1].isInsert\" : [ \"1\" ],\r\n  \"columns[1].isEdit\" : [ \"1\" ],\r\n  \"columns[1].isList\" : [ \"1\" ],\r\n  \"columns[1].isQuery\" : [ \"1\" ],\r\n  \"columns[1].queryType\" : [ \"EQ\" ],\r\n  \"columns[1].htmlType\" : [ \"select\" ],\r\n  \"columns[1].dictType\" : [ \"gim_provider_type\" ],\r\n  \"columns[2].columnId\" : [ \"63\" ],\r\n  \"columns[2].sort\" : [ \"3\" ],\r\n  \"columns[2].columnComment\" : [ \"名称\" ],\r\n  \"columns[2].javaType\" : [ \"String\" ],\r\n  \"columns[2].javaField\" : [ \"name\" ],\r\n  \"columns[2].isInsert\" : [ \"1\" ],\r\n  \"columns[2].isEdit\" : [ \"1\" ],\r\n  \"columns[2].isList\" : [ \"1\" ],\r\n  \"columns[2].isQuery\" : [ \"1\" ],\r\n  \"columns[2].queryType\" : [ \"LIKE\" ],\r\n  \"columns[2].htmlType\" : [ \"input\" ],\r\n  \"columns[2].dictType\" : [ \"\" ],\r\n  \"columns[3].columnId\" : [ \"64\" ],\r\n  \"columns[3].sort\" : [ \"4\" ],\r\n  \"columns[3].columnComment\" : [ \"服务地址\" ],\r\n  \"columns[3].javaType\" : [ \"String\" ],\r\n  \"columns[3].javaField\" : [ \"url\" ],\r\n  \"columns[3].isInsert\" : [ \"1\" ],\r\n  \"columns[3].isEdit\" : [ \"1\" ],\r\n  \"columns[3].isList\" : [ \"1\" ],\r\n  \"columns[3].isQuery\" : [ \"1\" ],\r\n  \"columns[3].queryType\" : [ \"LIKE\" ],\r\n  \"columns[3].htmlType\" : [ \"input\" ],\r\n  \"columns[3].dictType\" : [ \"\" ],\r\n  \"columns[4].columnId\" : [ \"65\" ],\r\n  \"columns[4].sort\" : [ \"5\" ],\r\n  \"columns[4].columnComment\" : [ \"属性\" ],\r\n  \"colu', '0', null, '2019-09-06 17:45:56');
INSERT INTO `sys_oper_log` VALUES ('328', '代码生成', '8', 'com.backstage.generator.controller.GenController.genCode()', 'GET', '1', 'admin', '研发部门', '/tool/gen/genCode/t_provider', '127.0.0.1', '内网IP', '{ }', '0', null, '2019-09-06 17:46:01');
INSERT INTO `sys_oper_log` VALUES ('329', '代码生成', '2', 'com.backstage.generator.controller.GenController.editSave()', 'POST', '1', 'admin', null, '/tool/gen/edit', '127.0.0.1', '内网IP', '{\r\n  \"tableId\" : [ \"6\" ],\r\n  \"tableName\" : [ \"t_provider\" ],\r\n  \"tableComment\" : [ \"外部服务\" ],\r\n  \"className\" : [ \"TProvider\" ],\r\n  \"functionAuthor\" : [ \"jack.lin\" ],\r\n  \"remark\" : [ \"\" ],\r\n  \"columns[0].columnId\" : [ \"61\" ],\r\n  \"columns[0].sort\" : [ \"1\" ],\r\n  \"columns[0].columnComment\" : [ \"ID\" ],\r\n  \"columns[0].javaType\" : [ \"String\" ],\r\n  \"columns[0].javaField\" : [ \"id\" ],\r\n  \"columns[0].isInsert\" : [ \"1\" ],\r\n  \"columns[0].queryType\" : [ \"EQ\" ],\r\n  \"columns[0].htmlType\" : [ \"input\" ],\r\n  \"columns[0].dictType\" : [ \"\" ],\r\n  \"columns[1].columnId\" : [ \"62\" ],\r\n  \"columns[1].sort\" : [ \"2\" ],\r\n  \"columns[1].columnComment\" : [ \"类型\" ],\r\n  \"columns[1].javaType\" : [ \"String\" ],\r\n  \"columns[1].javaField\" : [ \"type\" ],\r\n  \"columns[1].isInsert\" : [ \"1\" ],\r\n  \"columns[1].isEdit\" : [ \"1\" ],\r\n  \"columns[1].isList\" : [ \"1\" ],\r\n  \"columns[1].isQuery\" : [ \"1\" ],\r\n  \"columns[1].queryType\" : [ \"EQ\" ],\r\n  \"columns[1].htmlType\" : [ \"select\" ],\r\n  \"columns[1].dictType\" : [ \"gim_provider_type\" ],\r\n  \"columns[2].columnId\" : [ \"63\" ],\r\n  \"columns[2].sort\" : [ \"3\" ],\r\n  \"columns[2].columnComment\" : [ \"名称\" ],\r\n  \"columns[2].javaType\" : [ \"String\" ],\r\n  \"columns[2].javaField\" : [ \"name\" ],\r\n  \"columns[2].isInsert\" : [ \"1\" ],\r\n  \"columns[2].isEdit\" : [ \"1\" ],\r\n  \"columns[2].isList\" : [ \"1\" ],\r\n  \"columns[2].isQuery\" : [ \"1\" ],\r\n  \"columns[2].queryType\" : [ \"LIKE\" ],\r\n  \"columns[2].htmlType\" : [ \"input\" ],\r\n  \"columns[2].dictType\" : [ \"\" ],\r\n  \"columns[3].columnId\" : [ \"64\" ],\r\n  \"columns[3].sort\" : [ \"4\" ],\r\n  \"columns[3].columnComment\" : [ \"服务地址\" ],\r\n  \"columns[3].javaType\" : [ \"String\" ],\r\n  \"columns[3].javaField\" : [ \"url\" ],\r\n  \"columns[3].isInsert\" : [ \"1\" ],\r\n  \"columns[3].isEdit\" : [ \"1\" ],\r\n  \"columns[3].isList\" : [ \"1\" ],\r\n  \"columns[3].isQuery\" : [ \"1\" ],\r\n  \"columns[3].queryType\" : [ \"LIKE\" ],\r\n  \"columns[3].htmlType\" : [ \"input\" ],\r\n  \"columns[3].dictType\" : [ \"\" ],\r\n  \"columns[4].columnId\" : [ \"65\" ],\r\n  \"columns[4].sort\" : [ \"5\" ],\r\n  \"columns[4].columnComment\" : [ \"属性\" ],\r\n  \"colu', '0', null, '2019-09-06 17:48:03');
INSERT INTO `sys_oper_log` VALUES ('330', '代码生成', '8', 'com.backstage.generator.controller.GenController.genCode()', 'GET', '1', 'admin', null, '/tool/gen/genCode/t_provider', '127.0.0.1', '内网IP', '{ }', '0', null, '2019-09-06 17:48:06');
INSERT INTO `sys_oper_log` VALUES ('331', '外部服务', '2', 'com.backstage.web.controller.gim.basics.controller.TProviderController.editSave()', 'POST', '1', 'admin', null, '/basics/tprovider/edit', '127.0.0.1', '内网IP', '{\r\n  \"id\" : [ \"10002\" ],\r\n  \"type\" : [ \"FHGis\" ],\r\n  \"name\" : [ \"FHGis\" ],\r\n  \"url\" : [ \"http://192.168.0.111:8100/FHGis/wmts/baidu?col={TileCol}&row={TileRow}&zoom={TileMatrix}&index=0\" ],\r\n  \"field\" : [ \"{\'tileMatrixSetID\':\'GoogleMapsCompatible\',\'autoAdjust\': true,\'tiling\':2,\'maximumLevel\':18,\'format\':\'image/png\',\'style\':\'jsonp\',\'layer\':\'googleLayer\'}\" ],\r\n  \"isValid\" : [ \"2\" ]\r\n}', '0', null, '2019-09-06 17:56:55');
INSERT INTO `sys_oper_log` VALUES ('332', '外部服务', '2', 'com.backstage.web.controller.gim.basics.controller.TProviderController.editSave()', 'POST', '1', 'admin', null, '/basics/tprovider/edit', '127.0.0.1', '内网IP', '{\r\n  \"id\" : [ \"10001\" ],\r\n  \"type\" : [ \"OpenStreepMap\" ],\r\n  \"name\" : [ \"OpenStreepMap\" ],\r\n  \"url\" : [ \"http://192.168.0.111:8100/gim-api/v1/tiles/{z}/{x}-{y}.jpg\" ],\r\n  \"field\" : [ \"{\'maximumLevel\':17}\" ],\r\n  \"isValid\" : [ \"2\" ]\r\n}', '0', null, '2019-09-06 18:09:35');
INSERT INTO `sys_oper_log` VALUES ('333', '外部服务', '2', 'com.backstage.web.controller.gim.basics.controller.TProviderController.editSave()', 'POST', '1', 'admin', null, '/basics/tprovider/edit', '127.0.0.1', '内网IP', '{\r\n  \"id\" : [ \"10001\" ],\r\n  \"type\" : [ \"OpenStreepMap\" ],\r\n  \"name\" : [ \"OpenStreepMap\" ],\r\n  \"url\" : [ \"http://192.168.0.111:8100/gim-api/v1/tiles/{z}/{x}-{y}.jpg\" ],\r\n  \"field\" : [ \"{\'maximumLevel\':17}\" ],\r\n  \"isValid\" : [ \"1\" ]\r\n}', '0', null, '2019-09-06 18:09:51');
INSERT INTO `sys_oper_log` VALUES ('334', '字典类型', '1', 'com.backstage.web.controller.system.SysDictTypeController.addSave()', 'POST', '1', 'admin', null, '/system/dict/add', '127.0.0.1', '内网IP', '{\r\n  \"dictName\" : [ \"GiM街景类型\" ],\r\n  \"dictType\" : [ \"gim_scene_type\" ],\r\n  \"status\" : [ \"0\" ],\r\n  \"remark\" : [ \"GiM街景类型\" ]\r\n}', '0', null, '2019-09-06 18:14:42');
INSERT INTO `sys_oper_log` VALUES ('335', '字典数据', '1', 'com.backstage.web.controller.system.SysDictDataController.addSave()', 'POST', '1', 'admin', null, '/system/dict/data/add', '127.0.0.1', '内网IP', '{\r\n  \"dictLabel\" : [ \"街景\" ],\r\n  \"dictValue\" : [ \"1\" ],\r\n  \"dictType\" : [ \"gim_scene_type\" ],\r\n  \"cssClass\" : [ \"\" ],\r\n  \"dictSort\" : [ \"1\" ],\r\n  \"listClass\" : [ \"\" ],\r\n  \"isDefault\" : [ \"Y\" ],\r\n  \"status\" : [ \"0\" ],\r\n  \"remark\" : [ \"1:街景，2:内景，3：海景，4：空景\" ]\r\n}', '0', null, '2019-09-06 18:15:06');
INSERT INTO `sys_oper_log` VALUES ('336', '字典数据', '1', 'com.backstage.web.controller.system.SysDictDataController.addSave()', 'POST', '1', 'admin', null, '/system/dict/data/add', '127.0.0.1', '内网IP', '{\r\n  \"dictLabel\" : [ \"内景\" ],\r\n  \"dictValue\" : [ \"2\" ],\r\n  \"dictType\" : [ \"gim_scene_type\" ],\r\n  \"cssClass\" : [ \"\" ],\r\n  \"dictSort\" : [ \"2\" ],\r\n  \"listClass\" : [ \"\" ],\r\n  \"isDefault\" : [ \"Y\" ],\r\n  \"status\" : [ \"0\" ],\r\n  \"remark\" : [ \"\" ]\r\n}', '0', null, '2019-09-06 18:15:16');
INSERT INTO `sys_oper_log` VALUES ('337', '字典数据', '1', 'com.backstage.web.controller.system.SysDictDataController.addSave()', 'POST', '1', 'admin', null, '/system/dict/data/add', '127.0.0.1', '内网IP', '{\r\n  \"dictLabel\" : [ \"海景\" ],\r\n  \"dictValue\" : [ \"3\" ],\r\n  \"dictType\" : [ \"gim_scene_type\" ],\r\n  \"cssClass\" : [ \"\" ],\r\n  \"dictSort\" : [ \"3\" ],\r\n  \"listClass\" : [ \"\" ],\r\n  \"isDefault\" : [ \"Y\" ],\r\n  \"status\" : [ \"0\" ],\r\n  \"remark\" : [ \"\" ]\r\n}', '0', null, '2019-09-06 18:15:26');
INSERT INTO `sys_oper_log` VALUES ('338', '字典数据', '1', 'com.backstage.web.controller.system.SysDictDataController.addSave()', 'POST', '1', 'admin', null, '/system/dict/data/add', '127.0.0.1', '内网IP', '{\r\n  \"dictLabel\" : [ \"空景\" ],\r\n  \"dictValue\" : [ \"4\" ],\r\n  \"dictType\" : [ \"gim_scene_type\" ],\r\n  \"cssClass\" : [ \"\" ],\r\n  \"dictSort\" : [ \"4\" ],\r\n  \"listClass\" : [ \"\" ],\r\n  \"isDefault\" : [ \"Y\" ],\r\n  \"status\" : [ \"0\" ],\r\n  \"remark\" : [ \"\" ]\r\n}', '0', null, '2019-09-06 18:15:35');
INSERT INTO `sys_oper_log` VALUES ('339', '字典数据', '2', 'com.backstage.web.controller.system.SysDictDataController.editSave()', 'POST', '1', 'admin', null, '/system/dict/data/edit', '127.0.0.1', '内网IP', '{\r\n  \"dictCode\" : [ \"122\" ],\r\n  \"dictLabel\" : [ \"街景\" ],\r\n  \"dictValue\" : [ \"1\" ],\r\n  \"dictType\" : [ \"gim_scene_type\" ],\r\n  \"cssClass\" : [ \"\" ],\r\n  \"dictSort\" : [ \"1\" ],\r\n  \"listClass\" : [ \"\" ],\r\n  \"isDefault\" : [ \"Y\" ],\r\n  \"status\" : [ \"0\" ],\r\n  \"remark\" : [ \"街景\" ]\r\n}', '0', null, '2019-09-06 18:15:41');
INSERT INTO `sys_oper_log` VALUES ('340', '字典数据', '2', 'com.backstage.web.controller.system.SysDictDataController.editSave()', 'POST', '1', 'admin', null, '/system/dict/data/edit', '127.0.0.1', '内网IP', '{\r\n  \"dictCode\" : [ \"123\" ],\r\n  \"dictLabel\" : [ \"内景\" ],\r\n  \"dictValue\" : [ \"2\" ],\r\n  \"dictType\" : [ \"gim_scene_type\" ],\r\n  \"cssClass\" : [ \"\" ],\r\n  \"dictSort\" : [ \"2\" ],\r\n  \"listClass\" : [ \"\" ],\r\n  \"isDefault\" : [ \"Y\" ],\r\n  \"status\" : [ \"0\" ],\r\n  \"remark\" : [ \"内景\" ]\r\n}', '0', null, '2019-09-06 18:15:48');
INSERT INTO `sys_oper_log` VALUES ('341', '字典数据', '2', 'com.backstage.web.controller.system.SysDictDataController.editSave()', 'POST', '1', 'admin', null, '/system/dict/data/edit', '127.0.0.1', '内网IP', '{\r\n  \"dictCode\" : [ \"124\" ],\r\n  \"dictLabel\" : [ \"海景\" ],\r\n  \"dictValue\" : [ \"3\" ],\r\n  \"dictType\" : [ \"gim_scene_type\" ],\r\n  \"cssClass\" : [ \"\" ],\r\n  \"dictSort\" : [ \"3\" ],\r\n  \"listClass\" : [ \"\" ],\r\n  \"isDefault\" : [ \"Y\" ],\r\n  \"status\" : [ \"0\" ],\r\n  \"remark\" : [ \"海景\" ]\r\n}', '0', null, '2019-09-06 18:15:54');
INSERT INTO `sys_oper_log` VALUES ('342', '字典数据', '2', 'com.backstage.web.controller.system.SysDictDataController.editSave()', 'POST', '1', 'admin', null, '/system/dict/data/edit', '127.0.0.1', '内网IP', '{\r\n  \"dictCode\" : [ \"125\" ],\r\n  \"dictLabel\" : [ \"空景\" ],\r\n  \"dictValue\" : [ \"4\" ],\r\n  \"dictType\" : [ \"gim_scene_type\" ],\r\n  \"cssClass\" : [ \"\" ],\r\n  \"dictSort\" : [ \"4\" ],\r\n  \"listClass\" : [ \"\" ],\r\n  \"isDefault\" : [ \"Y\" ],\r\n  \"status\" : [ \"0\" ],\r\n  \"remark\" : [ \"空景\" ]\r\n}', '0', null, '2019-09-06 18:16:01');
INSERT INTO `sys_oper_log` VALUES ('343', '字典类型', '1', 'com.backstage.web.controller.system.SysDictTypeController.addSave()', 'POST', '1', 'admin', null, '/system/dict/add', '127.0.0.1', '内网IP', '{\r\n  \"dictName\" : [ \"GiM街景分块级别\" ],\r\n  \"dictType\" : [ \"gim_split_level\" ],\r\n  \"status\" : [ \"0\" ],\r\n  \"remark\" : [ \"\" ]\r\n}', '0', null, '2019-09-06 18:16:49');
INSERT INTO `sys_oper_log` VALUES ('344', '字典类型', '2', 'com.backstage.web.controller.system.SysDictTypeController.editSave()', 'POST', '1', 'admin', null, '/system/dict/edit', '127.0.0.1', '内网IP', '{\r\n  \"dictId\" : [ \"106\" ],\r\n  \"dictName\" : [ \"GiM街景分块级别\" ],\r\n  \"dictType\" : [ \"gim_split_level\" ],\r\n  \"status\" : [ \"0\" ],\r\n  \"remark\" : [ \"GiM街景分块级别\" ]\r\n}', '0', null, '2019-09-06 18:16:52');
INSERT INTO `sys_oper_log` VALUES ('345', '字典数据', '1', 'com.backstage.web.controller.system.SysDictDataController.addSave()', 'POST', '1', 'admin', null, '/system/dict/data/add', '127.0.0.1', '内网IP', '{\r\n  \"dictLabel\" : [ \"1级\" ],\r\n  \"dictValue\" : [ \"1\" ],\r\n  \"dictType\" : [ \"gim_split_level\" ],\r\n  \"cssClass\" : [ \"\" ],\r\n  \"dictSort\" : [ \"1\" ],\r\n  \"listClass\" : [ \"\" ],\r\n  \"isDefault\" : [ \"Y\" ],\r\n  \"status\" : [ \"0\" ],\r\n  \"remark\" : [ \"1级\" ]\r\n}', '0', null, '2019-09-06 18:17:05');
INSERT INTO `sys_oper_log` VALUES ('346', '字典数据', '1', 'com.backstage.web.controller.system.SysDictDataController.addSave()', 'POST', '1', 'admin', null, '/system/dict/data/add', '127.0.0.1', '内网IP', '{\r\n  \"dictLabel\" : [ \"2级\" ],\r\n  \"dictValue\" : [ \"2\" ],\r\n  \"dictType\" : [ \"gim_split_level\" ],\r\n  \"cssClass\" : [ \"\" ],\r\n  \"dictSort\" : [ \"2\" ],\r\n  \"listClass\" : [ \"\" ],\r\n  \"isDefault\" : [ \"Y\" ],\r\n  \"status\" : [ \"0\" ],\r\n  \"remark\" : [ \"2级\" ]\r\n}', '0', null, '2019-09-06 18:17:16');
INSERT INTO `sys_oper_log` VALUES ('347', '字典数据', '1', 'com.backstage.web.controller.system.SysDictDataController.addSave()', 'POST', '1', 'admin', null, '/system/dict/data/add', '127.0.0.1', '内网IP', '{\r\n  \"dictLabel\" : [ \"3级\" ],\r\n  \"dictValue\" : [ \"3\" ],\r\n  \"dictType\" : [ \"gim_split_level\" ],\r\n  \"cssClass\" : [ \"\" ],\r\n  \"dictSort\" : [ \"3\" ],\r\n  \"listClass\" : [ \"\" ],\r\n  \"isDefault\" : [ \"Y\" ],\r\n  \"status\" : [ \"0\" ],\r\n  \"remark\" : [ \"3级\" ]\r\n}', '0', null, '2019-09-06 18:17:31');
INSERT INTO `sys_oper_log` VALUES ('348', '字典数据', '1', 'com.backstage.web.controller.system.SysDictDataController.addSave()', 'POST', '1', 'admin', null, '/system/dict/data/add', '127.0.0.1', '内网IP', '{\r\n  \"dictLabel\" : [ \"4级\" ],\r\n  \"dictValue\" : [ \"4\" ],\r\n  \"dictType\" : [ \"gim_split_level\" ],\r\n  \"cssClass\" : [ \"\" ],\r\n  \"dictSort\" : [ \"4\" ],\r\n  \"listClass\" : [ \"\" ],\r\n  \"isDefault\" : [ \"Y\" ],\r\n  \"status\" : [ \"0\" ],\r\n  \"remark\" : [ \"4\" ]\r\n}', '0', null, '2019-09-06 18:17:38');
INSERT INTO `sys_oper_log` VALUES ('349', '字典数据', '1', 'com.backstage.web.controller.system.SysDictDataController.addSave()', 'POST', '1', 'admin', null, '/system/dict/data/add', '127.0.0.1', '内网IP', '{\r\n  \"dictLabel\" : [ \"5级\" ],\r\n  \"dictValue\" : [ \"5\" ],\r\n  \"dictType\" : [ \"gim_split_level\" ],\r\n  \"cssClass\" : [ \"\" ],\r\n  \"dictSort\" : [ \"5\" ],\r\n  \"listClass\" : [ \"\" ],\r\n  \"isDefault\" : [ \"Y\" ],\r\n  \"status\" : [ \"0\" ],\r\n  \"remark\" : [ \"5\" ]\r\n}', '0', null, '2019-09-06 18:17:48');
INSERT INTO `sys_oper_log` VALUES ('350', '字典数据', '1', 'com.backstage.web.controller.system.SysDictDataController.addSave()', 'POST', '1', 'admin', null, '/system/dict/data/add', '127.0.0.1', '内网IP', '{\r\n  \"dictLabel\" : [ \"6级\" ],\r\n  \"dictValue\" : [ \"6\" ],\r\n  \"dictType\" : [ \"gim_split_level\" ],\r\n  \"cssClass\" : [ \"\" ],\r\n  \"dictSort\" : [ \"6\" ],\r\n  \"listClass\" : [ \"\" ],\r\n  \"isDefault\" : [ \"Y\" ],\r\n  \"status\" : [ \"0\" ],\r\n  \"remark\" : [ \"6级\" ]\r\n}', '0', null, '2019-09-06 18:18:09');
INSERT INTO `sys_oper_log` VALUES ('351', '字典数据', '2', 'com.backstage.web.controller.system.SysDictDataController.editSave()', 'POST', '1', 'admin', null, '/system/dict/data/edit', '127.0.0.1', '内网IP', '{\r\n  \"dictCode\" : [ \"130\" ],\r\n  \"dictLabel\" : [ \"5级\" ],\r\n  \"dictValue\" : [ \"5\" ],\r\n  \"dictType\" : [ \"gim_split_level\" ],\r\n  \"cssClass\" : [ \"\" ],\r\n  \"dictSort\" : [ \"5\" ],\r\n  \"listClass\" : [ \"\" ],\r\n  \"isDefault\" : [ \"Y\" ],\r\n  \"status\" : [ \"0\" ],\r\n  \"remark\" : [ \"5级\" ]\r\n}', '0', null, '2019-09-06 18:18:13');
INSERT INTO `sys_oper_log` VALUES ('352', '字典数据', '2', 'com.backstage.web.controller.system.SysDictDataController.editSave()', 'POST', '1', 'admin', null, '/system/dict/data/edit', '127.0.0.1', '内网IP', '{\r\n  \"dictCode\" : [ \"129\" ],\r\n  \"dictLabel\" : [ \"4级\" ],\r\n  \"dictValue\" : [ \"4\" ],\r\n  \"dictType\" : [ \"gim_split_level\" ],\r\n  \"cssClass\" : [ \"\" ],\r\n  \"dictSort\" : [ \"4\" ],\r\n  \"listClass\" : [ \"\" ],\r\n  \"isDefault\" : [ \"Y\" ],\r\n  \"status\" : [ \"0\" ],\r\n  \"remark\" : [ \"4级\" ]\r\n}', '0', null, '2019-09-06 18:18:16');
INSERT INTO `sys_oper_log` VALUES ('353', '字典类型', '1', 'com.backstage.web.controller.system.SysDictTypeController.addSave()', 'POST', '1', 'admin', null, '/system/dict/add', '127.0.0.1', '内网IP', '{\r\n  \"dictName\" : [ \"GiM街景类型\" ],\r\n  \"dictType\" : [ \"gim_pano_type\" ],\r\n  \"status\" : [ \"0\" ],\r\n  \"remark\" : [ \"\" ]\r\n}', '0', null, '2019-09-06 18:19:20');
INSERT INTO `sys_oper_log` VALUES ('354', '字典类型', '2', 'com.backstage.web.controller.system.SysDictTypeController.editSave()', 'POST', '1', 'admin', null, '/system/dict/edit', '127.0.0.1', '内网IP', '{\r\n  \"dictId\" : [ \"105\" ],\r\n  \"dictName\" : [ \"GiM街景场景类型\" ],\r\n  \"dictType\" : [ \"gim_scene_type\" ],\r\n  \"status\" : [ \"0\" ],\r\n  \"remark\" : [ \"GiM街景类型\" ]\r\n}', '0', null, '2019-09-06 18:20:20');
INSERT INTO `sys_oper_log` VALUES ('355', '字典类型', '2', 'com.backstage.web.controller.system.SysDictTypeController.editSave()', 'POST', '1', 'admin', null, '/system/dict/edit', '127.0.0.1', '内网IP', '{\r\n  \"dictId\" : [ \"107\" ],\r\n  \"dictName\" : [ \"GiM街景类型\" ],\r\n  \"dictType\" : [ \"gim_pano_type\" ],\r\n  \"status\" : [ \"0\" ],\r\n  \"remark\" : [ \"GiM街景类型\" ]\r\n}', '0', null, '2019-09-06 18:20:32');
INSERT INTO `sys_oper_log` VALUES ('356', '字典类型', '2', 'com.backstage.web.controller.system.SysDictTypeController.editSave()', 'POST', '1', 'admin', null, '/system/dict/edit', '127.0.0.1', '内网IP', '{\r\n  \"dictId\" : [ \"105\" ],\r\n  \"dictName\" : [ \"GiM街景场景类型\" ],\r\n  \"dictType\" : [ \"gim_scene_type\" ],\r\n  \"status\" : [ \"0\" ],\r\n  \"remark\" : [ \"GiM街景场景类型\" ]\r\n}', '0', null, '2019-09-06 18:20:36');
INSERT INTO `sys_oper_log` VALUES ('357', '字典数据', '1', 'com.backstage.web.controller.system.SysDictDataController.addSave()', 'POST', '1', 'admin', null, '/system/dict/data/add', '127.0.0.1', '内网IP', '{\r\n  \"dictLabel\" : [ \"球\" ],\r\n  \"dictValue\" : [ \"0\" ],\r\n  \"dictType\" : [ \"gim_pano_type\" ],\r\n  \"cssClass\" : [ \"\" ],\r\n  \"dictSort\" : [ \"1\" ],\r\n  \"listClass\" : [ \"\" ],\r\n  \"isDefault\" : [ \"Y\" ],\r\n  \"status\" : [ \"0\" ],\r\n  \"remark\" : [ \"球\" ]\r\n}', '0', null, '2019-09-06 18:21:10');
INSERT INTO `sys_oper_log` VALUES ('358', '字典数据', '1', 'com.backstage.web.controller.system.SysDictDataController.addSave()', 'POST', '1', 'admin', null, '/system/dict/data/add', '127.0.0.1', '内网IP', '{\r\n  \"dictLabel\" : [ \"立方体\" ],\r\n  \"dictValue\" : [ \"1\" ],\r\n  \"dictType\" : [ \"gim_pano_type\" ],\r\n  \"cssClass\" : [ \"\" ],\r\n  \"dictSort\" : [ \"2\" ],\r\n  \"listClass\" : [ \"\" ],\r\n  \"isDefault\" : [ \"Y\" ],\r\n  \"status\" : [ \"0\" ],\r\n  \"remark\" : [ \"立方体\" ]\r\n}', '0', null, '2019-09-06 18:21:26');
INSERT INTO `sys_oper_log` VALUES ('359', '代码生成', '2', 'com.backstage.generator.controller.GenController.editSave()', 'POST', '1', 'admin', null, '/tool/gen/edit', '127.0.0.1', '内网IP', '{\r\n  \"tableId\" : [ \"9\" ],\r\n  \"tableName\" : [ \"t_street\" ],\r\n  \"tableComment\" : [ \"全景\" ],\r\n  \"className\" : [ \"TStreet\" ],\r\n  \"functionAuthor\" : [ \"jack.lin\" ],\r\n  \"remark\" : [ \"\" ],\r\n  \"columns[0].columnId\" : [ \"77\" ],\r\n  \"columns[0].sort\" : [ \"1\" ],\r\n  \"columns[0].columnComment\" : [ \"编号\" ],\r\n  \"columns[0].javaType\" : [ \"String\" ],\r\n  \"columns[0].javaField\" : [ \"id\" ],\r\n  \"columns[0].isInsert\" : [ \"1\" ],\r\n  \"columns[0].isQuery\" : [ \"1\" ],\r\n  \"columns[0].queryType\" : [ \"LIKE\" ],\r\n  \"columns[0].htmlType\" : [ \"input\" ],\r\n  \"columns[0].dictType\" : [ \"\" ],\r\n  \"columns[1].columnId\" : [ \"78\" ],\r\n  \"columns[1].sort\" : [ \"2\" ],\r\n  \"columns[1].columnComment\" : [ \"批次号\" ],\r\n  \"columns[1].javaType\" : [ \"String\" ],\r\n  \"columns[1].javaField\" : [ \"batchId\" ],\r\n  \"columns[1].isInsert\" : [ \"1\" ],\r\n  \"columns[1].isEdit\" : [ \"1\" ],\r\n  \"columns[1].isList\" : [ \"1\" ],\r\n  \"columns[1].isQuery\" : [ \"1\" ],\r\n  \"columns[1].queryType\" : [ \"LIKE\" ],\r\n  \"columns[1].htmlType\" : [ \"input\" ],\r\n  \"columns[1].dictType\" : [ \"\" ],\r\n  \"columns[2].columnId\" : [ \"79\" ],\r\n  \"columns[2].sort\" : [ \"3\" ],\r\n  \"columns[2].columnComment\" : [ \"任务编号\" ],\r\n  \"columns[2].javaType\" : [ \"String\" ],\r\n  \"columns[2].javaField\" : [ \"taskId\" ],\r\n  \"columns[2].isInsert\" : [ \"1\" ],\r\n  \"columns[2].isEdit\" : [ \"1\" ],\r\n  \"columns[2].isList\" : [ \"1\" ],\r\n  \"columns[2].isQuery\" : [ \"1\" ],\r\n  \"columns[2].queryType\" : [ \"LIKE\" ],\r\n  \"columns[2].htmlType\" : [ \"input\" ],\r\n  \"columns[2].dictType\" : [ \"\" ],\r\n  \"columns[3].columnId\" : [ \"80\" ],\r\n  \"columns[3].sort\" : [ \"4\" ],\r\n  \"columns[3].columnComment\" : [ \"分块级别\" ],\r\n  \"columns[3].javaType\" : [ \"Integer\" ],\r\n  \"columns[3].javaField\" : [ \"splitLevel\" ],\r\n  \"columns[3].isInsert\" : [ \"1\" ],\r\n  \"columns[3].isEdit\" : [ \"1\" ],\r\n  \"columns[3].isList\" : [ \"1\" ],\r\n  \"columns[3].queryType\" : [ \"EQ\" ],\r\n  \"columns[3].htmlType\" : [ \"input\" ],\r\n  \"columns[3].dictType\" : [ \"gim_split_level\" ],\r\n  \"columns[4].columnId\" : [ \"81\" ],\r\n  \"columns[4].sort\" : [ \"5\" ],\r\n  \"columns[4].columnComment\" : [ \"场景类型\" ', '0', null, '2019-09-06 18:23:53');
INSERT INTO `sys_oper_log` VALUES ('360', '代码生成', '8', 'com.backstage.generator.controller.GenController.genCode()', 'GET', '1', 'admin', null, '/tool/gen/genCode/t_street', '127.0.0.1', '内网IP', '{ }', '0', null, '2019-09-06 18:23:59');
INSERT INTO `sys_oper_log` VALUES ('361', '代码生成', '2', 'com.backstage.generator.controller.GenController.editSave()', 'POST', '1', 'admin', '研发部门', '/tool/gen/edit', '127.0.0.1', '内网IP', '{\r\n  \"tableId\" : [ \"9\" ],\r\n  \"tableName\" : [ \"t_street\" ],\r\n  \"tableComment\" : [ \"全景\" ],\r\n  \"className\" : [ \"TStreet\" ],\r\n  \"functionAuthor\" : [ \"jack.lin\" ],\r\n  \"remark\" : [ \"\" ],\r\n  \"columns[0].columnId\" : [ \"77\" ],\r\n  \"columns[0].sort\" : [ \"1\" ],\r\n  \"columns[0].columnComment\" : [ \"编号\" ],\r\n  \"columns[0].javaType\" : [ \"String\" ],\r\n  \"columns[0].javaField\" : [ \"id\" ],\r\n  \"columns[0].isInsert\" : [ \"1\" ],\r\n  \"columns[0].isQuery\" : [ \"1\" ],\r\n  \"columns[0].queryType\" : [ \"LIKE\" ],\r\n  \"columns[0].htmlType\" : [ \"input\" ],\r\n  \"columns[0].dictType\" : [ \"\" ],\r\n  \"columns[1].columnId\" : [ \"78\" ],\r\n  \"columns[1].sort\" : [ \"2\" ],\r\n  \"columns[1].columnComment\" : [ \"批次号\" ],\r\n  \"columns[1].javaType\" : [ \"String\" ],\r\n  \"columns[1].javaField\" : [ \"batchId\" ],\r\n  \"columns[1].isInsert\" : [ \"1\" ],\r\n  \"columns[1].isEdit\" : [ \"1\" ],\r\n  \"columns[1].isList\" : [ \"1\" ],\r\n  \"columns[1].isQuery\" : [ \"1\" ],\r\n  \"columns[1].queryType\" : [ \"LIKE\" ],\r\n  \"columns[1].htmlType\" : [ \"input\" ],\r\n  \"columns[1].dictType\" : [ \"\" ],\r\n  \"columns[2].columnId\" : [ \"79\" ],\r\n  \"columns[2].sort\" : [ \"3\" ],\r\n  \"columns[2].columnComment\" : [ \"任务编号\" ],\r\n  \"columns[2].javaType\" : [ \"String\" ],\r\n  \"columns[2].javaField\" : [ \"taskId\" ],\r\n  \"columns[2].isInsert\" : [ \"1\" ],\r\n  \"columns[2].isEdit\" : [ \"1\" ],\r\n  \"columns[2].isList\" : [ \"1\" ],\r\n  \"columns[2].isQuery\" : [ \"1\" ],\r\n  \"columns[2].queryType\" : [ \"LIKE\" ],\r\n  \"columns[2].htmlType\" : [ \"input\" ],\r\n  \"columns[2].dictType\" : [ \"\" ],\r\n  \"columns[3].columnId\" : [ \"80\" ],\r\n  \"columns[3].sort\" : [ \"4\" ],\r\n  \"columns[3].columnComment\" : [ \"分块级别\" ],\r\n  \"columns[3].javaType\" : [ \"Integer\" ],\r\n  \"columns[3].javaField\" : [ \"splitLevel\" ],\r\n  \"columns[3].isInsert\" : [ \"1\" ],\r\n  \"columns[3].isEdit\" : [ \"1\" ],\r\n  \"columns[3].isList\" : [ \"1\" ],\r\n  \"columns[3].queryType\" : [ \"EQ\" ],\r\n  \"columns[3].htmlType\" : [ \"input\" ],\r\n  \"columns[3].dictType\" : [ \"gim_split_level\" ],\r\n  \"columns[4].columnId\" : [ \"81\" ],\r\n  \"columns[4].sort\" : [ \"5\" ],\r\n  \"columns[4].columnComment\" : [ \"场景类型\" ', '0', null, '2019-09-06 18:29:25');
INSERT INTO `sys_oper_log` VALUES ('362', '代码生成', '8', 'com.backstage.generator.controller.GenController.genCode()', 'GET', '1', 'admin', '研发部门', '/tool/gen/genCode/t_street', '127.0.0.1', '内网IP', '{ }', '0', null, '2019-09-06 18:29:34');
INSERT INTO `sys_oper_log` VALUES ('363', '代码生成', '2', 'com.backstage.generator.controller.GenController.editSave()', 'POST', '1', 'admin', '研发部门', '/tool/gen/edit', '127.0.0.1', '内网IP', '{\r\n  \"tableId\" : [ \"9\" ],\r\n  \"tableName\" : [ \"t_street\" ],\r\n  \"tableComment\" : [ \"全景\" ],\r\n  \"className\" : [ \"TStreet\" ],\r\n  \"functionAuthor\" : [ \"jack.lin\" ],\r\n  \"remark\" : [ \"\" ],\r\n  \"columns[0].columnId\" : [ \"77\" ],\r\n  \"columns[0].sort\" : [ \"1\" ],\r\n  \"columns[0].columnComment\" : [ \"编号\" ],\r\n  \"columns[0].javaType\" : [ \"String\" ],\r\n  \"columns[0].javaField\" : [ \"id\" ],\r\n  \"columns[0].isInsert\" : [ \"1\" ],\r\n  \"columns[0].isQuery\" : [ \"1\" ],\r\n  \"columns[0].queryType\" : [ \"LIKE\" ],\r\n  \"columns[0].htmlType\" : [ \"input\" ],\r\n  \"columns[0].dictType\" : [ \"\" ],\r\n  \"columns[1].columnId\" : [ \"78\" ],\r\n  \"columns[1].sort\" : [ \"2\" ],\r\n  \"columns[1].columnComment\" : [ \"批次号\" ],\r\n  \"columns[1].javaType\" : [ \"String\" ],\r\n  \"columns[1].javaField\" : [ \"batchId\" ],\r\n  \"columns[1].isInsert\" : [ \"1\" ],\r\n  \"columns[1].isEdit\" : [ \"1\" ],\r\n  \"columns[1].isList\" : [ \"1\" ],\r\n  \"columns[1].isQuery\" : [ \"1\" ],\r\n  \"columns[1].queryType\" : [ \"LIKE\" ],\r\n  \"columns[1].htmlType\" : [ \"input\" ],\r\n  \"columns[1].dictType\" : [ \"\" ],\r\n  \"columns[2].columnId\" : [ \"79\" ],\r\n  \"columns[2].sort\" : [ \"3\" ],\r\n  \"columns[2].columnComment\" : [ \"任务编号\" ],\r\n  \"columns[2].javaType\" : [ \"String\" ],\r\n  \"columns[2].javaField\" : [ \"taskId\" ],\r\n  \"columns[2].isInsert\" : [ \"1\" ],\r\n  \"columns[2].isEdit\" : [ \"1\" ],\r\n  \"columns[2].isList\" : [ \"1\" ],\r\n  \"columns[2].isQuery\" : [ \"1\" ],\r\n  \"columns[2].queryType\" : [ \"LIKE\" ],\r\n  \"columns[2].htmlType\" : [ \"input\" ],\r\n  \"columns[2].dictType\" : [ \"\" ],\r\n  \"columns[3].columnId\" : [ \"80\" ],\r\n  \"columns[3].sort\" : [ \"4\" ],\r\n  \"columns[3].columnComment\" : [ \"分块级别\" ],\r\n  \"columns[3].javaType\" : [ \"Integer\" ],\r\n  \"columns[3].javaField\" : [ \"splitLevel\" ],\r\n  \"columns[3].isInsert\" : [ \"1\" ],\r\n  \"columns[3].isEdit\" : [ \"1\" ],\r\n  \"columns[3].isList\" : [ \"1\" ],\r\n  \"columns[3].queryType\" : [ \"EQ\" ],\r\n  \"columns[3].htmlType\" : [ \"input\" ],\r\n  \"columns[3].dictType\" : [ \"gim_split_level\" ],\r\n  \"columns[4].columnId\" : [ \"81\" ],\r\n  \"columns[4].sort\" : [ \"5\" ],\r\n  \"columns[4].columnComment\" : [ \"场景类型\" ', '0', null, '2019-09-06 18:31:19');
INSERT INTO `sys_oper_log` VALUES ('364', '代码生成', '2', 'com.backstage.generator.controller.GenController.editSave()', 'POST', '1', 'admin', '研发部门', '/tool/gen/edit', '127.0.0.1', '内网IP', '{\r\n  \"tableId\" : [ \"9\" ],\r\n  \"tableName\" : [ \"t_street\" ],\r\n  \"tableComment\" : [ \"全景\" ],\r\n  \"className\" : [ \"TStreet\" ],\r\n  \"functionAuthor\" : [ \"jack.lin\" ],\r\n  \"remark\" : [ \"\" ],\r\n  \"columns[0].columnId\" : [ \"77\" ],\r\n  \"columns[0].sort\" : [ \"1\" ],\r\n  \"columns[0].columnComment\" : [ \"编号\" ],\r\n  \"columns[0].javaType\" : [ \"String\" ],\r\n  \"columns[0].javaField\" : [ \"id\" ],\r\n  \"columns[0].isInsert\" : [ \"1\" ],\r\n  \"columns[0].isQuery\" : [ \"1\" ],\r\n  \"columns[0].queryType\" : [ \"LIKE\" ],\r\n  \"columns[0].htmlType\" : [ \"input\" ],\r\n  \"columns[0].dictType\" : [ \"\" ],\r\n  \"columns[1].columnId\" : [ \"78\" ],\r\n  \"columns[1].sort\" : [ \"2\" ],\r\n  \"columns[1].columnComment\" : [ \"批次号\" ],\r\n  \"columns[1].javaType\" : [ \"String\" ],\r\n  \"columns[1].javaField\" : [ \"batchId\" ],\r\n  \"columns[1].isInsert\" : [ \"1\" ],\r\n  \"columns[1].isEdit\" : [ \"1\" ],\r\n  \"columns[1].isList\" : [ \"1\" ],\r\n  \"columns[1].isQuery\" : [ \"1\" ],\r\n  \"columns[1].queryType\" : [ \"LIKE\" ],\r\n  \"columns[1].htmlType\" : [ \"input\" ],\r\n  \"columns[1].dictType\" : [ \"\" ],\r\n  \"columns[2].columnId\" : [ \"79\" ],\r\n  \"columns[2].sort\" : [ \"3\" ],\r\n  \"columns[2].columnComment\" : [ \"任务编号\" ],\r\n  \"columns[2].javaType\" : [ \"String\" ],\r\n  \"columns[2].javaField\" : [ \"taskId\" ],\r\n  \"columns[2].isInsert\" : [ \"1\" ],\r\n  \"columns[2].isEdit\" : [ \"1\" ],\r\n  \"columns[2].isList\" : [ \"1\" ],\r\n  \"columns[2].isQuery\" : [ \"1\" ],\r\n  \"columns[2].queryType\" : [ \"LIKE\" ],\r\n  \"columns[2].htmlType\" : [ \"input\" ],\r\n  \"columns[2].dictType\" : [ \"\" ],\r\n  \"columns[3].columnId\" : [ \"80\" ],\r\n  \"columns[3].sort\" : [ \"4\" ],\r\n  \"columns[3].columnComment\" : [ \"分块级别\" ],\r\n  \"columns[3].javaType\" : [ \"Integer\" ],\r\n  \"columns[3].javaField\" : [ \"splitLevel\" ],\r\n  \"columns[3].isInsert\" : [ \"1\" ],\r\n  \"columns[3].isEdit\" : [ \"1\" ],\r\n  \"columns[3].isList\" : [ \"1\" ],\r\n  \"columns[3].queryType\" : [ \"EQ\" ],\r\n  \"columns[3].htmlType\" : [ \"input\" ],\r\n  \"columns[3].dictType\" : [ \"gim_split_level\" ],\r\n  \"columns[4].columnId\" : [ \"81\" ],\r\n  \"columns[4].sort\" : [ \"5\" ],\r\n  \"columns[4].columnComment\" : [ \"场景类型\" ', '0', null, '2019-09-06 18:31:46');
INSERT INTO `sys_oper_log` VALUES ('365', '代码生成', '8', 'com.backstage.generator.controller.GenController.genCode()', 'GET', '1', 'admin', '研发部门', '/tool/gen/genCode/t_street', '127.0.0.1', '内网IP', '{ }', '0', null, '2019-09-06 18:31:50');
INSERT INTO `sys_oper_log` VALUES ('366', '代码生成', '2', 'com.backstage.generator.controller.GenController.editSave()', 'POST', '1', 'admin', '研发部门', '/tool/gen/edit', '127.0.0.1', '内网IP', '{\r\n  \"tableId\" : [ \"9\" ],\r\n  \"tableName\" : [ \"t_street\" ],\r\n  \"tableComment\" : [ \"全景\" ],\r\n  \"className\" : [ \"TStreet\" ],\r\n  \"functionAuthor\" : [ \"jack.lin\" ],\r\n  \"remark\" : [ \"\" ],\r\n  \"columns[0].columnId\" : [ \"77\" ],\r\n  \"columns[0].sort\" : [ \"1\" ],\r\n  \"columns[0].columnComment\" : [ \"编号\" ],\r\n  \"columns[0].javaType\" : [ \"String\" ],\r\n  \"columns[0].javaField\" : [ \"id\" ],\r\n  \"columns[0].isInsert\" : [ \"1\" ],\r\n  \"columns[0].isList\" : [ \"1\" ],\r\n  \"columns[0].isQuery\" : [ \"1\" ],\r\n  \"columns[0].queryType\" : [ \"LIKE\" ],\r\n  \"columns[0].htmlType\" : [ \"input\" ],\r\n  \"columns[0].dictType\" : [ \"\" ],\r\n  \"columns[1].columnId\" : [ \"78\" ],\r\n  \"columns[1].sort\" : [ \"2\" ],\r\n  \"columns[1].columnComment\" : [ \"批次号\" ],\r\n  \"columns[1].javaType\" : [ \"String\" ],\r\n  \"columns[1].javaField\" : [ \"batchId\" ],\r\n  \"columns[1].isInsert\" : [ \"1\" ],\r\n  \"columns[1].isEdit\" : [ \"1\" ],\r\n  \"columns[1].isList\" : [ \"1\" ],\r\n  \"columns[1].isQuery\" : [ \"1\" ],\r\n  \"columns[1].queryType\" : [ \"LIKE\" ],\r\n  \"columns[1].htmlType\" : [ \"input\" ],\r\n  \"columns[1].dictType\" : [ \"\" ],\r\n  \"columns[2].columnId\" : [ \"79\" ],\r\n  \"columns[2].sort\" : [ \"3\" ],\r\n  \"columns[2].columnComment\" : [ \"任务编号\" ],\r\n  \"columns[2].javaType\" : [ \"String\" ],\r\n  \"columns[2].javaField\" : [ \"taskId\" ],\r\n  \"columns[2].isInsert\" : [ \"1\" ],\r\n  \"columns[2].isEdit\" : [ \"1\" ],\r\n  \"columns[2].isList\" : [ \"1\" ],\r\n  \"columns[2].isQuery\" : [ \"1\" ],\r\n  \"columns[2].queryType\" : [ \"LIKE\" ],\r\n  \"columns[2].htmlType\" : [ \"input\" ],\r\n  \"columns[2].dictType\" : [ \"\" ],\r\n  \"columns[3].columnId\" : [ \"80\" ],\r\n  \"columns[3].sort\" : [ \"4\" ],\r\n  \"columns[3].columnComment\" : [ \"分块级别\" ],\r\n  \"columns[3].javaType\" : [ \"Integer\" ],\r\n  \"columns[3].javaField\" : [ \"splitLevel\" ],\r\n  \"columns[3].isInsert\" : [ \"1\" ],\r\n  \"columns[3].isEdit\" : [ \"1\" ],\r\n  \"columns[3].isList\" : [ \"1\" ],\r\n  \"columns[3].queryType\" : [ \"EQ\" ],\r\n  \"columns[3].htmlType\" : [ \"input\" ],\r\n  \"columns[3].dictType\" : [ \"gim_split_level\" ],\r\n  \"columns[4].columnId\" : [ \"81\" ],\r\n  \"columns[4].sort\" : [ \"5\" ],\r\n  \"col', '0', null, '2019-09-06 18:33:54');
INSERT INTO `sys_oper_log` VALUES ('367', '代码生成', '2', 'com.backstage.generator.controller.GenController.editSave()', 'POST', '1', 'admin', '研发部门', '/tool/gen/edit', '127.0.0.1', '内网IP', '{\r\n  \"tableId\" : [ \"9\" ],\r\n  \"tableName\" : [ \"t_street\" ],\r\n  \"tableComment\" : [ \"全景\" ],\r\n  \"className\" : [ \"TStreet\" ],\r\n  \"functionAuthor\" : [ \"jack.lin\" ],\r\n  \"remark\" : [ \"\" ],\r\n  \"columns[0].columnId\" : [ \"77\" ],\r\n  \"columns[0].sort\" : [ \"1\" ],\r\n  \"columns[0].columnComment\" : [ \"编号\" ],\r\n  \"columns[0].javaType\" : [ \"String\" ],\r\n  \"columns[0].javaField\" : [ \"id\" ],\r\n  \"columns[0].isInsert\" : [ \"1\" ],\r\n  \"columns[0].isList\" : [ \"1\" ],\r\n  \"columns[0].isQuery\" : [ \"1\" ],\r\n  \"columns[0].queryType\" : [ \"LIKE\" ],\r\n  \"columns[0].htmlType\" : [ \"input\" ],\r\n  \"columns[0].dictType\" : [ \"\" ],\r\n  \"columns[1].columnId\" : [ \"78\" ],\r\n  \"columns[1].sort\" : [ \"2\" ],\r\n  \"columns[1].columnComment\" : [ \"批次号\" ],\r\n  \"columns[1].javaType\" : [ \"String\" ],\r\n  \"columns[1].javaField\" : [ \"batchId\" ],\r\n  \"columns[1].isInsert\" : [ \"1\" ],\r\n  \"columns[1].isEdit\" : [ \"1\" ],\r\n  \"columns[1].isList\" : [ \"1\" ],\r\n  \"columns[1].isQuery\" : [ \"1\" ],\r\n  \"columns[1].queryType\" : [ \"LIKE\" ],\r\n  \"columns[1].htmlType\" : [ \"input\" ],\r\n  \"columns[1].dictType\" : [ \"\" ],\r\n  \"columns[2].columnId\" : [ \"79\" ],\r\n  \"columns[2].sort\" : [ \"3\" ],\r\n  \"columns[2].columnComment\" : [ \"任务编号\" ],\r\n  \"columns[2].javaType\" : [ \"String\" ],\r\n  \"columns[2].javaField\" : [ \"taskId\" ],\r\n  \"columns[2].isInsert\" : [ \"1\" ],\r\n  \"columns[2].isEdit\" : [ \"1\" ],\r\n  \"columns[2].isList\" : [ \"1\" ],\r\n  \"columns[2].isQuery\" : [ \"1\" ],\r\n  \"columns[2].queryType\" : [ \"LIKE\" ],\r\n  \"columns[2].htmlType\" : [ \"input\" ],\r\n  \"columns[2].dictType\" : [ \"\" ],\r\n  \"columns[3].columnId\" : [ \"80\" ],\r\n  \"columns[3].sort\" : [ \"4\" ],\r\n  \"columns[3].columnComment\" : [ \"分块级别\" ],\r\n  \"columns[3].javaType\" : [ \"Integer\" ],\r\n  \"columns[3].javaField\" : [ \"splitLevel\" ],\r\n  \"columns[3].isInsert\" : [ \"1\" ],\r\n  \"columns[3].isEdit\" : [ \"1\" ],\r\n  \"columns[3].isList\" : [ \"1\" ],\r\n  \"columns[3].queryType\" : [ \"EQ\" ],\r\n  \"columns[3].htmlType\" : [ \"select\" ],\r\n  \"columns[3].dictType\" : [ \"gim_split_level\" ],\r\n  \"columns[4].columnId\" : [ \"81\" ],\r\n  \"columns[4].sort\" : [ \"5\" ],\r\n  \"co', '0', null, '2019-09-06 18:34:45');
INSERT INTO `sys_oper_log` VALUES ('368', '代码生成', '8', 'com.backstage.generator.controller.GenController.genCode()', 'GET', '1', 'admin', '研发部门', '/tool/gen/genCode/t_street', '127.0.0.1', '内网IP', '{ }', '0', null, '2019-09-06 18:34:49');
INSERT INTO `sys_oper_log` VALUES ('369', '街景', '2', 'com.backstage.web.controller.gim.basics.controller.TStreetController.editSave()', 'POST', '1', 'admin', '研发部门', '/basics/tstreet/edit', '127.0.0.1', '内网IP', '{\r\n  \"id\" : [ \"20190604PM_132107709\" ],\r\n  \"batchId\" : [ \"ST20190604PM0001\" ],\r\n  \"taskId\" : [ \"20190604PM\" ],\r\n  \"splitLevel\" : [ \"6\" ],\r\n  \"sceneType\" : [ \"1\" ],\r\n  \"panoType\" : [ \"0\" ],\r\n  \"lon\" : [ \"121.06346973823\" ],\r\n  \"lat\" : [ \"30.9671701371\" ],\r\n  \"alt\" : [ \"3.5381\" ],\r\n  \"pitch\" : [ \"0.41508\" ],\r\n  \"roll\" : [ \"0.0\" ],\r\n  \"yaw\" : [ \"287.679731758\" ],\r\n  \"time\" : [ \"20190604132107709\" ],\r\n  \"isValid\" : [ \"2\" ]\r\n}', '0', null, '2019-09-06 18:35:41');
INSERT INTO `sys_oper_log` VALUES ('370', '街景', '2', 'com.backstage.web.controller.gim.basics.controller.TStreetController.editSave()', 'POST', '1', 'admin', '研发部门', '/basics/tstreet/edit', '127.0.0.1', '内网IP', '{\r\n  \"id\" : [ \"20190604PM_132107709\" ],\r\n  \"batchId\" : [ \"ST20190604PM0001\" ],\r\n  \"taskId\" : [ \"20190604PM\" ],\r\n  \"splitLevel\" : [ \"6\" ],\r\n  \"sceneType\" : [ \"1\" ],\r\n  \"panoType\" : [ \"0\" ],\r\n  \"lon\" : [ \"121.06346973823\" ],\r\n  \"lat\" : [ \"30.9671701371\" ],\r\n  \"alt\" : [ \"3.5381\" ],\r\n  \"pitch\" : [ \"0.41508\" ],\r\n  \"roll\" : [ \"0.0\" ],\r\n  \"yaw\" : [ \"287.679731758\" ],\r\n  \"time\" : [ \"20190604132107709\" ],\r\n  \"isValid\" : [ \"1\" ]\r\n}', '0', null, '2019-09-06 18:35:45');
INSERT INTO `sys_oper_log` VALUES ('371', '代码生成', '2', 'com.backstage.generator.controller.GenController.editSave()', 'POST', '1', 'admin', '研发部门', '/tool/gen/edit', '127.0.0.1', '内网IP', '{\r\n  \"tableId\" : [ \"5\" ],\r\n  \"tableName\" : [ \"t_parameter\" ],\r\n  \"tableComment\" : [ \"任务表\" ],\r\n  \"className\" : [ \"TParameter\" ],\r\n  \"functionAuthor\" : [ \"jack.lin\" ],\r\n  \"remark\" : [ \"\" ],\r\n  \"columns[0].columnId\" : [ \"50\" ],\r\n  \"columns[0].sort\" : [ \"1\" ],\r\n  \"columns[0].columnComment\" : [ \"编号\" ],\r\n  \"columns[0].javaType\" : [ \"Long\" ],\r\n  \"columns[0].javaField\" : [ \"id\" ],\r\n  \"columns[0].isInsert\" : [ \"1\" ],\r\n  \"columns[0].queryType\" : [ \"EQ\" ],\r\n  \"columns[0].htmlType\" : [ \"input\" ],\r\n  \"columns[0].dictType\" : [ \"\" ],\r\n  \"columns[1].columnId\" : [ \"51\" ],\r\n  \"columns[1].sort\" : [ \"2\" ],\r\n  \"columns[1].columnComment\" : [ \"根编号\" ],\r\n  \"columns[1].javaType\" : [ \"String\" ],\r\n  \"columns[1].javaField\" : [ \"rootId\" ],\r\n  \"columns[1].isInsert\" : [ \"1\" ],\r\n  \"columns[1].isEdit\" : [ \"1\" ],\r\n  \"columns[1].isList\" : [ \"1\" ],\r\n  \"columns[1].isQuery\" : [ \"1\" ],\r\n  \"columns[1].queryType\" : [ \"EQ\" ],\r\n  \"columns[1].htmlType\" : [ \"input\" ],\r\n  \"columns[1].dictType\" : [ \"\" ],\r\n  \"columns[2].columnId\" : [ \"52\" ],\r\n  \"columns[2].sort\" : [ \"3\" ],\r\n  \"columns[2].columnComment\" : [ \"批次号\" ],\r\n  \"columns[2].javaType\" : [ \"String\" ],\r\n  \"columns[2].javaField\" : [ \"batchId\" ],\r\n  \"columns[2].isInsert\" : [ \"1\" ],\r\n  \"columns[2].isEdit\" : [ \"1\" ],\r\n  \"columns[2].isList\" : [ \"1\" ],\r\n  \"columns[2].isQuery\" : [ \"1\" ],\r\n  \"columns[2].queryType\" : [ \"EQ\" ],\r\n  \"columns[2].htmlType\" : [ \"input\" ],\r\n  \"columns[2].dictType\" : [ \"\" ],\r\n  \"columns[3].columnId\" : [ \"53\" ],\r\n  \"columns[3].sort\" : [ \"4\" ],\r\n  \"columns[3].columnComment\" : [ \"数据类型\" ],\r\n  \"columns[3].javaType\" : [ \"String\" ],\r\n  \"columns[3].javaField\" : [ \"dataType\" ],\r\n  \"columns[3].isInsert\" : [ \"1\" ],\r\n  \"columns[3].isEdit\" : [ \"1\" ],\r\n  \"columns[3].isList\" : [ \"1\" ],\r\n  \"columns[3].isQuery\" : [ \"1\" ],\r\n  \"columns[3].queryType\" : [ \"EQ\" ],\r\n  \"columns[3].htmlType\" : [ \"select\" ],\r\n  \"columns[3].dictType\" : [ \"\" ],\r\n  \"columns[4].columnId\" : [ \"54\" ],\r\n  \"columns[4].sort\" : [ \"5\" ],\r\n  \"columns[4].columnComment\" : [ \"单位/部门\" ],\r\n  \"columns[4].', '0', null, '2019-09-06 18:38:29');
INSERT INTO `sys_oper_log` VALUES ('372', '代码生成', '8', 'com.backstage.generator.controller.GenController.genCode()', 'GET', '1', 'admin', '研发部门', '/tool/gen/genCode/t_parameter', '127.0.0.1', '内网IP', '{ }', '0', null, '2019-09-06 18:38:33');
INSERT INTO `sys_oper_log` VALUES ('373', '字典类型', '1', 'com.backstage.web.controller.system.SysDictTypeController.addSave()', 'POST', '1', 'admin', null, '/system/dict/add', '127.0.0.1', '内网IP', '{\r\n  \"dictName\" : [ \"GiM数据类型\" ],\r\n  \"dictType\" : [ \"gim_data_type\" ],\r\n  \"status\" : [ \"0\" ],\r\n  \"remark\" : [ \"GiM数据类型\" ]\r\n}', '0', null, '2019-09-06 18:45:34');
INSERT INTO `sys_oper_log` VALUES ('374', '字典数据', '1', 'com.backstage.web.controller.system.SysDictDataController.addSave()', 'POST', '1', 'admin', null, '/system/dict/data/add', '127.0.0.1', '内网IP', '{\r\n  \"dictLabel\" : [ \"街景成果\" ],\r\n  \"dictValue\" : [ \"StreetRes\" ],\r\n  \"dictType\" : [ \"gim_data_type\" ],\r\n  \"cssClass\" : [ \"\" ],\r\n  \"dictSort\" : [ \"1\" ],\r\n  \"listClass\" : [ \"\" ],\r\n  \"isDefault\" : [ \"Y\" ],\r\n  \"status\" : [ \"0\" ],\r\n  \"remark\" : [ \"街景成果\" ]\r\n}', '0', null, '2019-09-06 18:45:55');
INSERT INTO `sys_oper_log` VALUES ('375', '字典数据', '1', 'com.backstage.web.controller.system.SysDictDataController.addSave()', 'POST', '1', 'admin', null, '/system/dict/data/add', '127.0.0.1', '内网IP', '{\r\n  \"dictLabel\" : [ \"倾斜摄影成果\" ],\r\n  \"dictValue\" : [ \"OAPModelRes\" ],\r\n  \"dictType\" : [ \"gim_data_type\" ],\r\n  \"cssClass\" : [ \"\" ],\r\n  \"dictSort\" : [ \"2\" ],\r\n  \"listClass\" : [ \"\" ],\r\n  \"isDefault\" : [ \"Y\" ],\r\n  \"status\" : [ \"0\" ],\r\n  \"remark\" : [ \"倾斜摄影成果\" ]\r\n}', '0', null, '2019-09-06 18:46:14');
INSERT INTO `sys_oper_log` VALUES ('376', '字典数据', '1', 'com.backstage.web.controller.system.SysDictDataController.addSave()', 'POST', '1', 'admin', null, '/system/dict/data/add', '127.0.0.1', '内网IP', '{\r\n  \"dictLabel\" : [ \"单体模型成果\" ],\r\n  \"dictValue\" : [ \"MonoModelRes\" ],\r\n  \"dictType\" : [ \"gim_data_type\" ],\r\n  \"cssClass\" : [ \"\" ],\r\n  \"dictSort\" : [ \"3\" ],\r\n  \"listClass\" : [ \"\" ],\r\n  \"isDefault\" : [ \"Y\" ],\r\n  \"status\" : [ \"0\" ],\r\n  \"remark\" : [ \"\" ]\r\n}', '0', null, '2019-09-06 18:46:28');
INSERT INTO `sys_oper_log` VALUES ('377', '字典数据', '1', 'com.backstage.web.controller.system.SysDictDataController.addSave()', 'POST', '1', 'admin', null, '/system/dict/data/add', '127.0.0.1', '内网IP', '{\r\n  \"dictLabel\" : [ \"白模成果\" ],\r\n  \"dictValue\" : [ \"WhiteModelRes\" ],\r\n  \"dictType\" : [ \"gim_data_type\" ],\r\n  \"cssClass\" : [ \"\" ],\r\n  \"dictSort\" : [ \"4\" ],\r\n  \"listClass\" : [ \"\" ],\r\n  \"isDefault\" : [ \"Y\" ],\r\n  \"status\" : [ \"0\" ],\r\n  \"remark\" : [ \"白模成果\" ]\r\n}', '0', null, '2019-09-06 18:46:43');
INSERT INTO `sys_oper_log` VALUES ('378', '字典数据', '1', 'com.backstage.web.controller.system.SysDictDataController.addSave()', 'POST', '1', 'admin', null, '/system/dict/data/add', '127.0.0.1', '内网IP', '{\r\n  \"dictLabel\" : [ \"配准成果\" ],\r\n  \"dictValue\" : [ \"CoregistrationRes\" ],\r\n  \"dictType\" : [ \"gim_data_type\" ],\r\n  \"cssClass\" : [ \"\" ],\r\n  \"dictSort\" : [ \"5\" ],\r\n  \"listClass\" : [ \"\" ],\r\n  \"isDefault\" : [ \"Y\" ],\r\n  \"status\" : [ \"0\" ],\r\n  \"remark\" : [ \"配准成果\" ]\r\n}', '0', null, '2019-09-06 18:46:59');
INSERT INTO `sys_oper_log` VALUES ('379', '字典数据', '1', 'com.backstage.web.controller.system.SysDictDataController.addSave()', 'POST', '1', 'admin', null, '/system/dict/data/add', '127.0.0.1', '内网IP', '{\r\n  \"dictLabel\" : [ \"街景纠偏成果\" ],\r\n  \"dictValue\" : [ \"RectifyStreetRes\" ],\r\n  \"dictType\" : [ \"gim_data_type\" ],\r\n  \"cssClass\" : [ \"\" ],\r\n  \"dictSort\" : [ \"6\" ],\r\n  \"listClass\" : [ \"\" ],\r\n  \"isDefault\" : [ \"Y\" ],\r\n  \"status\" : [ \"0\" ],\r\n  \"remark\" : [ \"街景纠偏成果\" ]\r\n}', '0', null, '2019-09-06 18:47:19');
INSERT INTO `sys_oper_log` VALUES ('380', '字典数据', '1', 'com.backstage.web.controller.system.SysDictDataController.addSave()', 'POST', '1', 'admin', null, '/system/dict/data/add', '127.0.0.1', '内网IP', '{\r\n  \"dictLabel\" : [ \"模型纠偏成果\" ],\r\n  \"dictValue\" : [ \"RectifyOAPModelRes\" ],\r\n  \"dictType\" : [ \"gim_data_type\" ],\r\n  \"cssClass\" : [ \"\" ],\r\n  \"dictSort\" : [ \"7\" ],\r\n  \"listClass\" : [ \"\" ],\r\n  \"isDefault\" : [ \"Y\" ],\r\n  \"status\" : [ \"0\" ],\r\n  \"remark\" : [ \"模型纠偏成果\" ]\r\n}', '0', null, '2019-09-06 18:47:42');
INSERT INTO `sys_oper_log` VALUES ('381', '字典数据', '2', 'com.backstage.web.controller.system.SysDictDataController.editSave()', 'POST', '1', 'admin', null, '/system/dict/data/edit', '127.0.0.1', '内网IP', '{\r\n  \"dictCode\" : [ \"136\" ],\r\n  \"dictLabel\" : [ \"单体模型成果\" ],\r\n  \"dictValue\" : [ \"MonoModelRes\" ],\r\n  \"dictType\" : [ \"gim_data_type\" ],\r\n  \"cssClass\" : [ \"\" ],\r\n  \"dictSort\" : [ \"3\" ],\r\n  \"listClass\" : [ \"\" ],\r\n  \"isDefault\" : [ \"Y\" ],\r\n  \"status\" : [ \"0\" ],\r\n  \"remark\" : [ \"单体模型成果\" ]\r\n}', '0', null, '2019-09-06 18:47:51');
INSERT INTO `sys_oper_log` VALUES ('382', '代码生成', '2', 'com.backstage.generator.controller.GenController.editSave()', 'POST', '1', 'admin', null, '/tool/gen/edit', '127.0.0.1', '内网IP', '{\r\n  \"tableId\" : [ \"5\" ],\r\n  \"tableName\" : [ \"t_parameter\" ],\r\n  \"tableComment\" : [ \"任务表\" ],\r\n  \"className\" : [ \"TParameter\" ],\r\n  \"functionAuthor\" : [ \"jack.lin\" ],\r\n  \"remark\" : [ \"\" ],\r\n  \"columns[0].columnId\" : [ \"50\" ],\r\n  \"columns[0].sort\" : [ \"1\" ],\r\n  \"columns[0].columnComment\" : [ \"编号\" ],\r\n  \"columns[0].javaType\" : [ \"Long\" ],\r\n  \"columns[0].javaField\" : [ \"id\" ],\r\n  \"columns[0].isInsert\" : [ \"1\" ],\r\n  \"columns[0].queryType\" : [ \"EQ\" ],\r\n  \"columns[0].htmlType\" : [ \"input\" ],\r\n  \"columns[0].dictType\" : [ \"\" ],\r\n  \"columns[1].columnId\" : [ \"51\" ],\r\n  \"columns[1].sort\" : [ \"2\" ],\r\n  \"columns[1].columnComment\" : [ \"根编号\" ],\r\n  \"columns[1].javaType\" : [ \"String\" ],\r\n  \"columns[1].javaField\" : [ \"rootId\" ],\r\n  \"columns[1].isInsert\" : [ \"1\" ],\r\n  \"columns[1].isEdit\" : [ \"1\" ],\r\n  \"columns[1].isList\" : [ \"1\" ],\r\n  \"columns[1].isQuery\" : [ \"1\" ],\r\n  \"columns[1].queryType\" : [ \"EQ\" ],\r\n  \"columns[1].htmlType\" : [ \"input\" ],\r\n  \"columns[1].dictType\" : [ \"\" ],\r\n  \"columns[2].columnId\" : [ \"52\" ],\r\n  \"columns[2].sort\" : [ \"3\" ],\r\n  \"columns[2].columnComment\" : [ \"批次号\" ],\r\n  \"columns[2].javaType\" : [ \"String\" ],\r\n  \"columns[2].javaField\" : [ \"batchId\" ],\r\n  \"columns[2].isInsert\" : [ \"1\" ],\r\n  \"columns[2].isEdit\" : [ \"1\" ],\r\n  \"columns[2].isList\" : [ \"1\" ],\r\n  \"columns[2].isQuery\" : [ \"1\" ],\r\n  \"columns[2].queryType\" : [ \"EQ\" ],\r\n  \"columns[2].htmlType\" : [ \"input\" ],\r\n  \"columns[2].dictType\" : [ \"\" ],\r\n  \"columns[3].columnId\" : [ \"53\" ],\r\n  \"columns[3].sort\" : [ \"4\" ],\r\n  \"columns[3].columnComment\" : [ \"数据类型\" ],\r\n  \"columns[3].javaType\" : [ \"String\" ],\r\n  \"columns[3].javaField\" : [ \"dataType\" ],\r\n  \"columns[3].isInsert\" : [ \"1\" ],\r\n  \"columns[3].isEdit\" : [ \"1\" ],\r\n  \"columns[3].isList\" : [ \"1\" ],\r\n  \"columns[3].isQuery\" : [ \"1\" ],\r\n  \"columns[3].queryType\" : [ \"EQ\" ],\r\n  \"columns[3].htmlType\" : [ \"select\" ],\r\n  \"columns[3].dictType\" : [ \"gim_data_type\" ],\r\n  \"columns[4].columnId\" : [ \"54\" ],\r\n  \"columns[4].sort\" : [ \"5\" ],\r\n  \"columns[4].columnComment\" : [ \"单位/部门\" ],\r\n ', '0', null, '2019-09-06 18:48:05');
INSERT INTO `sys_oper_log` VALUES ('383', '代码生成', '8', 'com.backstage.generator.controller.GenController.genCode()', 'GET', '1', 'admin', null, '/tool/gen/genCode/t_parameter', '127.0.0.1', '内网IP', '{ }', '0', null, '2019-09-06 18:48:12');
INSERT INTO `sys_oper_log` VALUES ('384', '代码生成', '2', 'com.backstage.generator.controller.GenController.editSave()', 'POST', '1', 'admin', null, '/tool/gen/edit', '127.0.0.1', '内网IP', '{\r\n  \"tableId\" : [ \"4\" ],\r\n  \"tableName\" : [ \"t_coregistration\" ],\r\n  \"tableComment\" : [ \"模型街景配准\" ],\r\n  \"className\" : [ \"TCoregistration\" ],\r\n  \"functionAuthor\" : [ \"jack.lin\" ],\r\n  \"remark\" : [ \"\" ],\r\n  \"columns[0].columnId\" : [ \"37\" ],\r\n  \"columns[0].sort\" : [ \"1\" ],\r\n  \"columns[0].columnComment\" : [ \"配准编号\" ],\r\n  \"columns[0].javaType\" : [ \"String\" ],\r\n  \"columns[0].javaField\" : [ \"id\" ],\r\n  \"columns[0].isInsert\" : [ \"1\" ],\r\n  \"columns[0].queryType\" : [ \"EQ\" ],\r\n  \"columns[0].htmlType\" : [ \"input\" ],\r\n  \"columns[0].dictType\" : [ \"\" ],\r\n  \"columns[1].columnId\" : [ \"38\" ],\r\n  \"columns[1].sort\" : [ \"2\" ],\r\n  \"columns[1].columnComment\" : [ \"批次号\" ],\r\n  \"columns[1].javaType\" : [ \"String\" ],\r\n  \"columns[1].javaField\" : [ \"batchId\" ],\r\n  \"columns[1].isInsert\" : [ \"1\" ],\r\n  \"columns[1].isEdit\" : [ \"1\" ],\r\n  \"columns[1].isList\" : [ \"1\" ],\r\n  \"columns[1].isQuery\" : [ \"1\" ],\r\n  \"columns[1].queryType\" : [ \"EQ\" ],\r\n  \"columns[1].htmlType\" : [ \"input\" ],\r\n  \"columns[1].dictType\" : [ \"\" ],\r\n  \"columns[2].columnId\" : [ \"39\" ],\r\n  \"columns[2].sort\" : [ \"3\" ],\r\n  \"columns[2].columnComment\" : [ \"模型编号\" ],\r\n  \"columns[2].javaType\" : [ \"String\" ],\r\n  \"columns[2].javaField\" : [ \"modelId\" ],\r\n  \"columns[2].isInsert\" : [ \"1\" ],\r\n  \"columns[2].isEdit\" : [ \"1\" ],\r\n  \"columns[2].isList\" : [ \"1\" ],\r\n  \"columns[2].isQuery\" : [ \"1\" ],\r\n  \"columns[2].queryType\" : [ \"EQ\" ],\r\n  \"columns[2].htmlType\" : [ \"input\" ],\r\n  \"columns[2].dictType\" : [ \"\" ],\r\n  \"columns[3].columnId\" : [ \"40\" ],\r\n  \"columns[3].sort\" : [ \"4\" ],\r\n  \"columns[3].columnComment\" : [ \"全景编号\" ],\r\n  \"columns[3].javaType\" : [ \"String\" ],\r\n  \"columns[3].javaField\" : [ \"panoId\" ],\r\n  \"columns[3].isInsert\" : [ \"1\" ],\r\n  \"columns[3].isEdit\" : [ \"1\" ],\r\n  \"columns[3].isList\" : [ \"1\" ],\r\n  \"columns[3].isQuery\" : [ \"1\" ],\r\n  \"columns[3].queryType\" : [ \"EQ\" ],\r\n  \"columns[3].htmlType\" : [ \"input\" ],\r\n  \"columns[3].dictType\" : [ \"\" ],\r\n  \"columns[4].columnId\" : [ \"41\" ],\r\n  \"columns[4].sort\" : [ \"5\" ],\r\n  \"columns[4].columnComment\" : [ \"全景经度\" ],\r', '0', null, '2019-09-06 18:52:59');
INSERT INTO `sys_oper_log` VALUES ('385', '代码生成', '8', 'com.backstage.generator.controller.GenController.genCode()', 'GET', '1', 'admin', null, '/tool/gen/genCode/t_coregistration', '127.0.0.1', '内网IP', '{ }', '0', null, '2019-09-06 18:53:03');
INSERT INTO `sys_oper_log` VALUES ('386', '代码生成', '2', 'com.backstage.generator.controller.GenController.editSave()', 'POST', '1', 'admin', null, '/tool/gen/edit', '127.0.0.1', '内网IP', '{\r\n  \"tableId\" : [ \"4\" ],\r\n  \"tableName\" : [ \"t_coregistration\" ],\r\n  \"tableComment\" : [ \"模型街景配准\" ],\r\n  \"className\" : [ \"TCoregistration\" ],\r\n  \"functionAuthor\" : [ \"jack.lin\" ],\r\n  \"remark\" : [ \"\" ],\r\n  \"columns[0].columnId\" : [ \"37\" ],\r\n  \"columns[0].sort\" : [ \"1\" ],\r\n  \"columns[0].columnComment\" : [ \"配准编号\" ],\r\n  \"columns[0].javaType\" : [ \"String\" ],\r\n  \"columns[0].javaField\" : [ \"id\" ],\r\n  \"columns[0].isInsert\" : [ \"1\" ],\r\n  \"columns[0].queryType\" : [ \"EQ\" ],\r\n  \"columns[0].htmlType\" : [ \"input\" ],\r\n  \"columns[0].dictType\" : [ \"\" ],\r\n  \"columns[1].columnId\" : [ \"38\" ],\r\n  \"columns[1].sort\" : [ \"2\" ],\r\n  \"columns[1].columnComment\" : [ \"批次号\" ],\r\n  \"columns[1].javaType\" : [ \"String\" ],\r\n  \"columns[1].javaField\" : [ \"batchId\" ],\r\n  \"columns[1].isInsert\" : [ \"1\" ],\r\n  \"columns[1].isEdit\" : [ \"1\" ],\r\n  \"columns[1].isList\" : [ \"1\" ],\r\n  \"columns[1].isQuery\" : [ \"1\" ],\r\n  \"columns[1].queryType\" : [ \"EQ\" ],\r\n  \"columns[1].htmlType\" : [ \"input\" ],\r\n  \"columns[1].dictType\" : [ \"\" ],\r\n  \"columns[2].columnId\" : [ \"39\" ],\r\n  \"columns[2].sort\" : [ \"3\" ],\r\n  \"columns[2].columnComment\" : [ \"模型编号\" ],\r\n  \"columns[2].javaType\" : [ \"String\" ],\r\n  \"columns[2].javaField\" : [ \"modelId\" ],\r\n  \"columns[2].isInsert\" : [ \"1\" ],\r\n  \"columns[2].isEdit\" : [ \"1\" ],\r\n  \"columns[2].isList\" : [ \"1\" ],\r\n  \"columns[2].isQuery\" : [ \"1\" ],\r\n  \"columns[2].queryType\" : [ \"EQ\" ],\r\n  \"columns[2].htmlType\" : [ \"input\" ],\r\n  \"columns[2].dictType\" : [ \"\" ],\r\n  \"columns[3].columnId\" : [ \"40\" ],\r\n  \"columns[3].sort\" : [ \"4\" ],\r\n  \"columns[3].columnComment\" : [ \"全景编号\" ],\r\n  \"columns[3].javaType\" : [ \"String\" ],\r\n  \"columns[3].javaField\" : [ \"panoId\" ],\r\n  \"columns[3].isInsert\" : [ \"1\" ],\r\n  \"columns[3].isEdit\" : [ \"1\" ],\r\n  \"columns[3].isList\" : [ \"1\" ],\r\n  \"columns[3].isQuery\" : [ \"1\" ],\r\n  \"columns[3].queryType\" : [ \"EQ\" ],\r\n  \"columns[3].htmlType\" : [ \"input\" ],\r\n  \"columns[3].dictType\" : [ \"\" ],\r\n  \"columns[4].columnId\" : [ \"41\" ],\r\n  \"columns[4].sort\" : [ \"5\" ],\r\n  \"columns[4].columnComment\" : [ \"全景经度\" ],\r', '0', null, '2019-09-06 18:57:04');
INSERT INTO `sys_oper_log` VALUES ('387', '代码生成', '8', 'com.backstage.generator.controller.GenController.genCode()', 'GET', '1', 'admin', null, '/tool/gen/genCode/t_coregistration', '127.0.0.1', '内网IP', '{ }', '0', null, '2019-09-06 18:57:06');
INSERT INTO `sys_oper_log` VALUES ('388', '任务表', '2', 'com.backstage.web.controller.gim.basics.controller.TParameterController.editSave()', 'POST', '1', 'admin', null, '/basics/tparameter/edit', '127.0.0.1', '内网IP', '{\r\n  \"id\" : [ \"7\" ],\r\n  \"rootId\" : [ \"CORE190513230159234\" ],\r\n  \"batchId\" : [ \"CORE190513230159234\" ],\r\n  \"dataType\" : [ \"CoregistrationRes\" ],\r\n  \"unit\" : [ \"test\" ],\r\n  \"operater\" : [ \"doperator\" ],\r\n  \"optime\" : [ \"1556680225\" ],\r\n  \"root\" : [ \"/data\" ],\r\n  \"metadata\" : [ \"PanoModelCalib.json\" ],\r\n  \"metadataEncry\" : [ \"RSA1.0\" ],\r\n  \"version\" : [ \"1\" ]\r\n}', '0', null, '2019-09-06 19:00:50');
INSERT INTO `sys_oper_log` VALUES ('389', '任务表', '2', 'com.backstage.web.controller.gim.basics.controller.TParameterController.editSave()', 'POST', '1', 'admin', null, '/basics/tparameter/edit', '127.0.0.1', '内网IP', '{\r\n  \"id\" : [ \"7\" ],\r\n  \"rootId\" : [ \"CORE190513230159234\" ],\r\n  \"batchId\" : [ \"CORE190513230159234\" ],\r\n  \"dataType\" : [ \"CoregistrationRes\" ],\r\n  \"unit\" : [ \"test\" ],\r\n  \"operater\" : [ \"doperator\" ],\r\n  \"optime\" : [ \"1556680225\" ],\r\n  \"root\" : [ \"/data\" ],\r\n  \"metadata\" : [ \"PanoModelCalib.json\" ],\r\n  \"metadataEncry\" : [ \"RSA1.0\" ],\r\n  \"version\" : [ \"2\" ]\r\n}', '0', null, '2019-09-06 19:00:55');
INSERT INTO `sys_oper_log` VALUES ('390', '任务表', '2', 'com.backstage.web.controller.gim.basics.controller.TParameterController.editSave()', 'POST', '1', 'admin', null, '/basics/tparameter/edit', '127.0.0.1', '内网IP', '{\r\n  \"id\" : [ \"7\" ],\r\n  \"rootId\" : [ \"CORE190513230159234\" ],\r\n  \"batchId\" : [ \"CORE190513230159234\" ],\r\n  \"dataType\" : [ \"CoregistrationRes\" ],\r\n  \"unit\" : [ \"test\" ],\r\n  \"operater\" : [ \"doperator\" ],\r\n  \"optime\" : [ \"1556680225\" ],\r\n  \"root\" : [ \"/data\" ],\r\n  \"metadata\" : [ \"PanoModelCalib.json\" ],\r\n  \"metadataEncry\" : [ \"RSA1.0\" ],\r\n  \"version\" : [ \"1\" ]\r\n}', '0', null, '2019-09-06 19:00:59');
INSERT INTO `sys_oper_log` VALUES ('391', '代码生成', '2', 'com.backstage.generator.controller.GenController.editSave()', 'POST', '1', 'admin', null, '/tool/gen/edit', '127.0.0.1', '内网IP', '{\r\n  \"tableId\" : [ \"7\" ],\r\n  \"tableName\" : [ \"t_road\" ],\r\n  \"tableComment\" : [ \"路网\" ],\r\n  \"className\" : [ \"TRoad\" ],\r\n  \"functionAuthor\" : [ \"jack.lin\" ],\r\n  \"remark\" : [ \"\" ],\r\n  \"columns[0].columnId\" : [ \"67\" ],\r\n  \"columns[0].sort\" : [ \"1\" ],\r\n  \"columns[0].columnComment\" : [ \"编号\" ],\r\n  \"columns[0].javaType\" : [ \"String\" ],\r\n  \"columns[0].javaField\" : [ \"id\" ],\r\n  \"columns[0].isInsert\" : [ \"1\" ],\r\n  \"columns[0].isList\" : [ \"1\" ],\r\n  \"columns[0].queryType\" : [ \"EQ\" ],\r\n  \"columns[0].htmlType\" : [ \"input\" ],\r\n  \"columns[0].dictType\" : [ \"\" ],\r\n  \"columns[1].columnId\" : [ \"68\" ],\r\n  \"columns[1].sort\" : [ \"2\" ],\r\n  \"columns[1].columnComment\" : [ \"名称\" ],\r\n  \"columns[1].javaType\" : [ \"String\" ],\r\n  \"columns[1].javaField\" : [ \"name\" ],\r\n  \"columns[1].isInsert\" : [ \"1\" ],\r\n  \"columns[1].isEdit\" : [ \"1\" ],\r\n  \"columns[1].isList\" : [ \"1\" ],\r\n  \"columns[1].isQuery\" : [ \"1\" ],\r\n  \"columns[1].queryType\" : [ \"LIKE\" ],\r\n  \"columns[1].htmlType\" : [ \"input\" ],\r\n  \"columns[1].dictType\" : [ \"\" ],\r\n  \"columns[2].columnId\" : [ \"69\" ],\r\n  \"columns[2].sort\" : [ \"3\" ],\r\n  \"columns[2].columnComment\" : [ \"路宽\" ],\r\n  \"columns[2].javaType\" : [ \"Double\" ],\r\n  \"columns[2].javaField\" : [ \"width\" ],\r\n  \"columns[2].isInsert\" : [ \"1\" ],\r\n  \"columns[2].isEdit\" : [ \"1\" ],\r\n  \"columns[2].isList\" : [ \"1\" ],\r\n  \"columns[2].isQuery\" : [ \"1\" ],\r\n  \"columns[2].queryType\" : [ \"EQ\" ],\r\n  \"columns[2].htmlType\" : [ \"input\" ],\r\n  \"columns[2].dictType\" : [ \"\" ],\r\n  \"columns[3].columnId\" : [ \"70\" ],\r\n  \"columns[3].sort\" : [ \"4\" ],\r\n  \"columns[3].columnComment\" : [ \"是否有效\" ],\r\n  \"columns[3].javaType\" : [ \"Integer\" ],\r\n  \"columns[3].javaField\" : [ \"isValid\" ],\r\n  \"columns[3].isInsert\" : [ \"1\" ],\r\n  \"columns[3].isEdit\" : [ \"1\" ],\r\n  \"columns[3].isList\" : [ \"1\" ],\r\n  \"columns[3].isQuery\" : [ \"1\" ],\r\n  \"columns[3].queryType\" : [ \"EQ\" ],\r\n  \"columns[3].htmlType\" : [ \"select\" ],\r\n  \"columns[3].dictType\" : [ \"gim_valid_status\" ],\r\n  \"tplCategory\" : [ \"crud\" ],\r\n  \"packageName\" : [ \"com.backstage.system\" ],\r\n  \"moduleName', '0', null, '2019-09-06 19:02:58');
INSERT INTO `sys_oper_log` VALUES ('392', '代码生成', '2', 'com.backstage.generator.controller.GenController.editSave()', 'POST', '1', 'admin', null, '/tool/gen/edit', '127.0.0.1', '内网IP', '{\r\n  \"tableId\" : [ \"7\" ],\r\n  \"tableName\" : [ \"t_road\" ],\r\n  \"tableComment\" : [ \"路线\" ],\r\n  \"className\" : [ \"TRoad\" ],\r\n  \"functionAuthor\" : [ \"jack.lin\" ],\r\n  \"remark\" : [ \"\" ],\r\n  \"columns[0].columnId\" : [ \"67\" ],\r\n  \"columns[0].sort\" : [ \"1\" ],\r\n  \"columns[0].columnComment\" : [ \"编号\" ],\r\n  \"columns[0].javaType\" : [ \"String\" ],\r\n  \"columns[0].javaField\" : [ \"id\" ],\r\n  \"columns[0].isInsert\" : [ \"1\" ],\r\n  \"columns[0].isList\" : [ \"1\" ],\r\n  \"columns[0].queryType\" : [ \"EQ\" ],\r\n  \"columns[0].htmlType\" : [ \"input\" ],\r\n  \"columns[0].dictType\" : [ \"\" ],\r\n  \"columns[1].columnId\" : [ \"68\" ],\r\n  \"columns[1].sort\" : [ \"2\" ],\r\n  \"columns[1].columnComment\" : [ \"名称\" ],\r\n  \"columns[1].javaType\" : [ \"String\" ],\r\n  \"columns[1].javaField\" : [ \"name\" ],\r\n  \"columns[1].isInsert\" : [ \"1\" ],\r\n  \"columns[1].isEdit\" : [ \"1\" ],\r\n  \"columns[1].isList\" : [ \"1\" ],\r\n  \"columns[1].isQuery\" : [ \"1\" ],\r\n  \"columns[1].queryType\" : [ \"LIKE\" ],\r\n  \"columns[1].htmlType\" : [ \"input\" ],\r\n  \"columns[1].dictType\" : [ \"\" ],\r\n  \"columns[2].columnId\" : [ \"69\" ],\r\n  \"columns[2].sort\" : [ \"3\" ],\r\n  \"columns[2].columnComment\" : [ \"路宽\" ],\r\n  \"columns[2].javaType\" : [ \"Double\" ],\r\n  \"columns[2].javaField\" : [ \"width\" ],\r\n  \"columns[2].isInsert\" : [ \"1\" ],\r\n  \"columns[2].isEdit\" : [ \"1\" ],\r\n  \"columns[2].isList\" : [ \"1\" ],\r\n  \"columns[2].isQuery\" : [ \"1\" ],\r\n  \"columns[2].queryType\" : [ \"EQ\" ],\r\n  \"columns[2].htmlType\" : [ \"input\" ],\r\n  \"columns[2].dictType\" : [ \"\" ],\r\n  \"columns[3].columnId\" : [ \"70\" ],\r\n  \"columns[3].sort\" : [ \"4\" ],\r\n  \"columns[3].columnComment\" : [ \"是否有效\" ],\r\n  \"columns[3].javaType\" : [ \"Integer\" ],\r\n  \"columns[3].javaField\" : [ \"isValid\" ],\r\n  \"columns[3].isInsert\" : [ \"1\" ],\r\n  \"columns[3].isEdit\" : [ \"1\" ],\r\n  \"columns[3].isList\" : [ \"1\" ],\r\n  \"columns[3].isQuery\" : [ \"1\" ],\r\n  \"columns[3].queryType\" : [ \"EQ\" ],\r\n  \"columns[3].htmlType\" : [ \"select\" ],\r\n  \"columns[3].dictType\" : [ \"gim_valid_status\" ],\r\n  \"tplCategory\" : [ \"crud\" ],\r\n  \"packageName\" : [ \"com.backstage.gim.basics\" ],\r\n  \"module', '0', null, '2019-09-06 19:03:39');
INSERT INTO `sys_oper_log` VALUES ('393', '代码生成', '2', 'com.backstage.generator.controller.GenController.editSave()', 'POST', '1', 'admin', null, '/tool/gen/edit', '127.0.0.1', '内网IP', '{\r\n  \"tableId\" : [ \"8\" ],\r\n  \"tableName\" : [ \"t_road_pos\" ],\r\n  \"tableComment\" : [ \"路线POS\" ],\r\n  \"className\" : [ \"TRoadPos\" ],\r\n  \"functionAuthor\" : [ \"jack.lin\" ],\r\n  \"remark\" : [ \"\" ],\r\n  \"columns[0].columnId\" : [ \"71\" ],\r\n  \"columns[0].sort\" : [ \"1\" ],\r\n  \"columns[0].columnComment\" : [ \"编号\" ],\r\n  \"columns[0].javaType\" : [ \"Long\" ],\r\n  \"columns[0].javaField\" : [ \"id\" ],\r\n  \"columns[0].isInsert\" : [ \"1\" ],\r\n  \"columns[0].isList\" : [ \"1\" ],\r\n  \"columns[0].queryType\" : [ \"EQ\" ],\r\n  \"columns[0].htmlType\" : [ \"input\" ],\r\n  \"columns[0].dictType\" : [ \"\" ],\r\n  \"columns[1].columnId\" : [ \"72\" ],\r\n  \"columns[1].sort\" : [ \"2\" ],\r\n  \"columns[1].columnComment\" : [ \"路现ID\" ],\r\n  \"columns[1].javaType\" : [ \"String\" ],\r\n  \"columns[1].javaField\" : [ \"roadId\" ],\r\n  \"columns[1].isInsert\" : [ \"1\" ],\r\n  \"columns[1].isEdit\" : [ \"1\" ],\r\n  \"columns[1].isList\" : [ \"1\" ],\r\n  \"columns[1].isQuery\" : [ \"1\" ],\r\n  \"columns[1].queryType\" : [ \"EQ\" ],\r\n  \"columns[1].htmlType\" : [ \"input\" ],\r\n  \"columns[1].dictType\" : [ \"\" ],\r\n  \"columns[2].columnId\" : [ \"73\" ],\r\n  \"columns[2].sort\" : [ \"3\" ],\r\n  \"columns[2].columnComment\" : [ \"经度\" ],\r\n  \"columns[2].javaType\" : [ \"Double\" ],\r\n  \"columns[2].javaField\" : [ \"lon\" ],\r\n  \"columns[2].isInsert\" : [ \"1\" ],\r\n  \"columns[2].isEdit\" : [ \"1\" ],\r\n  \"columns[2].isList\" : [ \"1\" ],\r\n  \"columns[2].isQuery\" : [ \"1\" ],\r\n  \"columns[2].queryType\" : [ \"EQ\" ],\r\n  \"columns[2].htmlType\" : [ \"input\" ],\r\n  \"columns[2].dictType\" : [ \"\" ],\r\n  \"columns[3].columnId\" : [ \"74\" ],\r\n  \"columns[3].sort\" : [ \"4\" ],\r\n  \"columns[3].columnComment\" : [ \"纬度\" ],\r\n  \"columns[3].javaType\" : [ \"Double\" ],\r\n  \"columns[3].javaField\" : [ \"lat\" ],\r\n  \"columns[3].isInsert\" : [ \"1\" ],\r\n  \"columns[3].isEdit\" : [ \"1\" ],\r\n  \"columns[3].isList\" : [ \"1\" ],\r\n  \"columns[3].isQuery\" : [ \"1\" ],\r\n  \"columns[3].queryType\" : [ \"EQ\" ],\r\n  \"columns[3].htmlType\" : [ \"input\" ],\r\n  \"columns[3].dictType\" : [ \"\" ],\r\n  \"columns[4].columnId\" : [ \"75\" ],\r\n  \"columns[4].sort\" : [ \"5\" ],\r\n  \"columns[4].columnComment\" : [ \"海拔\" ', '0', null, '2019-09-06 19:04:58');
INSERT INTO `sys_oper_log` VALUES ('394', '代码生成', '8', 'com.backstage.generator.controller.GenController.genCode()', 'GET', '1', 'admin', null, '/tool/gen/genCode/t_road', '127.0.0.1', '内网IP', '{ }', '0', null, '2019-09-06 19:05:02');
INSERT INTO `sys_oper_log` VALUES ('395', '代码生成', '8', 'com.backstage.generator.controller.GenController.genCode()', 'GET', '1', 'admin', null, '/tool/gen/genCode/t_road_pos', '127.0.0.1', '内网IP', '{ }', '0', null, '2019-09-06 19:05:09');
INSERT INTO `sys_oper_log` VALUES ('396', '菜单管理', '2', 'com.backstage.web.controller.system.SysMenuController.editSave()', 'POST', '1', 'admin', null, '/system/menu/edit', '127.0.0.1', '内网IP', '{\r\n  \"menuId\" : [ \"2017\" ],\r\n  \"parentId\" : [ \"2000\" ],\r\n  \"menuType\" : [ \"C\" ],\r\n  \"menuName\" : [ \"基础配置\" ],\r\n  \"url\" : [ \"/basics/config\" ],\r\n  \"target\" : [ \"menuItem\" ],\r\n  \"perms\" : [ \"basics:config:view\" ],\r\n  \"orderNum\" : [ \"2\" ],\r\n  \"icon\" : [ \"#\" ],\r\n  \"visible\" : [ \"0\" ]\r\n}', '0', null, '2019-09-06 19:09:43');
INSERT INTO `sys_oper_log` VALUES ('397', '菜单管理', '2', 'com.backstage.web.controller.system.SysMenuController.editSave()', 'POST', '1', 'admin', null, '/system/menu/edit', '127.0.0.1', '内网IP', '{\r\n  \"menuId\" : [ \"2022\" ],\r\n  \"parentId\" : [ \"2000\" ],\r\n  \"menuType\" : [ \"C\" ],\r\n  \"menuName\" : [ \"3DTiles模型\" ],\r\n  \"url\" : [ \"/basics/tmodel\" ],\r\n  \"target\" : [ \"menuItem\" ],\r\n  \"perms\" : [ \"basics:tmodel:view\" ],\r\n  \"orderNum\" : [ \"3\" ],\r\n  \"icon\" : [ \"#\" ],\r\n  \"visible\" : [ \"0\" ]\r\n}', '0', null, '2019-09-06 19:10:01');
INSERT INTO `sys_oper_log` VALUES ('398', '菜单管理', '2', 'com.backstage.web.controller.system.SysMenuController.editSave()', 'POST', '1', 'admin', null, '/system/menu/edit', '127.0.0.1', '内网IP', '{\r\n  \"menuId\" : [ \"2032\" ],\r\n  \"parentId\" : [ \"2000\" ],\r\n  \"menuType\" : [ \"C\" ],\r\n  \"menuName\" : [ \"街景\" ],\r\n  \"url\" : [ \"/basics/tstreet\" ],\r\n  \"target\" : [ \"menuItem\" ],\r\n  \"perms\" : [ \"basics:tstreet:view\" ],\r\n  \"orderNum\" : [ \"4\" ],\r\n  \"icon\" : [ \"#\" ],\r\n  \"visible\" : [ \"0\" ]\r\n}', '0', null, '2019-09-06 19:10:16');
INSERT INTO `sys_oper_log` VALUES ('399', '菜单管理', '2', 'com.backstage.web.controller.system.SysMenuController.editSave()', 'POST', '1', 'admin', null, '/system/menu/edit', '127.0.0.1', '内网IP', '{\r\n  \"menuId\" : [ \"2042\" ],\r\n  \"parentId\" : [ \"2000\" ],\r\n  \"menuType\" : [ \"C\" ],\r\n  \"menuName\" : [ \"模型街景配准\" ],\r\n  \"url\" : [ \"/basics/tcoregistration\" ],\r\n  \"target\" : [ \"menuItem\" ],\r\n  \"perms\" : [ \"basics:tcoregistration:view\" ],\r\n  \"orderNum\" : [ \"5\" ],\r\n  \"icon\" : [ \"#\" ],\r\n  \"visible\" : [ \"0\" ]\r\n}', '0', null, '2019-09-06 19:10:26');
INSERT INTO `sys_oper_log` VALUES ('400', '菜单管理', '2', 'com.backstage.web.controller.system.SysMenuController.editSave()', 'POST', '1', 'admin', null, '/system/menu/edit', '127.0.0.1', '内网IP', '{\r\n  \"menuId\" : [ \"2027\" ],\r\n  \"parentId\" : [ \"2000\" ],\r\n  \"menuType\" : [ \"C\" ],\r\n  \"menuName\" : [ \"外部服务\" ],\r\n  \"url\" : [ \"/basics/tprovider\" ],\r\n  \"target\" : [ \"menuItem\" ],\r\n  \"perms\" : [ \"basics:tprovider:view\" ],\r\n  \"orderNum\" : [ \"6\" ],\r\n  \"icon\" : [ \"#\" ],\r\n  \"visible\" : [ \"0\" ]\r\n}', '0', null, '2019-09-06 19:10:35');
INSERT INTO `sys_oper_log` VALUES ('401', '菜单管理', '2', 'com.backstage.web.controller.system.SysMenuController.editSave()', 'POST', '1', 'admin', null, '/system/menu/edit', '127.0.0.1', '内网IP', '{\r\n  \"menuId\" : [ \"2047\" ],\r\n  \"parentId\" : [ \"2000\" ],\r\n  \"menuType\" : [ \"C\" ],\r\n  \"menuName\" : [ \"路线\" ],\r\n  \"url\" : [ \"/basics/troad\" ],\r\n  \"target\" : [ \"menuItem\" ],\r\n  \"perms\" : [ \"basics:troad:view\" ],\r\n  \"orderNum\" : [ \"7\" ],\r\n  \"icon\" : [ \"#\" ],\r\n  \"visible\" : [ \"0\" ]\r\n}', '0', null, '2019-09-06 19:10:44');
INSERT INTO `sys_oper_log` VALUES ('402', '菜单管理', '2', 'com.backstage.web.controller.system.SysMenuController.editSave()', 'POST', '1', 'admin', null, '/system/menu/edit', '127.0.0.1', '内网IP', '{\r\n  \"menuId\" : [ \"2052\" ],\r\n  \"parentId\" : [ \"2000\" ],\r\n  \"menuType\" : [ \"C\" ],\r\n  \"menuName\" : [ \"路线POS\" ],\r\n  \"url\" : [ \"/basics/troadpos\" ],\r\n  \"target\" : [ \"menuItem\" ],\r\n  \"perms\" : [ \"basics:troadpos:view\" ],\r\n  \"orderNum\" : [ \"8\" ],\r\n  \"icon\" : [ \"#\" ],\r\n  \"visible\" : [ \"0\" ]\r\n}', '0', null, '2019-09-06 19:10:50');
INSERT INTO `sys_oper_log` VALUES ('403', '代码生成', '2', 'com.backstage.generator.controller.GenController.editSave()', 'POST', '1', 'admin', null, '/tool/gen/edit', '127.0.0.1', '内网IP', '{\r\n  \"tableId\" : [ \"8\" ],\r\n  \"tableName\" : [ \"t_road_pos\" ],\r\n  \"tableComment\" : [ \"路线POS\" ],\r\n  \"className\" : [ \"TRoadPos\" ],\r\n  \"functionAuthor\" : [ \"jack.lin\" ],\r\n  \"remark\" : [ \"\" ],\r\n  \"columns[0].columnId\" : [ \"71\" ],\r\n  \"columns[0].sort\" : [ \"1\" ],\r\n  \"columns[0].columnComment\" : [ \"编号\" ],\r\n  \"columns[0].javaType\" : [ \"Long\" ],\r\n  \"columns[0].javaField\" : [ \"id\" ],\r\n  \"columns[0].isInsert\" : [ \"1\" ],\r\n  \"columns[0].isList\" : [ \"1\" ],\r\n  \"columns[0].queryType\" : [ \"EQ\" ],\r\n  \"columns[0].htmlType\" : [ \"input\" ],\r\n  \"columns[0].dictType\" : [ \"\" ],\r\n  \"columns[1].columnId\" : [ \"72\" ],\r\n  \"columns[1].sort\" : [ \"2\" ],\r\n  \"columns[1].columnComment\" : [ \"路线ID\" ],\r\n  \"columns[1].javaType\" : [ \"String\" ],\r\n  \"columns[1].javaField\" : [ \"roadId\" ],\r\n  \"columns[1].isInsert\" : [ \"1\" ],\r\n  \"columns[1].isEdit\" : [ \"1\" ],\r\n  \"columns[1].isList\" : [ \"1\" ],\r\n  \"columns[1].isQuery\" : [ \"1\" ],\r\n  \"columns[1].queryType\" : [ \"EQ\" ],\r\n  \"columns[1].htmlType\" : [ \"input\" ],\r\n  \"columns[1].dictType\" : [ \"\" ],\r\n  \"columns[2].columnId\" : [ \"73\" ],\r\n  \"columns[2].sort\" : [ \"3\" ],\r\n  \"columns[2].columnComment\" : [ \"经度\" ],\r\n  \"columns[2].javaType\" : [ \"Double\" ],\r\n  \"columns[2].javaField\" : [ \"lon\" ],\r\n  \"columns[2].isInsert\" : [ \"1\" ],\r\n  \"columns[2].isEdit\" : [ \"1\" ],\r\n  \"columns[2].isList\" : [ \"1\" ],\r\n  \"columns[2].queryType\" : [ \"EQ\" ],\r\n  \"columns[2].htmlType\" : [ \"input\" ],\r\n  \"columns[2].dictType\" : [ \"\" ],\r\n  \"columns[3].columnId\" : [ \"74\" ],\r\n  \"columns[3].sort\" : [ \"4\" ],\r\n  \"columns[3].columnComment\" : [ \"纬度\" ],\r\n  \"columns[3].javaType\" : [ \"Double\" ],\r\n  \"columns[3].javaField\" : [ \"lat\" ],\r\n  \"columns[3].isInsert\" : [ \"1\" ],\r\n  \"columns[3].isEdit\" : [ \"1\" ],\r\n  \"columns[3].isList\" : [ \"1\" ],\r\n  \"columns[3].queryType\" : [ \"EQ\" ],\r\n  \"columns[3].htmlType\" : [ \"input\" ],\r\n  \"columns[3].dictType\" : [ \"\" ],\r\n  \"columns[4].columnId\" : [ \"75\" ],\r\n  \"columns[4].sort\" : [ \"5\" ],\r\n  \"columns[4].columnComment\" : [ \"海拔\" ],\r\n  \"columns[4].javaType\" : [ \"Double\" ],\r\n  \"columns[4].javaField\" ', '0', null, '2019-09-06 19:13:11');
INSERT INTO `sys_oper_log` VALUES ('404', '代码生成', '8', 'com.backstage.generator.controller.GenController.genCode()', 'GET', '1', 'admin', null, '/tool/gen/genCode/t_road_pos', '127.0.0.1', '内网IP', '{ }', '0', null, '2019-09-06 19:13:37');
INSERT INTO `sys_oper_log` VALUES ('405', '代码生成', '2', 'com.backstage.generator.controller.GenController.editSave()', 'POST', '1', 'admin', null, '/tool/gen/edit', '127.0.0.1', '内网IP', '{\r\n  \"tableId\" : [ \"7\" ],\r\n  \"tableName\" : [ \"t_road\" ],\r\n  \"tableComment\" : [ \"路线\" ],\r\n  \"className\" : [ \"TRoad\" ],\r\n  \"functionAuthor\" : [ \"jack.lin\" ],\r\n  \"remark\" : [ \"\" ],\r\n  \"columns[0].columnId\" : [ \"67\" ],\r\n  \"columns[0].sort\" : [ \"1\" ],\r\n  \"columns[0].columnComment\" : [ \"编号\" ],\r\n  \"columns[0].javaType\" : [ \"String\" ],\r\n  \"columns[0].javaField\" : [ \"id\" ],\r\n  \"columns[0].isInsert\" : [ \"1\" ],\r\n  \"columns[0].isList\" : [ \"1\" ],\r\n  \"columns[0].isQuery\" : [ \"1\" ],\r\n  \"columns[0].queryType\" : [ \"EQ\" ],\r\n  \"columns[0].htmlType\" : [ \"input\" ],\r\n  \"columns[0].dictType\" : [ \"\" ],\r\n  \"columns[1].columnId\" : [ \"68\" ],\r\n  \"columns[1].sort\" : [ \"2\" ],\r\n  \"columns[1].columnComment\" : [ \"名称\" ],\r\n  \"columns[1].javaType\" : [ \"String\" ],\r\n  \"columns[1].javaField\" : [ \"name\" ],\r\n  \"columns[1].isInsert\" : [ \"1\" ],\r\n  \"columns[1].isEdit\" : [ \"1\" ],\r\n  \"columns[1].isList\" : [ \"1\" ],\r\n  \"columns[1].isQuery\" : [ \"1\" ],\r\n  \"columns[1].queryType\" : [ \"LIKE\" ],\r\n  \"columns[1].htmlType\" : [ \"input\" ],\r\n  \"columns[1].dictType\" : [ \"\" ],\r\n  \"columns[2].columnId\" : [ \"69\" ],\r\n  \"columns[2].sort\" : [ \"3\" ],\r\n  \"columns[2].columnComment\" : [ \"路宽\" ],\r\n  \"columns[2].javaType\" : [ \"Double\" ],\r\n  \"columns[2].javaField\" : [ \"width\" ],\r\n  \"columns[2].isInsert\" : [ \"1\" ],\r\n  \"columns[2].isEdit\" : [ \"1\" ],\r\n  \"columns[2].isList\" : [ \"1\" ],\r\n  \"columns[2].isQuery\" : [ \"1\" ],\r\n  \"columns[2].queryType\" : [ \"EQ\" ],\r\n  \"columns[2].htmlType\" : [ \"input\" ],\r\n  \"columns[2].dictType\" : [ \"\" ],\r\n  \"columns[3].columnId\" : [ \"70\" ],\r\n  \"columns[3].sort\" : [ \"4\" ],\r\n  \"columns[3].columnComment\" : [ \"是否有效\" ],\r\n  \"columns[3].javaType\" : [ \"Integer\" ],\r\n  \"columns[3].javaField\" : [ \"isValid\" ],\r\n  \"columns[3].isInsert\" : [ \"1\" ],\r\n  \"columns[3].isEdit\" : [ \"1\" ],\r\n  \"columns[3].isList\" : [ \"1\" ],\r\n  \"columns[3].isQuery\" : [ \"1\" ],\r\n  \"columns[3].queryType\" : [ \"EQ\" ],\r\n  \"columns[3].htmlType\" : [ \"select\" ],\r\n  \"columns[3].dictType\" : [ \"gim_valid_status\" ],\r\n  \"tplCategory\" : [ \"crud\" ],\r\n  \"packageName\" : [ \"com.', '0', null, '2019-09-06 19:15:25');
INSERT INTO `sys_oper_log` VALUES ('406', '代码生成', '2', 'com.backstage.generator.controller.GenController.editSave()', 'POST', '1', 'admin', null, '/tool/gen/edit', '127.0.0.1', '内网IP', '{\r\n  \"tableId\" : [ \"8\" ],\r\n  \"tableName\" : [ \"t_road_pos\" ],\r\n  \"tableComment\" : [ \"路线POS\" ],\r\n  \"className\" : [ \"TRoadPos\" ],\r\n  \"functionAuthor\" : [ \"jack.lin\" ],\r\n  \"remark\" : [ \"\" ],\r\n  \"columns[0].columnId\" : [ \"71\" ],\r\n  \"columns[0].sort\" : [ \"1\" ],\r\n  \"columns[0].columnComment\" : [ \"编号\" ],\r\n  \"columns[0].javaType\" : [ \"Long\" ],\r\n  \"columns[0].javaField\" : [ \"id\" ],\r\n  \"columns[0].isInsert\" : [ \"1\" ],\r\n  \"columns[0].isList\" : [ \"1\" ],\r\n  \"columns[0].queryType\" : [ \"EQ\" ],\r\n  \"columns[0].htmlType\" : [ \"input\" ],\r\n  \"columns[0].dictType\" : [ \"\" ],\r\n  \"columns[1].columnId\" : [ \"72\" ],\r\n  \"columns[1].sort\" : [ \"2\" ],\r\n  \"columns[1].columnComment\" : [ \"路线编号\" ],\r\n  \"columns[1].javaType\" : [ \"String\" ],\r\n  \"columns[1].javaField\" : [ \"roadId\" ],\r\n  \"columns[1].isInsert\" : [ \"1\" ],\r\n  \"columns[1].isEdit\" : [ \"1\" ],\r\n  \"columns[1].isList\" : [ \"1\" ],\r\n  \"columns[1].isQuery\" : [ \"1\" ],\r\n  \"columns[1].queryType\" : [ \"EQ\" ],\r\n  \"columns[1].htmlType\" : [ \"input\" ],\r\n  \"columns[1].dictType\" : [ \"\" ],\r\n  \"columns[2].columnId\" : [ \"73\" ],\r\n  \"columns[2].sort\" : [ \"3\" ],\r\n  \"columns[2].columnComment\" : [ \"经度\" ],\r\n  \"columns[2].javaType\" : [ \"Double\" ],\r\n  \"columns[2].javaField\" : [ \"lon\" ],\r\n  \"columns[2].isInsert\" : [ \"1\" ],\r\n  \"columns[2].isEdit\" : [ \"1\" ],\r\n  \"columns[2].isList\" : [ \"1\" ],\r\n  \"columns[2].queryType\" : [ \"EQ\" ],\r\n  \"columns[2].htmlType\" : [ \"input\" ],\r\n  \"columns[2].dictType\" : [ \"\" ],\r\n  \"columns[3].columnId\" : [ \"74\" ],\r\n  \"columns[3].sort\" : [ \"4\" ],\r\n  \"columns[3].columnComment\" : [ \"纬度\" ],\r\n  \"columns[3].javaType\" : [ \"Double\" ],\r\n  \"columns[3].javaField\" : [ \"lat\" ],\r\n  \"columns[3].isInsert\" : [ \"1\" ],\r\n  \"columns[3].isEdit\" : [ \"1\" ],\r\n  \"columns[3].isList\" : [ \"1\" ],\r\n  \"columns[3].queryType\" : [ \"EQ\" ],\r\n  \"columns[3].htmlType\" : [ \"input\" ],\r\n  \"columns[3].dictType\" : [ \"\" ],\r\n  \"columns[4].columnId\" : [ \"75\" ],\r\n  \"columns[4].sort\" : [ \"5\" ],\r\n  \"columns[4].columnComment\" : [ \"海拔\" ],\r\n  \"columns[4].javaType\" : [ \"Double\" ],\r\n  \"columns[4].javaField\" ', '0', null, '2019-09-06 19:15:33');
INSERT INTO `sys_oper_log` VALUES ('407', '代码生成', '2', 'com.backstage.generator.controller.GenController.editSave()', 'POST', '1', 'admin', null, '/tool/gen/edit', '127.0.0.1', '内网IP', '{\r\n  \"tableId\" : [ \"4\" ],\r\n  \"tableName\" : [ \"t_coregistration\" ],\r\n  \"tableComment\" : [ \"模型街景配准\" ],\r\n  \"className\" : [ \"TCoregistration\" ],\r\n  \"functionAuthor\" : [ \"jack.lin\" ],\r\n  \"remark\" : [ \"\" ],\r\n  \"columns[0].columnId\" : [ \"37\" ],\r\n  \"columns[0].sort\" : [ \"1\" ],\r\n  \"columns[0].columnComment\" : [ \"配准编号\" ],\r\n  \"columns[0].javaType\" : [ \"String\" ],\r\n  \"columns[0].javaField\" : [ \"id\" ],\r\n  \"columns[0].isInsert\" : [ \"1\" ],\r\n  \"columns[0].queryType\" : [ \"EQ\" ],\r\n  \"columns[0].htmlType\" : [ \"input\" ],\r\n  \"columns[0].dictType\" : [ \"\" ],\r\n  \"columns[1].columnId\" : [ \"38\" ],\r\n  \"columns[1].sort\" : [ \"2\" ],\r\n  \"columns[1].columnComment\" : [ \"批次号\" ],\r\n  \"columns[1].javaType\" : [ \"String\" ],\r\n  \"columns[1].javaField\" : [ \"batchId\" ],\r\n  \"columns[1].isInsert\" : [ \"1\" ],\r\n  \"columns[1].isEdit\" : [ \"1\" ],\r\n  \"columns[1].isList\" : [ \"1\" ],\r\n  \"columns[1].isQuery\" : [ \"1\" ],\r\n  \"columns[1].queryType\" : [ \"EQ\" ],\r\n  \"columns[1].htmlType\" : [ \"input\" ],\r\n  \"columns[1].dictType\" : [ \"\" ],\r\n  \"columns[2].columnId\" : [ \"39\" ],\r\n  \"columns[2].sort\" : [ \"3\" ],\r\n  \"columns[2].columnComment\" : [ \"模型编号\" ],\r\n  \"columns[2].javaType\" : [ \"String\" ],\r\n  \"columns[2].javaField\" : [ \"modelId\" ],\r\n  \"columns[2].isInsert\" : [ \"1\" ],\r\n  \"columns[2].isEdit\" : [ \"1\" ],\r\n  \"columns[2].isList\" : [ \"1\" ],\r\n  \"columns[2].isQuery\" : [ \"1\" ],\r\n  \"columns[2].queryType\" : [ \"EQ\" ],\r\n  \"columns[2].htmlType\" : [ \"input\" ],\r\n  \"columns[2].dictType\" : [ \"\" ],\r\n  \"columns[3].columnId\" : [ \"40\" ],\r\n  \"columns[3].sort\" : [ \"4\" ],\r\n  \"columns[3].columnComment\" : [ \"全景编号\" ],\r\n  \"columns[3].javaType\" : [ \"String\" ],\r\n  \"columns[3].javaField\" : [ \"panoId\" ],\r\n  \"columns[3].isInsert\" : [ \"1\" ],\r\n  \"columns[3].isEdit\" : [ \"1\" ],\r\n  \"columns[3].isList\" : [ \"1\" ],\r\n  \"columns[3].isQuery\" : [ \"1\" ],\r\n  \"columns[3].queryType\" : [ \"EQ\" ],\r\n  \"columns[3].htmlType\" : [ \"input\" ],\r\n  \"columns[3].dictType\" : [ \"\" ],\r\n  \"columns[4].columnId\" : [ \"41\" ],\r\n  \"columns[4].sort\" : [ \"5\" ],\r\n  \"columns[4].columnComment\" : [ \"全景经度\" ],\r', '0', null, '2019-09-06 19:15:56');
INSERT INTO `sys_oper_log` VALUES ('408', '街景', '1', 'com.backstage.web.controller.gim.basics.controller.TStreetController.addSave()', 'POST', '1', 'admin', null, '/basics/tstreet/add', '127.0.0.1', '内网IP', '{\r\n  \"batchId\" : [ \"1\" ],\r\n  \"taskId\" : [ \"1\" ],\r\n  \"splitLevel\" : [ \"1\" ],\r\n  \"sceneType\" : [ \"1\" ],\r\n  \"panoType\" : [ \"0\" ],\r\n  \"lon\" : [ \"\" ],\r\n  \"lat\" : [ \"\" ],\r\n  \"alt\" : [ \"\" ],\r\n  \"pitch\" : [ \"\" ],\r\n  \"roll\" : [ \"\" ],\r\n  \"yaw\" : [ \"\" ],\r\n  \"time\" : [ \"\" ],\r\n  \"isValid\" : [ \"1\" ]\r\n}', '1', '\r\n### Error updating database.  Cause: java.sql.SQLException: Field \'id\' doesn\'t have a default value\r\n### The error may involve com.backstage.gim.basics.mapper.TStreetMapper.insertTStreet-Inline\r\n### The error occurred while setting parameters\r\n### SQL: insert into t_street          ( batch_id,             task_id,             split_level,             scene_type,             pano_type,                                                                                                        is_valid )           values ( ?,             ?,             ?,             ?,             ?,                                                                                                        ? )\r\n### Cause: java.sql.SQLException: Field \'id\' doesn\'t have a default value\n; Field \'id\' doesn\'t have a default value; nested exception is java.sql.SQLException: Field \'id\' doesn\'t have a default value', '2019-09-06 19:18:33');
INSERT INTO `sys_oper_log` VALUES ('409', '街景', '1', 'com.backstage.web.controller.gim.basics.controller.TStreetController.addSave()', 'POST', '1', 'admin', null, '/basics/tstreet/add', '127.0.0.1', '内网IP', '{\r\n  \"id\" : [ \"1\" ],\r\n  \"batchId\" : [ \"1\" ],\r\n  \"taskId\" : [ \"1\" ],\r\n  \"splitLevel\" : [ \"1\" ],\r\n  \"sceneType\" : [ \"1\" ],\r\n  \"panoType\" : [ \"0\" ],\r\n  \"lon\" : [ \"1\" ],\r\n  \"lat\" : [ \"1\" ],\r\n  \"alt\" : [ \"1\" ],\r\n  \"pitch\" : [ \"1\" ],\r\n  \"roll\" : [ \"1\" ],\r\n  \"yaw\" : [ \"1\" ],\r\n  \"time\" : [ \"1\" ],\r\n  \"isValid\" : [ \"1\" ]\r\n}', '0', null, '2019-09-06 19:21:06');
INSERT INTO `sys_oper_log` VALUES ('410', '街景', '3', 'com.backstage.web.controller.gim.basics.controller.TStreetController.remove()', 'POST', '1', 'admin', null, '/basics/tstreet/remove', '127.0.0.1', '内网IP', '{\r\n  \"ids\" : [ \"1\" ]\r\n}', '0', null, '2019-09-06 19:21:44');
INSERT INTO `sys_oper_log` VALUES ('411', '3DTiles模型', '1', 'com.backstage.web.controller.gim.basics.controller.TModelController.addSave()', 'POST', '1', 'admin', null, '/basics/tmodel/add', '127.0.0.1', '内网IP', '{\r\n  \"modelType\" : [ \"mono\" ],\r\n  \"batchId\" : [ \"1\" ],\r\n  \"name\" : [ \"1\" ],\r\n  \"lon\" : [ \"1\" ],\r\n  \"lat\" : [ \"1\" ],\r\n  \"path\" : [ \"1\" ],\r\n  \"lowerLon\" : [ \"0.0\" ],\r\n  \"lowerLat\" : [ \"0.0\" ],\r\n  \"upperLon\" : [ \"0.0\" ],\r\n  \"upperLat\" : [ \"0.0\" ],\r\n  \"shiftX\" : [ \"0.0\" ],\r\n  \"shiftY\" : [ \"0.0\" ],\r\n  \"shiftZ\" : [ \"0.0\" ],\r\n  \"rotationX\" : [ \"0.0\" ],\r\n  \"rotationY\" : [ \"0.0\" ],\r\n  \"rotationZ\" : [ \"0.0\" ],\r\n  \"scaleX\" : [ \"1.0\" ],\r\n  \"scaleY\" : [ \"1.0\" ],\r\n  \"scaleZ\" : [ \"1.0\" ],\r\n  \"isValid\" : [ \"1\" ]\r\n}', '0', null, '2019-09-06 19:22:16');
INSERT INTO `sys_oper_log` VALUES ('412', '3DTiles模型', '3', 'com.backstage.web.controller.gim.basics.controller.TModelController.remove()', 'POST', '1', 'admin', null, '/basics/tmodel/remove', '127.0.0.1', '内网IP', '{\r\n  \"ids\" : [ \"20190906192155679000\" ]\r\n}', '0', null, '2019-09-06 19:22:23');
INSERT INTO `sys_oper_log` VALUES ('413', '任务表', '1', 'com.backstage.web.controller.gim.basics.controller.TParameterController.addSave()', 'POST', '1', 'admin', null, '/basics/tparameter/add', '127.0.0.1', '内网IP', '{\r\n  \"rootId\" : [ \"1\" ],\r\n  \"batchId\" : [ \"1\" ],\r\n  \"dataType\" : [ \"StreetRes\" ],\r\n  \"unit\" : [ \"1\" ],\r\n  \"operater\" : [ \"1\" ],\r\n  \"optime\" : [ \"1\" ],\r\n  \"root\" : [ \"1\" ],\r\n  \"metadata\" : [ \"1\" ],\r\n  \"metadataEncry\" : [ \"1\" ],\r\n  \"version\" : [ \"1\" ]\r\n}', '0', null, '2019-09-06 19:22:36');
INSERT INTO `sys_oper_log` VALUES ('414', '任务表', '3', 'com.backstage.web.controller.gim.basics.controller.TParameterController.remove()', 'POST', '1', 'admin', null, '/basics/tparameter/remove', '127.0.0.1', '内网IP', '{\r\n  \"ids\" : [ \"15\" ]\r\n}', '0', null, '2019-09-06 19:22:39');
INSERT INTO `sys_oper_log` VALUES ('415', '模型街景配准', '1', 'com.backstage.web.controller.gim.basics.controller.TCoregistrationController.addSave()', 'POST', '1', 'admin', null, '/basics/tcoregistration/add', '127.0.0.1', '内网IP', '{\r\n  \"batchId\" : [ \"1\" ],\r\n  \"modelId\" : [ \"1\" ],\r\n  \"panoId\" : [ \"1\" ],\r\n  \"calibL\" : [ \"\" ],\r\n  \"calibB\" : [ \"\" ],\r\n  \"calibH\" : [ \"\" ],\r\n  \"modelY\" : [ \"\" ],\r\n  \"modelP\" : [ \"\" ],\r\n  \"modelR\" : [ \"\" ],\r\n  \"panoDepth\" : [ \"\" ],\r\n  \"score\" : [ \"\" ],\r\n  \"isValid\" : [ \"1\" ]\r\n}', '1', '\r\n### Error updating database.  Cause: java.sql.SQLException: Field \'id\' doesn\'t have a default value\r\n### The error may involve com.backstage.gim.basics.mapper.TCoregistrationMapper.insertTCoregistration-Inline\r\n### The error occurred while setting parameters\r\n### SQL: insert into t_coregistration          ( batch_id,             model_id,             pano_id,                                                                                                                     is_valid )           values ( ?,             ?,             ?,                                                                                                                     ? )\r\n### Cause: java.sql.SQLException: Field \'id\' doesn\'t have a default value\n; Field \'id\' doesn\'t have a default value; nested exception is java.sql.SQLException: Field \'id\' doesn\'t have a default value', '2019-09-06 19:22:46');
INSERT INTO `sys_oper_log` VALUES ('416', '外部服务', '1', 'com.backstage.web.controller.gim.basics.controller.TProviderController.addSave()', 'POST', '1', 'admin', null, '/basics/tprovider/add', '127.0.0.1', '内网IP', '{\r\n  \"type\" : [ \"OpenStreepMap\" ],\r\n  \"name\" : [ \"1\" ],\r\n  \"url\" : [ \"\" ],\r\n  \"field\" : [ \"\" ],\r\n  \"isValid\" : [ \"1\" ]\r\n}', '1', '\r\n### Error updating database.  Cause: java.sql.SQLException: Field \'id\' doesn\'t have a default value\r\n### The error may involve com.backstage.gim.basics.mapper.TProviderMapper.insertTProvider-Inline\r\n### The error occurred while setting parameters\r\n### SQL: insert into t_provider          ( type,             name,                                       is_valid )           values ( ?,             ?,                                       ? )\r\n### Cause: java.sql.SQLException: Field \'id\' doesn\'t have a default value\n; Field \'id\' doesn\'t have a default value; nested exception is java.sql.SQLException: Field \'id\' doesn\'t have a default value', '2019-09-06 19:23:04');
INSERT INTO `sys_oper_log` VALUES ('417', '模型街景配准', '1', 'com.backstage.web.controller.gim.basics.controller.TCoregistrationController.addSave()', 'POST', '1', 'admin', null, '/basics/tcoregistration/add', '127.0.0.1', '内网IP', '{\r\n  \"batchId\" : [ \"1\" ],\r\n  \"modelId\" : [ \"\" ],\r\n  \"panoId\" : [ \"\" ],\r\n  \"calibL\" : [ \"\" ],\r\n  \"calibB\" : [ \"\" ],\r\n  \"calibH\" : [ \"\" ],\r\n  \"modelY\" : [ \"\" ],\r\n  \"modelP\" : [ \"\" ],\r\n  \"modelR\" : [ \"\" ],\r\n  \"panoDepth\" : [ \"\" ],\r\n  \"score\" : [ \"\" ],\r\n  \"isValid\" : [ \"1\" ]\r\n}', '1', '\r\n### Error updating database.  Cause: java.sql.SQLException: Field \'id\' doesn\'t have a default value\r\n### The error may involve com.backstage.gim.basics.mapper.TCoregistrationMapper.insertTCoregistration-Inline\r\n### The error occurred while setting parameters\r\n### SQL: insert into t_coregistration          ( batch_id,                                                                                                                                               is_valid )           values ( ?,                                                                                                                                               ? )\r\n### Cause: java.sql.SQLException: Field \'id\' doesn\'t have a default value\n; Field \'id\' doesn\'t have a default value; nested exception is java.sql.SQLException: Field \'id\' doesn\'t have a default value', '2019-09-06 19:23:14');
INSERT INTO `sys_oper_log` VALUES ('418', '模型街景配准', '1', 'com.backstage.web.controller.gim.basics.controller.TCoregistrationController.addSave()', 'POST', '1', 'admin', null, '/basics/tcoregistration/add', '127.0.0.1', '内网IP', '{\r\n  \"batchId\" : [ \"1\" ],\r\n  \"modelId\" : [ \"1\" ],\r\n  \"panoId\" : [ \"\" ],\r\n  \"calibL\" : [ \"\" ],\r\n  \"calibB\" : [ \"\" ],\r\n  \"calibH\" : [ \"\" ],\r\n  \"modelY\" : [ \"\" ],\r\n  \"modelP\" : [ \"\" ],\r\n  \"modelR\" : [ \"\" ],\r\n  \"panoDepth\" : [ \"\" ],\r\n  \"score\" : [ \"\" ],\r\n  \"isValid\" : [ \"1\" ]\r\n}', '0', null, '2019-09-06 19:25:07');
INSERT INTO `sys_oper_log` VALUES ('419', '模型街景配准', '1', 'com.backstage.web.controller.gim.basics.controller.TCoregistrationController.addSave()', 'POST', '1', 'admin', null, '/basics/tcoregistration/add', '127.0.0.1', '内网IP', '{\r\n  \"batchId\" : [ \"1\" ],\r\n  \"modelId\" : [ \"1\" ],\r\n  \"panoId\" : [ \"1\" ],\r\n  \"calibL\" : [ \"1\" ],\r\n  \"calibB\" : [ \"1\" ],\r\n  \"calibH\" : [ \"1\" ],\r\n  \"modelY\" : [ \"1\" ],\r\n  \"modelP\" : [ \"1\" ],\r\n  \"modelR\" : [ \"1\" ],\r\n  \"panoDepth\" : [ \"1\" ],\r\n  \"score\" : [ \"1\" ],\r\n  \"isValid\" : [ \"2\" ]\r\n}', '0', null, '2019-09-06 19:26:43');
INSERT INTO `sys_oper_log` VALUES ('420', '模型街景配准', '1', 'com.backstage.web.controller.gim.basics.controller.TCoregistrationController.addSave()', 'POST', '1', 'admin', null, '/basics/tcoregistration/add', '127.0.0.1', '内网IP', '{\r\n  \"batchId\" : [ \"1\" ],\r\n  \"modelId\" : [ \"1\" ],\r\n  \"panoId\" : [ \"1\" ],\r\n  \"calibL\" : [ \"1\" ],\r\n  \"calibB\" : [ \"1\" ],\r\n  \"calibH\" : [ \"\" ],\r\n  \"modelY\" : [ \"\" ],\r\n  \"modelP\" : [ \"\" ],\r\n  \"modelR\" : [ \"\" ],\r\n  \"panoDepth\" : [ \"\" ],\r\n  \"score\" : [ \"\" ],\r\n  \"isValid\" : [ \"1\" ]\r\n}', '0', null, '2019-09-06 19:28:08');
INSERT INTO `sys_oper_log` VALUES ('421', '模型街景配准', '2', 'com.backstage.web.controller.gim.basics.controller.TCoregistrationController.editSave()', 'POST', '1', 'admin', null, '/basics/tcoregistration/edit', '127.0.0.1', '内网IP', '{\r\n  \"id\" : [ \"20190906192747422000\" ],\r\n  \"batchId\" : [ \"1\" ],\r\n  \"modelId\" : [ \"1\" ],\r\n  \"panoId\" : [ \"1\" ],\r\n  \"calibL\" : [ \"1.0\" ],\r\n  \"calibB\" : [ \"1.0\" ],\r\n  \"calibH\" : [ \"0.0\" ],\r\n  \"modelY\" : [ \"0.0\" ],\r\n  \"modelP\" : [ \"0.0\" ],\r\n  \"modelR\" : [ \"0.0\" ],\r\n  \"panoDepth\" : [ \"\" ],\r\n  \"score\" : [ \"0.0\" ],\r\n  \"isValid\" : [ \"1\" ]\r\n}', '0', null, '2019-09-06 19:28:15');
INSERT INTO `sys_oper_log` VALUES ('422', '模型街景配准', '3', 'com.backstage.web.controller.gim.basics.controller.TCoregistrationController.remove()', 'POST', '1', 'admin', null, '/basics/tcoregistration/remove', '127.0.0.1', '内网IP', '{\r\n  \"ids\" : [ \"20190906192747422000\" ]\r\n}', '0', null, '2019-09-06 19:28:17');
INSERT INTO `sys_oper_log` VALUES ('423', '街景', '1', 'com.backstage.web.controller.gim.basics.controller.TStreetController.addSave()', 'POST', '1', 'admin', null, '/basics/tstreet/add', '127.0.0.1', '内网IP', '{\r\n  \"id\" : [ \"1\" ],\r\n  \"batchId\" : [ \"1\" ],\r\n  \"taskId\" : [ \"1\" ],\r\n  \"splitLevel\" : [ \"1\" ],\r\n  \"sceneType\" : [ \"1\" ],\r\n  \"panoType\" : [ \"0\" ],\r\n  \"lon\" : [ \"\" ],\r\n  \"lat\" : [ \"\" ],\r\n  \"alt\" : [ \"\" ],\r\n  \"pitch\" : [ \"\" ],\r\n  \"roll\" : [ \"\" ],\r\n  \"yaw\" : [ \"\" ],\r\n  \"time\" : [ \"\" ],\r\n  \"isValid\" : [ \"1\" ]\r\n}', '0', null, '2019-09-06 19:28:22');
INSERT INTO `sys_oper_log` VALUES ('424', '街景', '3', 'com.backstage.web.controller.gim.basics.controller.TStreetController.remove()', 'POST', '1', 'admin', null, '/basics/tstreet/remove', '127.0.0.1', '内网IP', '{\r\n  \"ids\" : [ \"1\" ]\r\n}', '0', null, '2019-09-06 19:28:24');
INSERT INTO `sys_oper_log` VALUES ('425', '外部服务', '1', 'com.backstage.web.controller.gim.basics.controller.TProviderController.addSave()', 'POST', '1', 'admin', null, '/basics/tprovider/add', '127.0.0.1', '内网IP', '{\r\n  \"type\" : [ \"OpenStreepMap\" ],\r\n  \"name\" : [ \"1\" ],\r\n  \"url\" : [ \"1\" ],\r\n  \"field\" : [ \"1\" ],\r\n  \"isValid\" : [ \"1\" ]\r\n}', '0', null, '2019-09-06 19:28:30');
INSERT INTO `sys_oper_log` VALUES ('426', '外部服务', '3', 'com.backstage.web.controller.gim.basics.controller.TProviderController.remove()', 'POST', '1', 'admin', null, '/basics/tprovider/remove', '127.0.0.1', '内网IP', '{\r\n  \"ids\" : [ \"20190906192809048001\" ]\r\n}', '0', null, '2019-09-06 19:28:32');
INSERT INTO `sys_oper_log` VALUES ('427', '路线', '1', 'com.backstage.web.controller.gim.basics.controller.TRoadController.addSave()', 'POST', '1', 'admin', null, '/basics/troad/add', '127.0.0.1', '内网IP', '{\r\n  \"name\" : [ \"2\" ],\r\n  \"width\" : [ \"2\" ],\r\n  \"isValid\" : [ \"1\" ]\r\n}', '1', '\r\n### Error updating database.  Cause: java.sql.SQLException: Field \'id\' doesn\'t have a default value\r\n### The error may involve com.backstage.gim.basics.mapper.TRoadMapper.insertTRoad-Inline\r\n### The error occurred while setting parameters\r\n### SQL: insert into t_road          ( name,             width,             is_valid )           values ( ?,             ?,             ? )\r\n### Cause: java.sql.SQLException: Field \'id\' doesn\'t have a default value\n; Field \'id\' doesn\'t have a default value; nested exception is java.sql.SQLException: Field \'id\' doesn\'t have a default value', '2019-09-06 19:28:38');
INSERT INTO `sys_oper_log` VALUES ('428', '路线', '1', 'com.backstage.web.controller.gim.basics.controller.TRoadController.addSave()', 'POST', '1', 'admin', null, '/basics/troad/add', '127.0.0.1', '内网IP', '{\r\n  \"name\" : [ \"1\" ],\r\n  \"width\" : [ \"1\" ],\r\n  \"isValid\" : [ \"1\" ]\r\n}', '0', null, '2019-09-06 19:29:31');
INSERT INTO `sys_oper_log` VALUES ('429', '路线', '3', 'com.backstage.web.controller.gim.basics.controller.TRoadController.remove()', 'POST', '1', 'admin', null, '/basics/troad/remove', '127.0.0.1', '内网IP', '{\r\n  \"ids\" : [ \"20190906192910557000\" ]\r\n}', '0', null, '2019-09-06 19:29:44');
INSERT INTO `sys_oper_log` VALUES ('430', '路线POS', '1', 'com.backstage.web.controller.gim.basics.controller.TRoadPosController.addSave()', 'POST', '1', 'admin', null, '/basics/troadpos/add', '127.0.0.1', '内网IP', '{\r\n  \"roadId\" : [ \"1\" ],\r\n  \"lon\" : [ \"1\" ],\r\n  \"lat\" : [ \"1\" ],\r\n  \"alt\" : [ \"1\" ],\r\n  \"sort\" : [ \"1\" ]\r\n}', '0', null, '2019-09-06 19:31:19');
INSERT INTO `sys_oper_log` VALUES ('431', '路线POS', '3', 'com.backstage.web.controller.gim.basics.controller.TRoadPosController.remove()', 'POST', '1', 'admin', null, '/basics/troadpos/remove', '127.0.0.1', '内网IP', '{\r\n  \"ids\" : [ \"803\" ]\r\n}', '0', null, '2019-09-06 19:31:26');
INSERT INTO `sys_oper_log` VALUES ('432', '基础配置', '2', 'com.backstage.web.controller.gim.basics.controller.TConfigController.editSave()', 'POST', '1', 'admin', '研发部门', '/basics/config/edit', '192.168.0.148', '内网IP', '{\n  \"id\" : [ \"101006001\" ],\n  \"pid\" : [ \"101006\" ],\n  \"parentName\" : [ \"CORE\" ],\n  \"code\" : [ \"domain\" ],\n  \"type\" : [ \"string\" ],\n  \"value\" : [ \"/core\" ],\n  \"sort\" : [ \"\" ],\n  \"desc\" : [ \"后台服务domain\" ],\n  \"isuse\" : [ \"2\" ]\n}', '0', null, '2019-09-09 12:20:07');
INSERT INTO `sys_oper_log` VALUES ('433', 'POI GeoJson导入', '6', 'com.backstage.web.controller.gim.business.controller.DObjectController.importGeoJSONData()', 'POST', '1', 'admin', '研发部门', '/business/dobject/importGeoJSONData', '192.168.0.148', '内网IP', '{\n  \"updateSupport\" : [ \"true\" ]\n}', '0', null, '2019-09-09 14:20:01');
INSERT INTO `sys_oper_log` VALUES ('434', '菜单管理', '1', 'com.backstage.web.controller.system.SysMenuController.addSave()', 'POST', '1', 'admin', null, '/system/menu/add', '127.0.0.1', '内网IP', '{\r\n  \"parentId\" : [ \"0\" ],\r\n  \"menuType\" : [ \"M\" ],\r\n  \"menuName\" : [ \"后台能力项\" ],\r\n  \"url\" : [ \"\" ],\r\n  \"target\" : [ \"menuItem\" ],\r\n  \"perms\" : [ \"\" ],\r\n  \"orderNum\" : [ \"1\" ],\r\n  \"icon\" : [ \"\" ],\r\n  \"visible\" : [ \"0\" ]\r\n}', '0', null, '2019-09-09 18:00:23');
INSERT INTO `sys_oper_log` VALUES ('435', '菜单管理', '3', 'com.backstage.web.controller.system.SysMenuController.remove()', 'GET', '1', 'admin', null, '/system/menu/remove/2059', '127.0.0.1', '内网IP', '{ }', '0', null, '2019-09-09 18:01:05');
INSERT INTO `sys_oper_log` VALUES ('436', '菜单管理', '2', 'com.backstage.web.controller.system.SysMenuController.editSave()', 'POST', '1', 'admin', null, '/system/menu/edit', '127.0.0.1', '内网IP', '{\r\n  \"menuId\" : [ \"1\" ],\r\n  \"parentId\" : [ \"0\" ],\r\n  \"menuType\" : [ \"M\" ],\r\n  \"menuName\" : [ \"后台能力项\" ],\r\n  \"url\" : [ \"#\" ],\r\n  \"target\" : [ \"menuItem\" ],\r\n  \"perms\" : [ \"\" ],\r\n  \"orderNum\" : [ \"0\" ],\r\n  \"icon\" : [ \"fa fa-gear\" ],\r\n  \"visible\" : [ \"0\" ]\r\n}', '0', null, '2019-09-09 18:01:10');
INSERT INTO `sys_oper_log` VALUES ('437', '菜单管理', '1', 'com.backstage.web.controller.system.SysMenuController.addSave()', 'POST', '1', 'admin', null, '/system/menu/add', '127.0.0.1', '内网IP', '{\r\n  \"parentId\" : [ \"0\" ],\r\n  \"menuType\" : [ \"M\" ],\r\n  \"menuName\" : [ \"后台服务\" ],\r\n  \"url\" : [ \"\" ],\r\n  \"target\" : [ \"menuItem\" ],\r\n  \"perms\" : [ \"\" ],\r\n  \"orderNum\" : [ \"2\" ],\r\n  \"icon\" : [ \"\" ],\r\n  \"visible\" : [ \"0\" ]\r\n}', '0', null, '2019-09-09 18:01:59');
INSERT INTO `sys_oper_log` VALUES ('438', '菜单管理', '2', 'com.backstage.web.controller.system.SysMenuController.editSave()', 'POST', '1', 'admin', null, '/system/menu/edit', '127.0.0.1', '内网IP', '{\r\n  \"menuId\" : [ \"2060\" ],\r\n  \"parentId\" : [ \"0\" ],\r\n  \"menuType\" : [ \"M\" ],\r\n  \"menuName\" : [ \"后台服务\" ],\r\n  \"url\" : [ \"#\" ],\r\n  \"target\" : [ \"menuItem\" ],\r\n  \"perms\" : [ \"\" ],\r\n  \"orderNum\" : [ \"1\" ],\r\n  \"icon\" : [ \"#\" ],\r\n  \"visible\" : [ \"0\" ]\r\n}', '0', null, '2019-09-09 18:02:06');
INSERT INTO `sys_oper_log` VALUES ('439', '菜单管理', '2', 'com.backstage.web.controller.system.SysMenuController.editSave()', 'POST', '1', 'admin', null, '/system/menu/edit', '127.0.0.1', '内网IP', '{\r\n  \"menuId\" : [ \"1\" ],\r\n  \"parentId\" : [ \"0\" ],\r\n  \"menuType\" : [ \"M\" ],\r\n  \"menuName\" : [ \"系统管理\" ],\r\n  \"url\" : [ \"#\" ],\r\n  \"target\" : [ \"menuItem\" ],\r\n  \"perms\" : [ \"\" ],\r\n  \"orderNum\" : [ \"0\" ],\r\n  \"icon\" : [ \"fa fa-gear\" ],\r\n  \"visible\" : [ \"0\" ]\r\n}', '0', null, '2019-09-09 18:02:36');
INSERT INTO `sys_oper_log` VALUES ('440', '菜单管理', '2', 'com.backstage.web.controller.system.SysMenuController.editSave()', 'POST', '1', 'admin', null, '/system/menu/edit', '127.0.0.1', '内网IP', '{\r\n  \"menuId\" : [ \"1\" ],\r\n  \"parentId\" : [ \"0\" ],\r\n  \"menuType\" : [ \"M\" ],\r\n  \"menuName\" : [ \"系统管理\" ],\r\n  \"url\" : [ \"#\" ],\r\n  \"target\" : [ \"menuItem\" ],\r\n  \"perms\" : [ \"\" ],\r\n  \"orderNum\" : [ \"999\" ],\r\n  \"icon\" : [ \"fa fa-gear\" ],\r\n  \"visible\" : [ \"0\" ]\r\n}', '0', null, '2019-09-09 18:02:42');
INSERT INTO `sys_oper_log` VALUES ('441', '菜单管理', '2', 'com.backstage.web.controller.system.SysMenuController.editSave()', 'POST', '1', 'admin', null, '/system/menu/edit', '127.0.0.1', '内网IP', '{\r\n  \"menuId\" : [ \"2057\" ],\r\n  \"parentId\" : [ \"0\" ],\r\n  \"menuType\" : [ \"M\" ],\r\n  \"menuName\" : [ \"服务数据\" ],\r\n  \"url\" : [ \"#\" ],\r\n  \"target\" : [ \"menuItem\" ],\r\n  \"perms\" : [ \"\" ],\r\n  \"orderNum\" : [ \"993\" ],\r\n  \"icon\" : [ \"fa fa-cab\" ],\r\n  \"visible\" : [ \"0\" ]\r\n}', '0', null, '2019-09-09 18:02:53');
INSERT INTO `sys_oper_log` VALUES ('442', '菜单管理', '1', 'com.backstage.web.controller.system.SysMenuController.addSave()', 'POST', '1', 'admin', null, '/system/menu/add', '127.0.0.1', '内网IP', '{\r\n  \"parentId\" : [ \"0\" ],\r\n  \"menuType\" : [ \"M\" ],\r\n  \"menuName\" : [ \"后台能力项\" ],\r\n  \"url\" : [ \"\" ],\r\n  \"target\" : [ \"menuItem\" ],\r\n  \"perms\" : [ \"\" ],\r\n  \"orderNum\" : [ \"2\" ],\r\n  \"icon\" : [ \"\" ],\r\n  \"visible\" : [ \"0\" ]\r\n}', '0', null, '2019-09-09 18:03:12');
INSERT INTO `sys_oper_log` VALUES ('443', '菜单管理', '1', 'com.backstage.web.controller.system.SysMenuController.addSave()', 'POST', '1', 'admin', null, '/system/menu/add', '127.0.0.1', '内网IP', '{\r\n  \"parentId\" : [ \"0\" ],\r\n  \"menuType\" : [ \"M\" ],\r\n  \"menuName\" : [ \"数据库\" ],\r\n  \"url\" : [ \"\" ],\r\n  \"target\" : [ \"menuItem\" ],\r\n  \"perms\" : [ \"\" ],\r\n  \"orderNum\" : [ \"3\" ],\r\n  \"icon\" : [ \"\" ],\r\n  \"visible\" : [ \"0\" ]\r\n}', '0', null, '2019-09-09 18:03:28');
INSERT INTO `sys_oper_log` VALUES ('444', '用户管理', '2', 'com.backstage.web.controller.system.SysUserController.editSave()', 'POST', '1', 'admin', null, '/system/user/edit', '127.0.0.1', '内网IP', '{\r\n  \"userId\" : [ \"1\" ],\r\n  \"deptId\" : [ \"103\" ],\r\n  \"userName\" : [ \"超级管理员\" ],\r\n  \"dept.deptName\" : [ \"研发部门\" ],\r\n  \"phonenumber\" : [ \"15888888888\" ],\r\n  \"email\" : [ \"jack.lin@163.com\" ],\r\n  \"loginName\" : [ \"sadmin\" ],\r\n  \"sex\" : [ \"1\" ],\r\n  \"role\" : [ \"1\" ],\r\n  \"remark\" : [ \"管理员\" ],\r\n  \"status\" : [ \"0\" ],\r\n  \"roleIds\" : [ \"1\" ],\r\n  \"postIds\" : [ \"1\" ]\r\n}', '0', null, '2019-09-09 18:04:46');
INSERT INTO `sys_oper_log` VALUES ('445', '用户管理', '2', 'com.backstage.web.controller.system.SysUserController.editSave()', 'POST', '1', 'admin', null, '/system/user/edit', '127.0.0.1', '内网IP', '{\r\n  \"userId\" : [ \"3\" ],\r\n  \"deptId\" : [ \"103\" ],\r\n  \"userName\" : [ \"管理员\" ],\r\n  \"dept.deptName\" : [ \"研发部门\" ],\r\n  \"phonenumber\" : [ \"15888888888\" ],\r\n  \"email\" : [ \"jack.lin1@163.com\" ],\r\n  \"loginName\" : [ \"admin\" ],\r\n  \"sex\" : [ \"1\" ],\r\n  \"remark\" : [ \"管理员\" ],\r\n  \"status\" : [ \"0\" ],\r\n  \"roleIds\" : [ \"\" ],\r\n  \"postIds\" : [ \"\" ]\r\n}', '1', 'nested exception is org.apache.ibatis.exceptions.TooManyResultsException: Expected one result (or null) to be returned by selectOne(), but found: 2', '2019-09-09 18:06:17');
INSERT INTO `sys_oper_log` VALUES ('446', '用户管理', '2', 'com.backstage.web.controller.system.SysUserController.editSave()', 'POST', '1', 'admin', null, '/system/user/edit', '127.0.0.1', '内网IP', '{\r\n  \"userId\" : [ \"3\" ],\r\n  \"deptId\" : [ \"103\" ],\r\n  \"userName\" : [ \"管理员\" ],\r\n  \"dept.deptName\" : [ \"研发部门\" ],\r\n  \"phonenumber\" : [ \"15888888887\" ],\r\n  \"email\" : [ \"jack.lin1@163.com\" ],\r\n  \"loginName\" : [ \"admin\" ],\r\n  \"sex\" : [ \"1\" ],\r\n  \"remark\" : [ \"管理员\" ],\r\n  \"status\" : [ \"0\" ],\r\n  \"roleIds\" : [ \"\" ],\r\n  \"postIds\" : [ \"\" ]\r\n}', '0', null, '2019-09-09 18:06:54');
INSERT INTO `sys_oper_log` VALUES ('447', '用户管理', '3', 'com.backstage.web.controller.system.SysUserController.remove()', 'POST', '1', 'admin', '研发部门', '/system/user/remove', '127.0.0.1', '内网IP', '{\r\n  \"ids\" : [ \"3\" ]\r\n}', '0', null, '2019-09-09 18:14:35');
INSERT INTO `sys_oper_log` VALUES ('448', '用户管理', '1', 'com.backstage.web.controller.system.SysUserController.addSave()', 'POST', '1', 'admin', '研发部门', '/system/user/add', '127.0.0.1', '内网IP', '{\r\n  \"deptId\" : [ \"103\" ],\r\n  \"userName\" : [ \"管理员\" ],\r\n  \"deptName\" : [ \"研发部门\" ],\r\n  \"phonenumber\" : [ \"13888888888\" ],\r\n  \"email\" : [ \"13888888888@163.com\" ],\r\n  \"loginName\" : [ \"xadmin\" ],\r\n  \"password\" : [ \"admin\" ],\r\n  \"sex\" : [ \"0\" ],\r\n  \"role\" : [ \"1\" ],\r\n  \"remark\" : [ \"\" ],\r\n  \"status\" : [ \"0\" ],\r\n  \"roleIds\" : [ \"1\" ],\r\n  \"postIds\" : [ \"1\" ]\r\n}', '0', null, '2019-09-09 18:16:20');
INSERT INTO `sys_oper_log` VALUES ('449', '用户管理', '2', 'com.backstage.web.controller.system.SysUserController.editSave()', 'POST', '1', 'admin', '研发部门', '/system/user/edit', '127.0.0.1', '内网IP', '{\r\n  \"userId\" : [ \"100\" ],\r\n  \"deptId\" : [ \"103\" ],\r\n  \"userName\" : [ \"超级管理员\" ],\r\n  \"dept.deptName\" : [ \"研发部门\" ],\r\n  \"phonenumber\" : [ \"13888888888\" ],\r\n  \"email\" : [ \"13888888888@163.com\" ],\r\n  \"loginName\" : [ \"xadmin\" ],\r\n  \"sex\" : [ \"0\" ],\r\n  \"role\" : [ \"1\" ],\r\n  \"remark\" : [ \"\" ],\r\n  \"status\" : [ \"0\" ],\r\n  \"roleIds\" : [ \"1\" ],\r\n  \"postIds\" : [ \"1\" ]\r\n}', '0', null, '2019-09-09 18:20:29');
INSERT INTO `sys_oper_log` VALUES ('450', '角色管理', '2', 'com.backstage.web.controller.system.SysRoleController.authDataScopeSave()', 'POST', '1', 'admin', '研发部门', '/system/role/authDataScope', '127.0.0.1', '内网IP', '{\r\n  \"roleId\" : [ \"1\" ],\r\n  \"roleName\" : [ \"超级管理员\" ],\r\n  \"roleKey\" : [ \"admin\" ],\r\n  \"dataScope\" : [ \"1\" ],\r\n  \"deptIds\" : [ \"\" ]\r\n}', '0', null, '2019-09-09 18:21:14');
INSERT INTO `sys_oper_log` VALUES ('451', '用户管理', '2', 'com.backstage.web.controller.system.SysUserController.editSave()', 'POST', '1', 'admin', '研发部门', '/system/user/edit', '192.168.0.148', '内网IP', '{\n  \"userId\" : [ \"100\" ],\n  \"deptId\" : [ \"103\" ],\n  \"userName\" : [ \"超级管理员\" ],\n  \"dept.deptName\" : [ \"研发部门\" ],\n  \"phonenumber\" : [ \"13888888888\" ],\n  \"email\" : [ \"13888888888@163.com\" ],\n  \"loginName\" : [ \"xadmin\" ],\n  \"sex\" : [ \"0\" ],\n  \"role\" : [ \"1\" ],\n  \"remark\" : [ \"\" ],\n  \"status\" : [ \"0\" ],\n  \"roleIds\" : [ \"1\" ],\n  \"postIds\" : [ \"1\" ]\n}', '0', null, '2019-09-09 18:21:40');
INSERT INTO `sys_oper_log` VALUES ('452', '角色管理', '4', 'com.backstage.web.controller.system.SysRoleController.cancelAuthUser()', 'POST', '1', 'admin', '研发部门', '/system/role/authUser/cancel', '192.168.0.148', '内网IP', '{\n  \"roleId\" : [ \"1\" ],\n  \"userId\" : [ \"100\" ]\n}', '0', null, '2019-09-09 18:22:33');
INSERT INTO `sys_oper_log` VALUES ('453', '角色管理', '4', 'com.backstage.web.controller.system.SysRoleController.selectAuthUserAll()', 'POST', '1', 'admin', '研发部门', '/system/role/authUser/selectAll', '192.168.0.148', '内网IP', '{\n  \"roleId\" : [ \"1\" ],\n  \"userIds\" : [ \"100\" ]\n}', '0', null, '2019-09-09 18:22:37');
INSERT INTO `sys_oper_log` VALUES ('454', '用户管理', '2', 'com.backstage.web.controller.system.SysUserController.editSave()', 'POST', '1', 'admin', '研发部门', '/system/user/edit', '127.0.0.1', '内网IP', '{\r\n  \"userId\" : [ \"100\" ],\r\n  \"deptId\" : [ \"103\" ],\r\n  \"userName\" : [ \"超级管理员\" ],\r\n  \"dept.deptName\" : [ \"研发部门\" ],\r\n  \"phonenumber\" : [ \"13888888888\" ],\r\n  \"email\" : [ \"13888888888@163.com\" ],\r\n  \"loginName\" : [ \"xadmin\" ],\r\n  \"sex\" : [ \"0\" ],\r\n  \"role\" : [ \"1\" ],\r\n  \"remark\" : [ \"\" ],\r\n  \"status\" : [ \"0\" ],\r\n  \"roleIds\" : [ \"1\" ],\r\n  \"postIds\" : [ \"1\" ]\r\n}', '0', null, '2019-09-09 18:23:06');
INSERT INTO `sys_oper_log` VALUES ('455', '角色管理', '2', 'com.backstage.web.controller.system.SysRoleController.authDataScopeSave()', 'POST', '1', 'admin', '研发部门', '/system/role/authDataScope', '127.0.0.1', '内网IP', '{\r\n  \"roleId\" : [ \"1\" ],\r\n  \"roleName\" : [ \"超级管理员\" ],\r\n  \"roleKey\" : [ \"admin\" ],\r\n  \"dataScope\" : [ \"2\" ],\r\n  \"deptIds\" : [ \"100,101,103,104,105,106,107,102,108,109\" ]\r\n}', '0', null, '2019-09-09 18:23:18');
INSERT INTO `sys_oper_log` VALUES ('456', '角色管理', '2', 'com.backstage.web.controller.system.SysRoleController.authDataScopeSave()', 'POST', '1', 'admin', '研发部门', '/system/role/authDataScope', '127.0.0.1', '内网IP', '{\r\n  \"roleId\" : [ \"1\" ],\r\n  \"roleName\" : [ \"超级管理员\" ],\r\n  \"roleKey\" : [ \"admin\" ],\r\n  \"dataScope\" : [ \"2\" ],\r\n  \"deptIds\" : [ \"\" ]\r\n}', '0', null, '2019-09-09 18:23:30');
INSERT INTO `sys_oper_log` VALUES ('457', '用户管理', '2', 'com.backstage.web.controller.system.SysUserController.editSave()', 'POST', '1', 'admin', '研发部门', '/system/user/edit', '127.0.0.1', '内网IP', '{\r\n  \"userId\" : [ \"100\" ],\r\n  \"deptId\" : [ \"103\" ],\r\n  \"userName\" : [ \"超级管理员\" ],\r\n  \"dept.deptName\" : [ \"研发部门\" ],\r\n  \"phonenumber\" : [ \"13888888888\" ],\r\n  \"email\" : [ \"13888888888@163.com\" ],\r\n  \"loginName\" : [ \"xadmin\" ],\r\n  \"sex\" : [ \"0\" ],\r\n  \"role\" : [ \"1\" ],\r\n  \"remark\" : [ \"\" ],\r\n  \"status\" : [ \"0\" ],\r\n  \"roleIds\" : [ \"1\" ],\r\n  \"postIds\" : [ \"1\" ]\r\n}', '0', null, '2019-09-09 18:24:30');
INSERT INTO `sys_oper_log` VALUES ('458', '角色管理', '2', 'com.backstage.web.controller.system.SysRoleController.editSave()', 'POST', '1', 'admin', '研发部门', '/system/role/edit', '127.0.0.1', '内网IP', '{\r\n  \"roleId\" : [ \"1\" ],\r\n  \"roleName\" : [ \"超级管理员\" ],\r\n  \"roleKey\" : [ \"admin\" ],\r\n  \"roleSort\" : [ \"1\" ],\r\n  \"status\" : [ \"0\" ],\r\n  \"remark\" : [ \"管理员\" ],\r\n  \"menuIds\" : [ \"2000,2037,2038,2039,2040,2041,2017,2018,2019,2020,2021,2022,2023,2024,2025,2026,2032,2033,2034,2035,2036,2042,2043,2044,2045,2046,2027,2028,2029,2030,2031,2047,2048,2049,2050,2051,2052,2053,2054,2055,2056\" ]\r\n}', '0', null, '2019-09-09 18:24:59');
INSERT INTO `sys_oper_log` VALUES ('459', '角色管理', '2', 'com.backstage.web.controller.system.SysRoleController.editSave()', 'POST', '1', 'admin', '研发部门', '/system/role/edit', '127.0.0.1', '内网IP', '{\r\n  \"roleId\" : [ \"1\" ],\r\n  \"roleName\" : [ \"超级管理员\" ],\r\n  \"roleKey\" : [ \"admin\" ],\r\n  \"roleSort\" : [ \"1\" ],\r\n  \"status\" : [ \"0\" ],\r\n  \"remark\" : [ \"管理员\" ],\r\n  \"menuIds\" : [ \"\" ]\r\n}', '0', null, '2019-09-09 18:25:23');
INSERT INTO `sys_oper_log` VALUES ('460', '角色管理', '2', 'com.backstage.web.controller.system.SysRoleController.authDataScopeSave()', 'POST', '1', 'admin', '研发部门', '/system/role/authDataScope', '127.0.0.1', '内网IP', '{\r\n  \"roleId\" : [ \"1\" ],\r\n  \"roleName\" : [ \"超级管理员\" ],\r\n  \"roleKey\" : [ \"admin\" ],\r\n  \"dataScope\" : [ \"1\" ],\r\n  \"deptIds\" : [ \"\" ]\r\n}', '0', null, '2019-09-09 18:25:33');
INSERT INTO `sys_oper_log` VALUES ('461', '角色管理', '1', 'com.backstage.web.controller.system.SysRoleController.addSave()', 'POST', '1', 'admin', '研发部门', '/system/role/add', '127.0.0.1', '内网IP', '{\r\n  \"roleName\" : [ \"普通管理员\" ],\r\n  \"roleKey\" : [ \"general\" ],\r\n  \"roleSort\" : [ \"2\" ],\r\n  \"status\" : [ \"0\" ],\r\n  \"remark\" : [ \"普通管理员\" ],\r\n  \"menuIds\" : [ \"\" ]\r\n}', '0', null, '2019-09-09 18:26:48');
INSERT INTO `sys_oper_log` VALUES ('462', '角色管理', '2', 'com.backstage.web.controller.system.SysRoleController.editSave()', 'POST', '1', 'admin', '研发部门', '/system/role/edit', '127.0.0.1', '内网IP', '{\r\n  \"roleId\" : [ \"100\" ],\r\n  \"roleName\" : [ \"普通管理员\" ],\r\n  \"roleKey\" : [ \"general\" ],\r\n  \"roleSort\" : [ \"3\" ],\r\n  \"status\" : [ \"0\" ],\r\n  \"remark\" : [ \"普通管理员\" ],\r\n  \"menuIds\" : [ \"\" ]\r\n}', '0', null, '2019-09-09 18:26:57');
INSERT INTO `sys_oper_log` VALUES ('463', '角色管理', '2', 'com.backstage.web.controller.system.SysRoleController.editSave()', 'POST', '1', 'admin', '研发部门', '/system/role/edit', '127.0.0.1', '内网IP', '{\r\n  \"roleId\" : [ \"100\" ],\r\n  \"roleName\" : [ \"全站管理员\" ],\r\n  \"roleKey\" : [ \"general\" ],\r\n  \"roleSort\" : [ \"3\" ],\r\n  \"status\" : [ \"0\" ],\r\n  \"remark\" : [ \"全站管理员\" ],\r\n  \"menuIds\" : [ \"\" ]\r\n}', '0', null, '2019-09-09 18:27:35');
INSERT INTO `sys_oper_log` VALUES ('464', '角色管理', '2', 'com.backstage.web.controller.system.SysRoleController.editSave()', 'POST', '1', 'admin', '研发部门', '/system/role/edit', '127.0.0.1', '内网IP', '{\r\n  \"roleId\" : [ \"100\" ],\r\n  \"roleName\" : [ \"普通管理员\" ],\r\n  \"roleKey\" : [ \"general\" ],\r\n  \"roleSort\" : [ \"3\" ],\r\n  \"status\" : [ \"0\" ],\r\n  \"remark\" : [ \"普通管理员\" ],\r\n  \"menuIds\" : [ \"2060,2061,2062\" ]\r\n}', '0', null, '2019-09-09 18:27:54');
INSERT INTO `sys_oper_log` VALUES ('465', '角色管理', '4', 'com.backstage.web.controller.system.SysRoleController.selectAuthUserAll()', 'POST', '1', 'admin', '研发部门', '/system/role/authUser/selectAll', '127.0.0.1', '内网IP', '{\r\n  \"roleId\" : [ \"100\" ],\r\n  \"userIds\" : [ \"100\" ]\r\n}', '0', null, '2019-09-09 18:28:06');
INSERT INTO `sys_oper_log` VALUES ('466', '角色管理', '2', 'com.backstage.web.controller.system.SysRoleController.authDataScopeSave()', 'POST', '1', 'admin', '研发部门', '/system/role/authDataScope', '127.0.0.1', '内网IP', '{\r\n  \"roleId\" : [ \"100\" ],\r\n  \"roleName\" : [ \"普通管理员\" ],\r\n  \"roleKey\" : [ \"general\" ],\r\n  \"dataScope\" : [ \"1\" ],\r\n  \"deptIds\" : [ \"\" ]\r\n}', '0', null, '2019-09-09 18:28:22');
INSERT INTO `sys_oper_log` VALUES ('467', '重置密码', '2', 'com.backstage.web.controller.system.SysProfileController.resetPwd()', 'POST', '1', 'admin', '研发部门', '/system/user/profile/resetPwd', '127.0.0.1', '内网IP', '{\r\n  \"oldPassword\" : [ \"admin123\" ],\r\n  \"newPassword\" : [ \"!QAZ2wsx\" ],\r\n  \"confirmPassword\" : [ \"!QAZ2wsx\" ]\r\n}', '0', null, '2019-09-09 18:30:57');
INSERT INTO `sys_oper_log` VALUES ('468', '重置密码', '2', 'com.backstage.web.controller.system.SysUserController.resetPwd()', 'GET', '1', 'admin', '研发部门', '/system/user/resetPwd/100', '127.0.0.1', '内网IP', '{ }', '0', null, '2019-09-09 18:31:43');
INSERT INTO `sys_oper_log` VALUES ('469', '重置密码', '2', 'com.backstage.web.controller.system.SysUserController.resetPwdSave()', 'POST', '1', 'admin', '研发部门', '/system/user/resetPwd', '127.0.0.1', '内网IP', '{\r\n  \"userId\" : [ \"100\" ],\r\n  \"loginName\" : [ \"xadmin\" ],\r\n  \"password\" : [ \"123456\" ]\r\n}', '0', null, '2019-09-09 18:31:48');
INSERT INTO `sys_oper_log` VALUES ('470', '用户管理', '2', 'com.backstage.web.controller.system.SysUserController.editSave()', 'POST', '1', 'admin', '研发部门', '/system/user/edit', '127.0.0.1', '内网IP', '{\r\n  \"userId\" : [ \"100\" ],\r\n  \"deptId\" : [ \"103\" ],\r\n  \"userName\" : [ \"普通管理员\" ],\r\n  \"dept.deptName\" : [ \"研发部门\" ],\r\n  \"phonenumber\" : [ \"13888888888\" ],\r\n  \"email\" : [ \"13888888888@163.com\" ],\r\n  \"loginName\" : [ \"xadmin\" ],\r\n  \"sex\" : [ \"0\" ],\r\n  \"role\" : [ \"1\", \"100\" ],\r\n  \"remark\" : [ \"\" ],\r\n  \"status\" : [ \"0\" ],\r\n  \"roleIds\" : [ \"1,100\" ],\r\n  \"postIds\" : [ \"1\" ]\r\n}', '0', null, '2019-09-09 18:32:19');
INSERT INTO `sys_oper_log` VALUES ('471', '用户管理', '2', 'com.backstage.web.controller.system.SysUserController.editSave()', 'POST', '1', 'admin', '研发部门', '/system/user/edit', '127.0.0.1', '内网IP', '{\r\n  \"userId\" : [ \"100\" ],\r\n  \"deptId\" : [ \"103\" ],\r\n  \"userName\" : [ \"管理员\" ],\r\n  \"dept.deptName\" : [ \"研发部门\" ],\r\n  \"phonenumber\" : [ \"13888888888\" ],\r\n  \"email\" : [ \"13888888888@163.com\" ],\r\n  \"loginName\" : [ \"xadmin\" ],\r\n  \"sex\" : [ \"0\" ],\r\n  \"role\" : [ \"1\", \"100\" ],\r\n  \"remark\" : [ \"\" ],\r\n  \"status\" : [ \"0\" ],\r\n  \"roleIds\" : [ \"1,100\" ],\r\n  \"postIds\" : [ \"1\" ]\r\n}', '0', null, '2019-09-09 18:32:28');
INSERT INTO `sys_oper_log` VALUES ('472', '菜单管理', '1', 'com.backstage.web.controller.system.SysMenuController.addSave()', 'POST', '1', 'admin', '研发部门', '/system/menu/add', '127.0.0.1', '内网IP', '{\r\n  \"parentId\" : [ \"2060\" ],\r\n  \"menuType\" : [ \"C\" ],\r\n  \"menuName\" : [ \"基础地理数据服务\" ],\r\n  \"url\" : [ \"/error\" ],\r\n  \"target\" : [ \"menuItem\" ],\r\n  \"perms\" : [ \"\" ],\r\n  \"orderNum\" : [ \"1\" ],\r\n  \"icon\" : [ \"\" ],\r\n  \"visible\" : [ \"0\" ]\r\n}', '0', null, '2019-09-09 18:33:58');
INSERT INTO `sys_oper_log` VALUES ('473', '角色管理', '2', 'com.backstage.web.controller.system.SysRoleController.editSave()', 'POST', '1', 'admin', '研发部门', '/system/role/edit', '127.0.0.1', '内网IP', '{\r\n  \"roleId\" : [ \"100\" ],\r\n  \"roleName\" : [ \"普通管理员\" ],\r\n  \"roleKey\" : [ \"general\" ],\r\n  \"roleSort\" : [ \"3\" ],\r\n  \"status\" : [ \"0\" ],\r\n  \"remark\" : [ \"普通管理员\" ],\r\n  \"menuIds\" : [ \"2060,2063,2061,2062\" ]\r\n}', '0', null, '2019-09-09 18:34:31');
INSERT INTO `sys_oper_log` VALUES ('474', '菜单管理', '1', 'com.backstage.web.controller.system.SysMenuController.addSave()', 'POST', '1', 'admin', null, '/system/menu/add', '127.0.0.1', '内网IP', '{\r\n  \"parentId\" : [ \"2063\" ],\r\n  \"menuType\" : [ \"C\" ],\r\n  \"menuName\" : [ \"业务数据服务\" ],\r\n  \"url\" : [ \"/error\" ],\r\n  \"target\" : [ \"menuItem\" ],\r\n  \"perms\" : [ \"\" ],\r\n  \"orderNum\" : [ \"2\" ],\r\n  \"icon\" : [ \"\" ],\r\n  \"visible\" : [ \"0\" ]\r\n}', '0', null, '2019-09-09 18:36:07');
INSERT INTO `sys_oper_log` VALUES ('475', '菜单管理', '2', 'com.backstage.web.controller.system.SysMenuController.editSave()', 'POST', '1', 'admin', null, '/system/menu/edit', '127.0.0.1', '内网IP', '{\r\n  \"menuId\" : [ \"2064\" ],\r\n  \"parentId\" : [ \"2060\" ],\r\n  \"menuType\" : [ \"C\" ],\r\n  \"menuName\" : [ \"业务数据服务\" ],\r\n  \"url\" : [ \"/error\" ],\r\n  \"target\" : [ \"menuItem\" ],\r\n  \"perms\" : [ \"\" ],\r\n  \"orderNum\" : [ \"2\" ],\r\n  \"icon\" : [ \"#\" ],\r\n  \"visible\" : [ \"0\" ]\r\n}', '0', null, '2019-09-09 18:36:18');
INSERT INTO `sys_oper_log` VALUES ('476', '菜单管理', '1', 'com.backstage.web.controller.system.SysMenuController.addSave()', 'POST', '1', 'admin', null, '/system/menu/add', '127.0.0.1', '内网IP', '{\r\n  \"parentId\" : [ \"2060\" ],\r\n  \"menuType\" : [ \"C\" ],\r\n  \"menuName\" : [ \"网关鉴权服务\" ],\r\n  \"url\" : [ \"/error\" ],\r\n  \"target\" : [ \"menuItem\" ],\r\n  \"perms\" : [ \"\" ],\r\n  \"orderNum\" : [ \"3\" ],\r\n  \"icon\" : [ \"\" ],\r\n  \"visible\" : [ \"0\" ]\r\n}', '0', null, '2019-09-09 18:36:42');
INSERT INTO `sys_oper_log` VALUES ('477', '菜单管理', '1', 'com.backstage.web.controller.system.SysMenuController.addSave()', 'POST', '1', 'admin', null, '/system/menu/add', '127.0.0.1', '内网IP', '{\r\n  \"parentId\" : [ \"2060\" ],\r\n  \"menuType\" : [ \"C\" ],\r\n  \"menuName\" : [ \"安全服务\" ],\r\n  \"url\" : [ \"/error\" ],\r\n  \"target\" : [ \"menuItem\" ],\r\n  \"perms\" : [ \"\" ],\r\n  \"orderNum\" : [ \"4\" ],\r\n  \"icon\" : [ \"\" ],\r\n  \"visible\" : [ \"0\" ]\r\n}', '0', null, '2019-09-09 18:37:07');
INSERT INTO `sys_oper_log` VALUES ('478', '菜单管理', '1', 'com.backstage.web.controller.system.SysMenuController.addSave()', 'POST', '1', 'admin', '研发部门', '/system/menu/add', '127.0.0.1', '内网IP', '{\r\n  \"parentId\" : [ \"2060\" ],\r\n  \"menuType\" : [ \"C\" ],\r\n  \"menuName\" : [ \"日志服务\" ],\r\n  \"url\" : [ \"/error\" ],\r\n  \"target\" : [ \"menuItem\" ],\r\n  \"perms\" : [ \"\" ],\r\n  \"orderNum\" : [ \"5\" ],\r\n  \"icon\" : [ \"\" ],\r\n  \"visible\" : [ \"0\" ]\r\n}', '0', null, '2019-09-09 18:41:14');

-- ----------------------------
-- Table structure for sys_post
-- ----------------------------
DROP TABLE IF EXISTS `sys_post`;
CREATE TABLE `sys_post` (
  `post_id` bigint(20) NOT NULL AUTO_INCREMENT COMMENT '岗位ID',
  `post_code` varchar(64) NOT NULL COMMENT '岗位编码',
  `post_name` varchar(50) NOT NULL COMMENT '岗位名称',
  `post_sort` int(4) NOT NULL COMMENT '显示顺序',
  `status` char(1) NOT NULL COMMENT '状态（0正常 1停用）',
  `create_by` varchar(64) DEFAULT '' COMMENT '创建者',
  `create_time` datetime DEFAULT NULL COMMENT '创建时间',
  `update_by` varchar(64) DEFAULT '' COMMENT '更新者',
  `update_time` datetime DEFAULT NULL COMMENT '更新时间',
  `remark` varchar(500) DEFAULT NULL COMMENT '备注',
  PRIMARY KEY (`post_id`)
) ENGINE=InnoDB AUTO_INCREMENT=5 DEFAULT CHARSET=utf8 COMMENT='岗位信息表';

-- ----------------------------
-- Records of sys_post
-- ----------------------------
INSERT INTO `sys_post` VALUES ('1', 'ceo', '董事长', '1', '0', 'admin', '2018-03-16 11:33:00', 'ry', '2018-03-16 11:33:00', '');
INSERT INTO `sys_post` VALUES ('2', 'se', '项目经理', '2', '0', 'admin', '2018-03-16 11:33:00', 'ry', '2018-03-16 11:33:00', '');
INSERT INTO `sys_post` VALUES ('3', 'hr', '人力资源', '3', '0', 'admin', '2018-03-16 11:33:00', 'ry', '2018-03-16 11:33:00', '');
INSERT INTO `sys_post` VALUES ('4', 'user', '普通员工', '4', '0', 'admin', '2018-03-16 11:33:00', 'ry', '2018-03-16 11:33:00', '');

-- ----------------------------
-- Table structure for sys_role
-- ----------------------------
DROP TABLE IF EXISTS `sys_role`;
CREATE TABLE `sys_role` (
  `role_id` bigint(20) NOT NULL AUTO_INCREMENT COMMENT '角色ID',
  `role_name` varchar(30) NOT NULL COMMENT '角色名称',
  `role_key` varchar(100) NOT NULL COMMENT '角色权限字符串',
  `role_sort` int(4) NOT NULL COMMENT '显示顺序',
  `data_scope` char(1) DEFAULT '1' COMMENT '数据范围（1：全部数据权限 2：自定数据权限 3：本部门数据权限 4：本部门及以下数据权限）',
  `status` char(1) NOT NULL COMMENT '角色状态（0正常 1停用）',
  `del_flag` char(1) DEFAULT '0' COMMENT '删除标志（0代表存在 2代表删除）',
  `create_by` varchar(64) DEFAULT '' COMMENT '创建者',
  `create_time` datetime DEFAULT NULL COMMENT '创建时间',
  `update_by` varchar(64) DEFAULT '' COMMENT '更新者',
  `update_time` datetime DEFAULT NULL COMMENT '更新时间',
  `remark` varchar(500) DEFAULT NULL COMMENT '备注',
  PRIMARY KEY (`role_id`)
) ENGINE=InnoDB AUTO_INCREMENT=101 DEFAULT CHARSET=utf8 COMMENT='角色信息表';

-- ----------------------------
-- Records of sys_role
-- ----------------------------
INSERT INTO `sys_role` VALUES ('1', '超级管理员', 'admin', '1', '1', '0', '0', 'admin', '2018-03-16 11:33:00', 'admin', '2019-09-09 18:25:33', '管理员');
INSERT INTO `sys_role` VALUES ('2', '普通角色', 'common', '2', '2', '0', '0', 'admin', '2018-03-16 11:33:00', 'ry', '2018-03-16 11:33:00', '普通角色');
INSERT INTO `sys_role` VALUES ('100', '普通管理员', 'general', '3', '1', '0', '0', 'admin', '2019-09-09 18:26:48', 'admin', '2019-09-09 18:34:31', '普通管理员');

-- ----------------------------
-- Table structure for sys_role_dept
-- ----------------------------
DROP TABLE IF EXISTS `sys_role_dept`;
CREATE TABLE `sys_role_dept` (
  `role_id` bigint(20) NOT NULL COMMENT '角色ID',
  `dept_id` bigint(20) NOT NULL COMMENT '部门ID',
  PRIMARY KEY (`role_id`,`dept_id`)
) ENGINE=InnoDB DEFAULT CHARSET=utf8 COMMENT='角色和部门关联表';

-- ----------------------------
-- Records of sys_role_dept
-- ----------------------------
INSERT INTO `sys_role_dept` VALUES ('2', '100');
INSERT INTO `sys_role_dept` VALUES ('2', '101');
INSERT INTO `sys_role_dept` VALUES ('2', '105');

-- ----------------------------
-- Table structure for sys_role_menu
-- ----------------------------
DROP TABLE IF EXISTS `sys_role_menu`;
CREATE TABLE `sys_role_menu` (
  `role_id` bigint(20) NOT NULL COMMENT '角色ID',
  `menu_id` bigint(20) NOT NULL COMMENT '菜单ID',
  PRIMARY KEY (`role_id`,`menu_id`)
) ENGINE=InnoDB DEFAULT CHARSET=utf8 COMMENT='角色和菜单关联表';

-- ----------------------------
-- Records of sys_role_menu
-- ----------------------------
INSERT INTO `sys_role_menu` VALUES ('2', '1');
INSERT INTO `sys_role_menu` VALUES ('2', '2');
INSERT INTO `sys_role_menu` VALUES ('2', '3');
INSERT INTO `sys_role_menu` VALUES ('2', '100');
INSERT INTO `sys_role_menu` VALUES ('2', '101');
INSERT INTO `sys_role_menu` VALUES ('2', '102');
INSERT INTO `sys_role_menu` VALUES ('2', '103');
INSERT INTO `sys_role_menu` VALUES ('2', '104');
INSERT INTO `sys_role_menu` VALUES ('2', '105');
INSERT INTO `sys_role_menu` VALUES ('2', '106');
INSERT INTO `sys_role_menu` VALUES ('2', '107');
INSERT INTO `sys_role_menu` VALUES ('2', '108');
INSERT INTO `sys_role_menu` VALUES ('2', '109');
INSERT INTO `sys_role_menu` VALUES ('2', '110');
INSERT INTO `sys_role_menu` VALUES ('2', '111');
INSERT INTO `sys_role_menu` VALUES ('2', '112');
INSERT INTO `sys_role_menu` VALUES ('2', '113');
INSERT INTO `sys_role_menu` VALUES ('2', '114');
INSERT INTO `sys_role_menu` VALUES ('2', '115');
INSERT INTO `sys_role_menu` VALUES ('2', '500');
INSERT INTO `sys_role_menu` VALUES ('2', '501');
INSERT INTO `sys_role_menu` VALUES ('2', '1000');
INSERT INTO `sys_role_menu` VALUES ('2', '1001');
INSERT INTO `sys_role_menu` VALUES ('2', '1002');
INSERT INTO `sys_role_menu` VALUES ('2', '1003');
INSERT INTO `sys_role_menu` VALUES ('2', '1004');
INSERT INTO `sys_role_menu` VALUES ('2', '1005');
INSERT INTO `sys_role_menu` VALUES ('2', '1006');
INSERT INTO `sys_role_menu` VALUES ('2', '1007');
INSERT INTO `sys_role_menu` VALUES ('2', '1008');
INSERT INTO `sys_role_menu` VALUES ('2', '1009');
INSERT INTO `sys_role_menu` VALUES ('2', '1010');
INSERT INTO `sys_role_menu` VALUES ('2', '1011');
INSERT INTO `sys_role_menu` VALUES ('2', '1012');
INSERT INTO `sys_role_menu` VALUES ('2', '1013');
INSERT INTO `sys_role_menu` VALUES ('2', '1014');
INSERT INTO `sys_role_menu` VALUES ('2', '1015');
INSERT INTO `sys_role_menu` VALUES ('2', '1016');
INSERT INTO `sys_role_menu` VALUES ('2', '1017');
INSERT INTO `sys_role_menu` VALUES ('2', '1018');
INSERT INTO `sys_role_menu` VALUES ('2', '1019');
INSERT INTO `sys_role_menu` VALUES ('2', '1020');
INSERT INTO `sys_role_menu` VALUES ('2', '1021');
INSERT INTO `sys_role_menu` VALUES ('2', '1022');
INSERT INTO `sys_role_menu` VALUES ('2', '1023');
INSERT INTO `sys_role_menu` VALUES ('2', '1024');
INSERT INTO `sys_role_menu` VALUES ('2', '1025');
INSERT INTO `sys_role_menu` VALUES ('2', '1026');
INSERT INTO `sys_role_menu` VALUES ('2', '1027');
INSERT INTO `sys_role_menu` VALUES ('2', '1028');
INSERT INTO `sys_role_menu` VALUES ('2', '1029');
INSERT INTO `sys_role_menu` VALUES ('2', '1030');
INSERT INTO `sys_role_menu` VALUES ('2', '1031');
INSERT INTO `sys_role_menu` VALUES ('2', '1032');
INSERT INTO `sys_role_menu` VALUES ('2', '1033');
INSERT INTO `sys_role_menu` VALUES ('2', '1034');
INSERT INTO `sys_role_menu` VALUES ('2', '1035');
INSERT INTO `sys_role_menu` VALUES ('2', '1036');
INSERT INTO `sys_role_menu` VALUES ('2', '1037');
INSERT INTO `sys_role_menu` VALUES ('2', '1038');
INSERT INTO `sys_role_menu` VALUES ('2', '1039');
INSERT INTO `sys_role_menu` VALUES ('2', '1040');
INSERT INTO `sys_role_menu` VALUES ('2', '1041');
INSERT INTO `sys_role_menu` VALUES ('2', '1042');
INSERT INTO `sys_role_menu` VALUES ('2', '1043');
INSERT INTO `sys_role_menu` VALUES ('2', '1044');
INSERT INTO `sys_role_menu` VALUES ('2', '1045');
INSERT INTO `sys_role_menu` VALUES ('2', '1046');
INSERT INTO `sys_role_menu` VALUES ('2', '1047');
INSERT INTO `sys_role_menu` VALUES ('2', '1048');
INSERT INTO `sys_role_menu` VALUES ('2', '1049');
INSERT INTO `sys_role_menu` VALUES ('2', '1050');
INSERT INTO `sys_role_menu` VALUES ('2', '1051');
INSERT INTO `sys_role_menu` VALUES ('2', '1052');
INSERT INTO `sys_role_menu` VALUES ('2', '1053');
INSERT INTO `sys_role_menu` VALUES ('2', '1054');
INSERT INTO `sys_role_menu` VALUES ('2', '1055');
INSERT INTO `sys_role_menu` VALUES ('2', '1056');
INSERT INTO `sys_role_menu` VALUES ('2', '1057');
INSERT INTO `sys_role_menu` VALUES ('2', '1058');
INSERT INTO `sys_role_menu` VALUES ('2', '1059');
INSERT INTO `sys_role_menu` VALUES ('2', '1060');
INSERT INTO `sys_role_menu` VALUES ('100', '2060');
INSERT INTO `sys_role_menu` VALUES ('100', '2061');
INSERT INTO `sys_role_menu` VALUES ('100', '2062');
INSERT INTO `sys_role_menu` VALUES ('100', '2063');

-- ----------------------------
-- Table structure for sys_user
-- ----------------------------
DROP TABLE IF EXISTS `sys_user`;
CREATE TABLE `sys_user` (
  `user_id` bigint(20) NOT NULL AUTO_INCREMENT COMMENT '用户ID',
  `dept_id` bigint(20) DEFAULT NULL COMMENT '部门ID',
  `login_name` varchar(30) NOT NULL COMMENT '登录账号',
  `user_name` varchar(30) NOT NULL COMMENT '用户昵称',
  `user_type` varchar(2) DEFAULT '00' COMMENT '用户类型（00系统用户）',
  `email` varchar(50) DEFAULT '' COMMENT '用户邮箱',
  `phonenumber` varchar(11) DEFAULT '' COMMENT '手机号码',
  `sex` char(1) DEFAULT '0' COMMENT '用户性别（0男 1女 2未知）',
  `avatar` varchar(100) DEFAULT '' COMMENT '头像路径',
  `password` varchar(50) DEFAULT '' COMMENT '密码',
  `salt` varchar(20) DEFAULT '' COMMENT '盐加密',
  `status` char(1) DEFAULT '0' COMMENT '帐号状态（0正常 1停用）',
  `del_flag` char(1) DEFAULT '0' COMMENT '删除标志（0代表存在 2代表删除）',
  `login_ip` varchar(50) DEFAULT '' COMMENT '最后登陆IP',
  `login_date` datetime DEFAULT NULL COMMENT '最后登陆时间',
  `create_by` varchar(64) DEFAULT '' COMMENT '创建者',
  `create_time` datetime DEFAULT NULL COMMENT '创建时间',
  `update_by` varchar(64) DEFAULT '' COMMENT '更新者',
  `update_time` datetime DEFAULT NULL COMMENT '更新时间',
  `remark` varchar(500) DEFAULT NULL COMMENT '备注',
  PRIMARY KEY (`user_id`)
) ENGINE=InnoDB AUTO_INCREMENT=101 DEFAULT CHARSET=utf8 COMMENT='用户信息表';

-- ----------------------------
-- Records of sys_user
-- ----------------------------
INSERT INTO `sys_user` VALUES ('1', '103', 'admin', '超级管理员', '00', 'jack.lin@163.com', '15888888888', '1', '', 'a086948ec9f9f405915a891ff688080d', '726aa9', '0', '0', '192.168.0.225', '2019-09-09 18:52:23', 'sadmin', '2018-03-16 11:33:00', 'admin', '2019-09-09 18:52:24', '管理员');
INSERT INTO `sys_user` VALUES ('2', '105', 'jk', 'Jack.Lin', '00', 'jack.lin@qq.com', '15666666666', '1', '', '29c67a30398638269fe600f73a054934', '222222', '0', '0', '127.0.0.1', '2018-03-16 11:33:00', 'sadmin', '2018-03-16 11:33:00', 'admin', '2018-03-16 11:33:00', '测试员');
INSERT INTO `sys_user` VALUES ('3', '103', 'sadmin', '管理员', '00', 'jack.lin1@163.com', '15888888887', '1', '', '29c67a30398638269fe600f73a054934', '111111', '0', '2', '127.0.0.1', '2019-09-09 18:08:05', 'sadmin', '2018-03-16 11:33:00', 'admin', '2019-09-09 18:08:27', '管理员');
INSERT INTO `sys_user` VALUES ('100', '103', 'xadmin', '管理员', '00', '13888888888@163.com', '13888888888', '0', '', '082a3fd4cec21f9f76258beffbd68156', '5eef96', '0', '0', '192.168.0.148', '2019-09-09 18:34:15', 'admin', '2019-09-09 18:16:20', 'admin', '2019-09-09 18:34:15', '');

-- ----------------------------
-- Table structure for sys_user_online
-- ----------------------------
DROP TABLE IF EXISTS `sys_user_online`;
CREATE TABLE `sys_user_online` (
  `sessionId` varchar(50) NOT NULL DEFAULT '' COMMENT '用户会话id',
  `login_name` varchar(50) DEFAULT '' COMMENT '登录账号',
  `dept_name` varchar(50) DEFAULT '' COMMENT '部门名称',
  `ipaddr` varchar(50) DEFAULT '' COMMENT '登录IP地址',
  `login_location` varchar(255) DEFAULT '' COMMENT '登录地点',
  `browser` varchar(50) DEFAULT '' COMMENT '浏览器类型',
  `os` varchar(50) DEFAULT '' COMMENT '操作系统',
  `status` varchar(10) DEFAULT '' COMMENT '在线状态on_line在线off_line离线',
  `start_timestamp` datetime DEFAULT NULL COMMENT 'session创建时间',
  `last_access_time` datetime DEFAULT NULL COMMENT 'session最后访问时间',
  `expire_time` int(5) DEFAULT '0' COMMENT '超时时间，单位为分钟',
  PRIMARY KEY (`sessionId`)
) ENGINE=InnoDB DEFAULT CHARSET=utf8 COMMENT='在线用户记录';

-- ----------------------------
-- Records of sys_user_online
-- ----------------------------
INSERT INTO `sys_user_online` VALUES ('657d3657-2921-4869-ab00-4d13c773309d', 'admin', '研发部门', '127.0.0.1', '内网IP', 'Chrome', 'Windows 10', 'on_line', '2019-09-09 18:30:39', '2019-09-09 18:34:08', '1800000');
INSERT INTO `sys_user_online` VALUES ('c0781896-8bc8-4bb9-ab4d-1224d5d3662e', 'admin', '研发部门', '192.168.0.148', '内网IP', 'Chrome', 'Windows 10', 'on_line', '2019-09-09 18:22:44', '2019-09-09 18:59:18', '1800000');
INSERT INTO `sys_user_online` VALUES ('d07cc2a1-c420-479e-95e8-68ade13da087', 'admin', '研发部门', '192.168.0.225', '内网IP', 'Chrome', 'Windows 10', 'on_line', '2019-09-09 18:51:52', '2019-09-09 18:54:02', '1800000');
INSERT INTO `sys_user_online` VALUES ('ed87eff4-d60c-4271-82f9-48a77d8082f2', 'admin', '研发部门', '127.0.0.1', '内网IP', 'Chrome', 'Windows 10', 'on_line', '2019-09-09 18:38:20', '2019-09-09 18:40:18', '1800000');
INSERT INTO `sys_user_online` VALUES ('fb48fe44-4ee9-4523-9b1d-349aa28f4c1a', 'admin', '研发部门', '192.168.0.103', '内网IP', 'Chrome', 'Windows 10', 'on_line', '2019-09-09 18:48:47', '2019-09-09 18:49:09', '1800000');

-- ----------------------------
-- Table structure for sys_user_post
-- ----------------------------
DROP TABLE IF EXISTS `sys_user_post`;
CREATE TABLE `sys_user_post` (
  `user_id` bigint(20) NOT NULL COMMENT '用户ID',
  `post_id` bigint(20) NOT NULL COMMENT '岗位ID',
  PRIMARY KEY (`user_id`,`post_id`)
) ENGINE=InnoDB DEFAULT CHARSET=utf8 COMMENT='用户与岗位关联表';

-- ----------------------------
-- Records of sys_user_post
-- ----------------------------
INSERT INTO `sys_user_post` VALUES ('1', '1');
INSERT INTO `sys_user_post` VALUES ('2', '2');
INSERT INTO `sys_user_post` VALUES ('100', '1');

-- ----------------------------
-- Table structure for sys_user_role
-- ----------------------------
DROP TABLE IF EXISTS `sys_user_role`;
CREATE TABLE `sys_user_role` (
  `user_id` bigint(20) NOT NULL COMMENT '用户ID',
  `role_id` bigint(20) NOT NULL COMMENT '角色ID',
  PRIMARY KEY (`user_id`,`role_id`)
) ENGINE=InnoDB DEFAULT CHARSET=utf8 COMMENT='用户和角色关联表';

-- ----------------------------
-- Records of sys_user_role
-- ----------------------------
INSERT INTO `sys_user_role` VALUES ('1', '1');
INSERT INTO `sys_user_role` VALUES ('2', '2');
INSERT INTO `sys_user_role` VALUES ('100', '1');
INSERT INTO `sys_user_role` VALUES ('100', '100');
